id_variable,fecha,valor,descripcion,categoria,tipo_serie,periodicidad,unidad_expresion,moneda
1225,2003-01-02,700.0,Adelantos transitorios del BCRA al Gobierno Nacional,Informe Monetario Diario,Saldos,D,En millones de ARS,ML
1225,2003-01-03,700.0,Adelantos transitorios del BCRA al Gobierno Nacional,Informe Monetario Diario,Saldos,D,En millones de ARS,ML
1225,2003-01-06,700.0,Adelantos transitorios del BCRA al Gobierno Nacional,Informe Monetario Diario,Saldos,D,En millones de ARS,ML
1225,2003-01-07,700.0,Adelantos transitorios del BCRA al Gobierno Nacional,Informe Monetario Diario,Saldos,D,En millones de ARS,ML
1225,2003-01-08,700.0,Adelantos transitorios del BCRA al Gobierno Nacional,Informe Monetario Diario,Saldos,D,En millones de ARS,ML
1225,2003-01-09,700.0,Adelantos transitorios del BCRA al Gobierno Nacional,Informe Monetario Diario,Saldos,D,En millones de ARS,ML
1225,2003-01-10,700.0,Adelantos transitorios del BCRA al Gobierno Nacional,Informe Monetario Diario,Saldos,D,En millones de ARS,ML
1225,2003-01-13,700.0,Adelantos transitorios del BCRA al Gobierno Nacional,Informe Monetario Diario,Saldos,D,En millones de ARS,ML
1225,2003-01-14,753.09,Adelantos transitorios del BCRA al Gobierno Nacional,Informe Monetario Diario,Saldos,D,En millones de ARS,ML
1225,2003-01-15,753.35,Adelantos transitorios del BCRA al Gobierno Nacional,Informe Monetario Diario,Saldos,D,En millones de ARS,ML
1225,2003-01-16,753.35,Adelantos transitorios del BCRA al Gobierno Nacional,Informe Monetario Diario,Saldos,D,En millones de ARS,ML
1225,2003-01-17,753.35,Adelantos transitorios del BCRA al Gobierno Nacional,Informe Monetario Diario,Saldos,D,En millones de ARS,ML
1225,2003-01-20,753.35,Adelantos transitorios del BCRA al Gobierno Nacional,Informe Monetario Diario,Saldos,D,En millones de ARS,ML
1225,2003-01-21,753.35,Adelantos transitorios del BCRA al Gobierno Nacional,Informe Monetario Diario,Saldos,D,En millones de ARS,ML
1225,2003-01-22,753.35,Adelantos transitorios del BCRA al Gobierno Nacional,Informe Monetario Diario,Saldos,D,En millones de ARS,ML
1225,2003-01-23,4370.0,Adelantos transitorios del BCRA al Gobierno Nacional,Informe Monetario Diario,Saldos,D,En millones de ARS,ML
1225,2003-01-24,4370.0,Adelantos transitorios del BCRA al Gobierno Nacional,Informe Monetario Diario,Saldos,D,En millones de ARS,ML
1225,2003-01-27,4370.0,Adelantos transitorios del BCRA al Gobierno Nacional,Informe Monetario Diario,Saldos,D,En millones de ARS,ML
1225,2003-01-28,4370.0,Adelantos transitorios del BCRA al Gobierno Nacional,Informe Monetario Diario,Saldos,D,En millones de ARS,ML
1225,2003-01-29,4370.0,Adelantos transitorios del BCRA al Gobierno Nacional,Informe Monetario Diario,Saldos,D,En millones de ARS,ML
1225,2003-01-30,4370.0,Adelantos transitorios del BCRA al Gobierno Nacional,Informe Monetario Diario,Saldos,D,En millones de ARS,ML
1225,2003-01-31,4370.0,Adelantos transitorios del BCRA al Gobierno Nacional,Informe Monetario Diario,Saldos,D,En millones de ARS,ML
1225,2003-02-03,4490.0,Adelantos transitorios del BCRA al Gobierno Nacional,Informe Monetario Diario,Saldos,D,En millones de ARS,ML
1225,2003-02-04,4490.0,Adelantos transitorios del BCRA al Gobierno Nacional,Informe Monetario Diario,Saldos,D,En millones de ARS,ML
1225,2003-02-05,4490.0,Adelantos transitorios del BCRA al Gobierno Nacional,Informe Monetario Diario,Saldos,D,En millones de ARS,ML
1225,2003-02-06,4490.0,Adelantos transitorios del BCRA al Gobierno Nacional,Informe Monetario Diario,Saldos,D,En millones de ARS,ML
1225,2003-02-07,4490.0,Adelantos transitorios del BCRA al Gobierno Nacional,Informe Monetario Diario,Saldos,D,En millones de ARS,ML
1225,2003-02-10,4490.0,Adelantos transitorios del BCRA al Gobierno Nacional,Informe Monetario Diario,Saldos,D,En millones de ARS,ML
1225,2003-02-11,4490.0,Adelantos transitorios del BCRA al Gobierno Nacional,Informe Monetario Diario,Saldos,D,En millones de ARS,ML
1225,2003-02-12,4490.0,Adelantos transitorios del BCRA al Gobierno Nacional,Informe Monetario Diario,Saldos,D,En millones de ARS,ML
1225,2003-02-13,4490.0,Adelantos transitorios del BCRA al Gobierno Nacional,Informe Monetario Diario,Saldos,D,En millones de ARS,ML
1225,2003-02-14,4490.0,Adelantos transitorios del BCRA al Gobierno Nacional,Informe Monetario Diario,Saldos,D,En millones de ARS,ML
1225,2003-02-17,4490.0,Adelantos transitorios del BCRA al Gobierno Nacional,Informe Monetario Diario,Saldos,D,En millones de ARS,ML
1225,2003-02-18,4490.0,Adelantos transitorios del BCRA al Gobierno Nacional,Informe Monetario Diario,Saldos,D,En millones de ARS,ML
1225,2003-02-19,4490.0,Adelantos transitorios del BCRA al Gobierno Nacional,Informe Monetario Diario,Saldos,D,En millones de ARS,ML
1225,2003-02-20,4490.0,Adelantos transitorios del BCRA al Gobierno Nacional,Informe Monetario Diario,Saldos,D,En millones de ARS,ML
1225,2003-02-21,4490.0,Adelantos transitorios del BCRA al Gobierno Nacional,Informe Monetario Diario,Saldos,D,En millones de ARS,ML
1225,2003-02-24,4490.0,Adelantos transitorios del BCRA al Gobierno Nacional,Informe Monetario Diario,Saldos,D,En millones de ARS,ML
1225,2003-02-25,4490.0,Adelantos transitorios del BCRA al Gobierno Nacional,Informe Monetario Diario,Saldos,D,En millones de ARS,ML
1225,2003-02-26,4490.0,Adelantos transitorios del BCRA al Gobierno Nacional,Informe Monetario Diario,Saldos,D,En millones de ARS,ML
1225,2003-02-27,4490.0,Adelantos transitorios del BCRA al Gobierno Nacional,Informe Monetario Diario,Saldos,D,En millones de ARS,ML
1225,2003-02-28,3490.0,Adelantos transitorios del BCRA al Gobierno Nacional,Informe Monetario Diario,Saldos,D,En millones de ARS,ML
1225,2003-03-03,3490.0,Adelantos transitorios del BCRA al Gobierno Nacional,Informe Monetario Diario,Saldos,D,En millones de ARS,ML
1225,2003-03-04,3490.0,Adelantos transitorios del BCRA al Gobierno Nacional,Informe Monetario Diario,Saldos,D,En millones de ARS,ML
1225,2003-03-05,3490.0,Adelantos transitorios del BCRA al Gobierno Nacional,Informe Monetario Diario,Saldos,D,En millones de ARS,ML
1225,2003-03-06,3490.0,Adelantos transitorios del BCRA al Gobierno Nacional,Informe Monetario Diario,Saldos,D,En millones de ARS,ML
1225,2003-03-07,3490.0,Adelantos transitorios del BCRA al Gobierno Nacional,Informe Monetario Diario,Saldos,D,En millones de ARS,ML
1225,2003-03-10,3490.0,Adelantos transitorios del BCRA al Gobierno Nacional,Informe Monetario Diario,Saldos,D,En millones de ARS,ML
1225,2003-03-11,3490.0,Adelantos transitorios del BCRA al Gobierno Nacional,Informe Monetario Diario,Saldos,D,En millones de ARS,ML
1225,2003-03-12,3490.0,Adelantos transitorios del BCRA al Gobierno Nacional,Informe Monetario Diario,Saldos,D,En millones de ARS,ML
1225,2003-03-13,3490.0,Adelantos transitorios del BCRA al Gobierno Nacional,Informe Monetario Diario,Saldos,D,En millones de ARS,ML
1225,2003-03-14,3490.0,Adelantos transitorios del BCRA al Gobierno Nacional,Informe Monetario Diario,Saldos,D,En millones de ARS,ML
1225,2003-03-17,3490.0,Adelantos transitorios del BCRA al Gobierno Nacional,Informe Monetario Diario,Saldos,D,En millones de ARS,ML
1225,2003-03-18,3490.0,Adelantos transitorios del BCRA al Gobierno Nacional,Informe Monetario Diario,Saldos,D,En millones de ARS,ML
1225,2003-03-19,3490.0,Adelantos transitorios del BCRA al Gobierno Nacional,Informe Monetario Diario,Saldos,D,En millones de ARS,ML
1225,2003-03-20,3490.0,Adelantos transitorios del BCRA al Gobierno Nacional,Informe Monetario Diario,Saldos,D,En millones de ARS,ML
1225,2003-03-21,3490.0,Adelantos transitorios del BCRA al Gobierno Nacional,Informe Monetario Diario,Saldos,D,En millones de ARS,ML
1225,2003-03-24,3490.0,Adelantos transitorios del BCRA al Gobierno Nacional,Informe Monetario Diario,Saldos,D,En millones de ARS,ML
1225,2003-03-25,3490.0,Adelantos transitorios del BCRA al Gobierno Nacional,Informe Monetario Diario,Saldos,D,En millones de ARS,ML
1225,2003-03-26,3490.0,Adelantos transitorios del BCRA al Gobierno Nacional,Informe Monetario Diario,Saldos,D,En millones de ARS,ML
1225,2003-03-27,3490.0,Adelantos transitorios del BCRA al Gobierno Nacional,Informe Monetario Diario,Saldos,D,En millones de ARS,ML
1225,2003-03-28,2878.0,Adelantos transitorios del BCRA al Gobierno Nacional,Informe Monetario Diario,Saldos,D,En millones de ARS,ML
1225,2003-04-01,2878.0,Adelantos transitorios del BCRA al Gobierno Nacional,Informe Monetario Diario,Saldos,D,En millones de ARS,ML
1225,2003-04-02,2878.0,Adelantos transitorios del BCRA al Gobierno Nacional,Informe Monetario Diario,Saldos,D,En millones de ARS,ML
1225,2003-04-03,2878.0,Adelantos transitorios del BCRA al Gobierno Nacional,Informe Monetario Diario,Saldos,D,En millones de ARS,ML
1225,2003-04-04,2878.0,Adelantos transitorios del BCRA al Gobierno Nacional,Informe Monetario Diario,Saldos,D,En millones de ARS,ML
1225,2003-04-07,2878.0,Adelantos transitorios del BCRA al Gobierno Nacional,Informe Monetario Diario,Saldos,D,En millones de ARS,ML
1225,2003-04-08,2878.0,Adelantos transitorios del BCRA al Gobierno Nacional,Informe Monetario Diario,Saldos,D,En millones de ARS,ML
1225,2003-04-09,2878.0,Adelantos transitorios del BCRA al Gobierno Nacional,Informe Monetario Diario,Saldos,D,En millones de ARS,ML
1225,2003-04-10,2878.0,Adelantos transitorios del BCRA al Gobierno Nacional,Informe Monetario Diario,Saldos,D,En millones de ARS,ML
1225,2003-04-11,2878.0,Adelantos transitorios del BCRA al Gobierno Nacional,Informe Monetario Diario,Saldos,D,En millones de ARS,ML
1225,2003-04-14,2878.0,Adelantos transitorios del BCRA al Gobierno Nacional,Informe Monetario Diario,Saldos,D,En millones de ARS,ML
1225,2003-04-15,2878.0,Adelantos transitorios del BCRA al Gobierno Nacional,Informe Monetario Diario,Saldos,D,En millones de ARS,ML
1225,2003-04-16,2878.0,Adelantos transitorios del BCRA al Gobierno Nacional,Informe Monetario Diario,Saldos,D,En millones de ARS,ML
1225,2003-04-21,2878.0,Adelantos transitorios del BCRA al Gobierno Nacional,Informe Monetario Diario,Saldos,D,En millones de ARS,ML
1225,2003-04-22,2878.0,Adelantos transitorios del BCRA al Gobierno Nacional,Informe Monetario Diario,Saldos,D,En millones de ARS,ML
1225,2003-04-23,2878.0,Adelantos transitorios del BCRA al Gobierno Nacional,Informe Monetario Diario,Saldos,D,En millones de ARS,ML
1225,2003-04-24,2878.0,Adelantos transitorios del BCRA al Gobierno Nacional,Informe Monetario Diario,Saldos,D,En millones de ARS,ML
1225,2003-04-25,2878.0,Adelantos transitorios del BCRA al Gobierno Nacional,Informe Monetario Diario,Saldos,D,En millones de ARS,ML
1225,2003-04-28,2878.0,Adelantos transitorios del BCRA al Gobierno Nacional,Informe Monetario Diario,Saldos,D,En millones de ARS,ML
1225,2003-04-29,2878.0,Adelantos transitorios del BCRA al Gobierno Nacional,Informe Monetario Diario,Saldos,D,En millones de ARS,ML
1225,2003-04-30,2778.0,Adelantos transitorios del BCRA al Gobierno Nacional,Informe Monetario Diario,Saldos,D,En millones de ARS,ML
1225,2003-05-02,2778.0,Adelantos transitorios del BCRA al Gobierno Nacional,Informe Monetario Diario,Saldos,D,En millones de ARS,ML
1225,2003-05-05,2778.0,Adelantos transitorios del BCRA al Gobierno Nacional,Informe Monetario Diario,Saldos,D,En millones de ARS,ML
1225,2003-05-06,3478.0,Adelantos transitorios del BCRA al Gobierno Nacional,Informe Monetario Diario,Saldos,D,En millones de ARS,ML
1225,2003-05-07,3478.0,Adelantos transitorios del BCRA al Gobierno Nacional,Informe Monetario Diario,Saldos,D,En millones de ARS,ML
1225,2003-05-08,3478.0,Adelantos transitorios del BCRA al Gobierno Nacional,Informe Monetario Diario,Saldos,D,En millones de ARS,ML
1225,2003-05-09,3478.0,Adelantos transitorios del BCRA al Gobierno Nacional,Informe Monetario Diario,Saldos,D,En millones de ARS,ML
1225,2003-05-12,3478.0,Adelantos transitorios del BCRA al Gobierno Nacional,Informe Monetario Diario,Saldos,D,En millones de ARS,ML
1225,2003-05-13,3478.0,Adelantos transitorios del BCRA al Gobierno Nacional,Informe Monetario Diario,Saldos,D,En millones de ARS,ML
1225,2003-05-14,4678.0,Adelantos transitorios del BCRA al Gobierno Nacional,Informe Monetario Diario,Saldos,D,En millones de ARS,ML
1225,2003-05-15,4678.0,Adelantos transitorios del BCRA al Gobierno Nacional,Informe Monetario Diario,Saldos,D,En millones de ARS,ML
1225,2003-05-16,4678.0,Adelantos transitorios del BCRA al Gobierno Nacional,Informe Monetario Diario,Saldos,D,En millones de ARS,ML
1225,2003-05-19,4678.0,Adelantos transitorios del BCRA al Gobierno Nacional,Informe Monetario Diario,Saldos,D,En millones de ARS,ML
1225,2003-05-20,4678.0,Adelantos transitorios del BCRA al Gobierno Nacional,Informe Monetario Diario,Saldos,D,En millones de ARS,ML
1225,2003-05-21,4678.0,Adelantos transitorios del BCRA al Gobierno Nacional,Informe Monetario Diario,Saldos,D,En millones de ARS,ML
1225,2003-05-22,4678.0,Adelantos transitorios del BCRA al Gobierno Nacional,Informe Monetario Diario,Saldos,D,En millones de ARS,ML
1225,2003-05-23,4678.0,Adelantos transitorios del BCRA al Gobierno Nacional,Informe Monetario Diario,Saldos,D,En millones de ARS,ML
1225,2003-05-26,4678.0,Adelantos transitorios del BCRA al Gobierno Nacional,Informe Monetario Diario,Saldos,D,En millones de ARS,ML
1225,2003-05-27,4878.0,Adelantos transitorios del BCRA al Gobierno Nacional,Informe Monetario Diario,Saldos,D,En millones de ARS,ML
1225,2003-05-28,4878.0,Adelantos transitorios del BCRA al Gobierno Nacional,Informe Monetario Diario,Saldos,D,En millones de ARS,ML
1225,2003-05-29,4878.0,Adelantos transitorios del BCRA al Gobierno Nacional,Informe Monetario Diario,Saldos,D,En millones de ARS,ML
1225,2003-05-30,4878.0,Adelantos transitorios del BCRA al Gobierno Nacional,Informe Monetario Diario,Saldos,D,En millones de ARS,ML
1225,2003-06-02,4878.0,Adelantos transitorios del BCRA al Gobierno Nacional,Informe Monetario Diario,Saldos,D,En millones de ARS,ML
1225,2003-06-03,4878.0,Adelantos transitorios del BCRA al Gobierno Nacional,Informe Monetario Diario,Saldos,D,En millones de ARS,ML
1225,2003-06-04,4878.0,Adelantos transitorios del BCRA al Gobierno Nacional,Informe Monetario Diario,Saldos,D,En millones de ARS,ML
1225,2003-06-05,4878.0,Adelantos transitorios del BCRA al Gobierno Nacional,Informe Monetario Diario,Saldos,D,En millones de ARS,ML
1225,2003-06-06,4878.0,Adelantos transitorios del BCRA al Gobierno Nacional,Informe Monetario Diario,Saldos,D,En millones de ARS,ML
1225,2003-06-09,4878.0,Adelantos transitorios del BCRA al Gobierno Nacional,Informe Monetario Diario,Saldos,D,En millones de ARS,ML
1225,2003-06-10,4878.0,Adelantos transitorios del BCRA al Gobierno Nacional,Informe Monetario Diario,Saldos,D,En millones de ARS,ML
1225,2003-06-11,4878.0,Adelantos transitorios del BCRA al Gobierno Nacional,Informe Monetario Diario,Saldos,D,En millones de ARS,ML
1225,2003-06-12,4878.0,Adelantos transitorios del BCRA al Gobierno Nacional,Informe Monetario Diario,Saldos,D,En millones de ARS,ML
1225,2003-06-13,5178.0,Adelantos transitorios del BCRA al Gobierno Nacional,Informe Monetario Diario,Saldos,D,En millones de ARS,ML
1225,2003-06-17,5178.0,Adelantos transitorios del BCRA al Gobierno Nacional,Informe Monetario Diario,Saldos,D,En millones de ARS,ML
1225,2003-06-18,5178.0,Adelantos transitorios del BCRA al Gobierno Nacional,Informe Monetario Diario,Saldos,D,En millones de ARS,ML
1225,2003-06-19,5178.0,Adelantos transitorios del BCRA al Gobierno Nacional,Informe Monetario Diario,Saldos,D,En millones de ARS,ML
1225,2003-06-20,5178.0,Adelantos transitorios del BCRA al Gobierno Nacional,Informe Monetario Diario,Saldos,D,En millones de ARS,ML
1225,2003-06-23,5178.0,Adelantos transitorios del BCRA al Gobierno Nacional,Informe Monetario Diario,Saldos,D,En millones de ARS,ML
1225,2003-06-24,5178.0,Adelantos transitorios del BCRA al Gobierno Nacional,Informe Monetario Diario,Saldos,D,En millones de ARS,ML
1225,2003-06-25,5178.0,Adelantos transitorios del BCRA al Gobierno Nacional,Informe Monetario Diario,Saldos,D,En millones de ARS,ML
1225,2003-06-26,5177.999,Adelantos transitorios del BCRA al Gobierno Nacional,Informe Monetario Diario,Saldos,D,En millones de ARS,ML
1225,2003-06-27,5177.999,Adelantos transitorios del BCRA al Gobierno Nacional,Informe Monetario Diario,Saldos,D,En millones de ARS,ML
1225,2003-06-30,5177.999,Adelantos transitorios del BCRA al Gobierno Nacional,Informe Monetario Diario,Saldos,D,En millones de ARS,ML
1225,2003-07-01,5177.999,Adelantos transitorios del BCRA al Gobierno Nacional,Informe Monetario Diario,Saldos,D,En millones de ARS,ML
1225,2003-07-02,5177.999,Adelantos transitorios del BCRA al Gobierno Nacional,Informe Monetario Diario,Saldos,D,En millones de ARS,ML
1225,2003-07-03,5177.999,Adelantos transitorios del BCRA al Gobierno Nacional,Informe Monetario Diario,Saldos,D,En millones de ARS,ML
1225,2003-07-04,5177.999,Adelantos transitorios del BCRA al Gobierno Nacional,Informe Monetario Diario,Saldos,D,En millones de ARS,ML
1225,2003-07-07,5177.999,Adelantos transitorios del BCRA al Gobierno Nacional,Informe Monetario Diario,Saldos,D,En millones de ARS,ML
1225,2003-07-08,5177.999,Adelantos transitorios del BCRA al Gobierno Nacional,Informe Monetario Diario,Saldos,D,En millones de ARS,ML
1225,2003-07-10,5177.999,Adelantos transitorios del BCRA al Gobierno Nacional,Informe Monetario Diario,Saldos,D,En millones de ARS,ML
1225,2003-07-11,5177.999,Adelantos transitorios del BCRA al Gobierno Nacional,Informe Monetario Diario,Saldos,D,En millones de ARS,ML
1225,2003-07-14,5177.999,Adelantos transitorios del BCRA al Gobierno Nacional,Informe Monetario Diario,Saldos,D,En millones de ARS,ML
1225,2003-07-15,5177.999,Adelantos transitorios del BCRA al Gobierno Nacional,Informe Monetario Diario,Saldos,D,En millones de ARS,ML
1225,2003-07-16,5177.999,Adelantos transitorios del BCRA al Gobierno Nacional,Informe Monetario Diario,Saldos,D,En millones de ARS,ML
1225,2003-07-17,5357.999,Adelantos transitorios del BCRA al Gobierno Nacional,Informe Monetario Diario,Saldos,D,En millones de ARS,ML
1225,2003-07-18,5357.999,Adelantos transitorios del BCRA al Gobierno Nacional,Informe Monetario Diario,Saldos,D,En millones de ARS,ML
1225,2003-07-21,5357.999,Adelantos transitorios del BCRA al Gobierno Nacional,Informe Monetario Diario,Saldos,D,En millones de ARS,ML
1225,2003-07-22,5357.999,Adelantos transitorios del BCRA al Gobierno Nacional,Informe Monetario Diario,Saldos,D,En millones de ARS,ML
1225,2003-07-23,5357.999,Adelantos transitorios del BCRA al Gobierno Nacional,Informe Monetario Diario,Saldos,D,En millones de ARS,ML
1225,2003-07-24,5357.999,Adelantos transitorios del BCRA al Gobierno Nacional,Informe Monetario Diario,Saldos,D,En millones de ARS,ML
1225,2003-07-25,5357.999,Adelantos transitorios del BCRA al Gobierno Nacional,Informe Monetario Diario,Saldos,D,En millones de ARS,ML
1225,2003-07-28,5357.999,Adelantos transitorios del BCRA al Gobierno Nacional,Informe Monetario Diario,Saldos,D,En millones de ARS,ML
1225,2003-07-29,5357.999,Adelantos transitorios del BCRA al Gobierno Nacional,Informe Monetario Diario,Saldos,D,En millones de ARS,ML
1225,2003-07-30,5357.999,Adelantos transitorios del BCRA al Gobierno Nacional,Informe Monetario Diario,Saldos,D,En millones de ARS,ML
1225,2003-07-31,5357.999,Adelantos transitorios del BCRA al Gobierno Nacional,Informe Monetario Diario,Saldos,D,En millones de ARS,ML
1225,2003-08-01,5357.999,Adelantos transitorios del BCRA al Gobierno Nacional,Informe Monetario Diario,Saldos,D,En millones de ARS,ML
1225,2003-08-04,5357.999,Adelantos transitorios del BCRA al Gobierno Nacional,Informe Monetario Diario,Saldos,D,En millones de ARS,ML
1225,2003-08-05,5357.999,Adelantos transitorios del BCRA al Gobierno Nacional,Informe Monetario Diario,Saldos,D,En millones de ARS,ML
1225,2003-08-06,5357.999,Adelantos transitorios del BCRA al Gobierno Nacional,Informe Monetario Diario,Saldos,D,En millones de ARS,ML
1225,2003-08-07,5357.999,Adelantos transitorios del BCRA al Gobierno Nacional,Informe Monetario Diario,Saldos,D,En millones de ARS,ML
1225,2003-08-08,5357.999,Adelantos transitorios del BCRA al Gobierno Nacional,Informe Monetario Diario,Saldos,D,En millones de ARS,ML
1225,2003-08-11,5357.999,Adelantos transitorios del BCRA al Gobierno Nacional,Informe Monetario Diario,Saldos,D,En millones de ARS,ML
1225,2003-08-12,5357.999,Adelantos transitorios del BCRA al Gobierno Nacional,Informe Monetario Diario,Saldos,D,En millones de ARS,ML
1225,2003-08-13,5357.999,Adelantos transitorios del BCRA al Gobierno Nacional,Informe Monetario Diario,Saldos,D,En millones de ARS,ML
1225,2003-08-14,5357.999,Adelantos transitorios del BCRA al Gobierno Nacional,Informe Monetario Diario,Saldos,D,En millones de ARS,ML
1225,2003-08-15,5357.999,Adelantos transitorios del BCRA al Gobierno Nacional,Informe Monetario Diario,Saldos,D,En millones de ARS,ML
1225,2003-08-19,5357.999,Adelantos transitorios del BCRA al Gobierno Nacional,Informe Monetario Diario,Saldos,D,En millones de ARS,ML
1225,2003-08-20,5357.999,Adelantos transitorios del BCRA al Gobierno Nacional,Informe Monetario Diario,Saldos,D,En millones de ARS,ML
1225,2003-08-21,5357.999,Adelantos transitorios del BCRA al Gobierno Nacional,Informe Monetario Diario,Saldos,D,En millones de ARS,ML
1225,2003-08-22,5357.999,Adelantos transitorios del BCRA al Gobierno Nacional,Informe Monetario Diario,Saldos,D,En millones de ARS,ML
1225,2003-08-25,5357.999,Adelantos transitorios del BCRA al Gobierno Nacional,Informe Monetario Diario,Saldos,D,En millones de ARS,ML
1225,2003-08-26,5357.999,Adelantos transitorios del BCRA al Gobierno Nacional,Informe Monetario Diario,Saldos,D,En millones de ARS,ML
1225,2003-08-27,5357.999,Adelantos transitorios del BCRA al Gobierno Nacional,Informe Monetario Diario,Saldos,D,En millones de ARS,ML
1225,2003-08-28,5357.999,Adelantos transitorios del BCRA al Gobierno Nacional,Informe Monetario Diario,Saldos,D,En millones de ARS,ML
1225,2003-08-29,5358.0,Adelantos transitorios del BCRA al Gobierno Nacional,Informe Monetario Diario,Saldos,D,En millones de ARS,ML
1225,2003-09-01,5358.0,Adelantos transitorios del BCRA al Gobierno Nacional,Informe Monetario Diario,Saldos,D,En millones de ARS,ML
1225,2003-09-02,5358.0,Adelantos transitorios del BCRA al Gobierno Nacional,Informe Monetario Diario,Saldos,D,En millones de ARS,ML
1225,2003-09-03,5358.0,Adelantos transitorios del BCRA al Gobierno Nacional,Informe Monetario Diario,Saldos,D,En millones de ARS,ML
1225,2003-09-04,5358.0,Adelantos transitorios del BCRA al Gobierno Nacional,Informe Monetario Diario,Saldos,D,En millones de ARS,ML
1225,2003-09-05,5358.0,Adelantos transitorios del BCRA al Gobierno Nacional,Informe Monetario Diario,Saldos,D,En millones de ARS,ML
1225,2003-09-08,5358.0,Adelantos transitorios del BCRA al Gobierno Nacional,Informe Monetario Diario,Saldos,D,En millones de ARS,ML
1225,2003-09-09,5358.0,Adelantos transitorios del BCRA al Gobierno Nacional,Informe Monetario Diario,Saldos,D,En millones de ARS,ML
1225,2003-09-10,5358.0,Adelantos transitorios del BCRA al Gobierno Nacional,Informe Monetario Diario,Saldos,D,En millones de ARS,ML
1225,2003-09-11,10358.0,Adelantos transitorios del BCRA al Gobierno Nacional,Informe Monetario Diario,Saldos,D,En millones de ARS,ML
1225,2003-09-12,10358.0,Adelantos transitorios del BCRA al Gobierno Nacional,Informe Monetario Diario,Saldos,D,En millones de ARS,ML
1225,2003-09-15,10358.0,Adelantos transitorios del BCRA al Gobierno Nacional,Informe Monetario Diario,Saldos,D,En millones de ARS,ML
1225,2003-09-16,10358.0,Adelantos transitorios del BCRA al Gobierno Nacional,Informe Monetario Diario,Saldos,D,En millones de ARS,ML
1225,2003-09-17,10358.0,Adelantos transitorios del BCRA al Gobierno Nacional,Informe Monetario Diario,Saldos,D,En millones de ARS,ML
1225,2003-09-18,10358.0,Adelantos transitorios del BCRA al Gobierno Nacional,Informe Monetario Diario,Saldos,D,En millones de ARS,ML
1225,2003-09-19,10433.0,Adelantos transitorios del BCRA al Gobierno Nacional,Informe Monetario Diario,Saldos,D,En millones de ARS,ML
1225,2003-09-22,10433.0,Adelantos transitorios del BCRA al Gobierno Nacional,Informe Monetario Diario,Saldos,D,En millones de ARS,ML
1225,2003-09-23,10433.0,Adelantos transitorios del BCRA al Gobierno Nacional,Informe Monetario Diario,Saldos,D,En millones de ARS,ML
1225,2003-09-24,10433.0,Adelantos transitorios del BCRA al Gobierno Nacional,Informe Monetario Diario,Saldos,D,En millones de ARS,ML
1225,2003-09-25,10433.0,Adelantos transitorios del BCRA al Gobierno Nacional,Informe Monetario Diario,Saldos,D,En millones de ARS,ML
1225,2003-09-26,10433.0,Adelantos transitorios del BCRA al Gobierno Nacional,Informe Monetario Diario,Saldos,D,En millones de ARS,ML
1225,2003-09-29,10433.0,Adelantos transitorios del BCRA al Gobierno Nacional,Informe Monetario Diario,Saldos,D,En millones de ARS,ML
1225,2003-09-30,5792.0,Adelantos transitorios del BCRA al Gobierno Nacional,Informe Monetario Diario,Saldos,D,En millones de ARS,ML
1225,2003-10-01,5792.0,Adelantos transitorios del BCRA al Gobierno Nacional,Informe Monetario Diario,Saldos,D,En millones de ARS,ML
1225,2003-10-02,5792.0,Adelantos transitorios del BCRA al Gobierno Nacional,Informe Monetario Diario,Saldos,D,En millones de ARS,ML
1225,2003-10-03,5792.0,Adelantos transitorios del BCRA al Gobierno Nacional,Informe Monetario Diario,Saldos,D,En millones de ARS,ML
1225,2003-10-06,5792.0,Adelantos transitorios del BCRA al Gobierno Nacional,Informe Monetario Diario,Saldos,D,En millones de ARS,ML
1225,2003-10-07,5555.0,Adelantos transitorios del BCRA al Gobierno Nacional,Informe Monetario Diario,Saldos,D,En millones de ARS,ML
1225,2003-10-08,5555.0,Adelantos transitorios del BCRA al Gobierno Nacional,Informe Monetario Diario,Saldos,D,En millones de ARS,ML
1225,2003-10-09,5555.0,Adelantos transitorios del BCRA al Gobierno Nacional,Informe Monetario Diario,Saldos,D,En millones de ARS,ML
1225,2003-10-10,5555.0,Adelantos transitorios del BCRA al Gobierno Nacional,Informe Monetario Diario,Saldos,D,En millones de ARS,ML
1225,2003-10-14,5555.0,Adelantos transitorios del BCRA al Gobierno Nacional,Informe Monetario Diario,Saldos,D,En millones de ARS,ML
1225,2003-10-15,5305.0,Adelantos transitorios del BCRA al Gobierno Nacional,Informe Monetario Diario,Saldos,D,En millones de ARS,ML
1225,2003-10-16,5305.0,Adelantos transitorios del BCRA al Gobierno Nacional,Informe Monetario Diario,Saldos,D,En millones de ARS,ML
1225,2003-10-17,5305.0,Adelantos transitorios del BCRA al Gobierno Nacional,Informe Monetario Diario,Saldos,D,En millones de ARS,ML
1225,2003-10-20,5305.0,Adelantos transitorios del BCRA al Gobierno Nacional,Informe Monetario Diario,Saldos,D,En millones de ARS,ML
1225,2003-10-21,5305.0,Adelantos transitorios del BCRA al Gobierno Nacional,Informe Monetario Diario,Saldos,D,En millones de ARS,ML
1225,2003-10-22,5305.0,Adelantos transitorios del BCRA al Gobierno Nacional,Informe Monetario Diario,Saldos,D,En millones de ARS,ML
1225,2003-10-23,5305.0,Adelantos transitorios del BCRA al Gobierno Nacional,Informe Monetario Diario,Saldos,D,En millones de ARS,ML
1225,2003-10-24,7205.0,Adelantos transitorios del BCRA al Gobierno Nacional,Informe Monetario Diario,Saldos,D,En millones de ARS,ML
1225,2003-10-27,7205.0,Adelantos transitorios del BCRA al Gobierno Nacional,Informe Monetario Diario,Saldos,D,En millones de ARS,ML
1225,2003-10-28,7205.0,Adelantos transitorios del BCRA al Gobierno Nacional,Informe Monetario Diario,Saldos,D,En millones de ARS,ML
1225,2003-10-29,7205.0,Adelantos transitorios del BCRA al Gobierno Nacional,Informe Monetario Diario,Saldos,D,En millones de ARS,ML
1225,2003-10-30,7205.0,Adelantos transitorios del BCRA al Gobierno Nacional,Informe Monetario Diario,Saldos,D,En millones de ARS,ML
1225,2003-10-31,7205.0,Adelantos transitorios del BCRA al Gobierno Nacional,Informe Monetario Diario,Saldos,D,En millones de ARS,ML
1225,2003-11-03,7205.0,Adelantos transitorios del BCRA al Gobierno Nacional,Informe Monetario Diario,Saldos,D,En millones de ARS,ML
1225,2003-11-04,7205.0,Adelantos transitorios del BCRA al Gobierno Nacional,Informe Monetario Diario,Saldos,D,En millones de ARS,ML
1225,2003-11-05,7205.0,Adelantos transitorios del BCRA al Gobierno Nacional,Informe Monetario Diario,Saldos,D,En millones de ARS,ML
1225,2003-11-07,7205.0,Adelantos transitorios del BCRA al Gobierno Nacional,Informe Monetario Diario,Saldos,D,En millones de ARS,ML
1225,2003-11-10,7640.0,Adelantos transitorios del BCRA al Gobierno Nacional,Informe Monetario Diario,Saldos,D,En millones de ARS,ML
1225,2003-11-11,7640.0,Adelantos transitorios del BCRA al Gobierno Nacional,Informe Monetario Diario,Saldos,D,En millones de ARS,ML
1225,2003-11-12,7640.0,Adelantos transitorios del BCRA al Gobierno Nacional,Informe Monetario Diario,Saldos,D,En millones de ARS,ML
1225,2003-11-13,7205.0,Adelantos transitorios del BCRA al Gobierno Nacional,Informe Monetario Diario,Saldos,D,En millones de ARS,ML
1225,2003-11-14,7205.0,Adelantos transitorios del BCRA al Gobierno Nacional,Informe Monetario Diario,Saldos,D,En millones de ARS,ML
1225,2003-11-17,7205.0,Adelantos transitorios del BCRA al Gobierno Nacional,Informe Monetario Diario,Saldos,D,En millones de ARS,ML
1225,2003-11-18,7205.0,Adelantos transitorios del BCRA al Gobierno Nacional,Informe Monetario Diario,Saldos,D,En millones de ARS,ML
1225,2003-11-19,7205.0,Adelantos transitorios del BCRA al Gobierno Nacional,Informe Monetario Diario,Saldos,D,En millones de ARS,ML
1225,2003-11-20,7205.0,Adelantos transitorios del BCRA al Gobierno Nacional,Informe Monetario Diario,Saldos,D,En millones de ARS,ML
1225,2003-11-21,7205.0,Adelantos transitorios del BCRA al Gobierno Nacional,Informe Monetario Diario,Saldos,D,En millones de ARS,ML
1225,2003-11-24,7205.0,Adelantos transitorios del BCRA al Gobierno Nacional,Informe Monetario Diario,Saldos,D,En millones de ARS,ML
1225,2003-11-25,7205.0,Adelantos transitorios del BCRA al Gobierno Nacional,Informe Monetario Diario,Saldos,D,En millones de ARS,ML
1225,2003-11-26,7205.0,Adelantos transitorios del BCRA al Gobierno Nacional,Informe Monetario Diario,Saldos,D,En millones de ARS,ML
1225,2003-11-27,7205.0,Adelantos transitorios del BCRA al Gobierno Nacional,Informe Monetario Diario,Saldos,D,En millones de ARS,ML
1225,2003-11-28,7205.0,Adelantos transitorios del BCRA al Gobierno Nacional,Informe Monetario Diario,Saldos,D,En millones de ARS,ML
1225,2003-12-01,7205.0,Adelantos transitorios del BCRA al Gobierno Nacional,Informe Monetario Diario,Saldos,D,En millones de ARS,ML
1225,2003-12-02,7205.0,Adelantos transitorios del BCRA al Gobierno Nacional,Informe Monetario Diario,Saldos,D,En millones de ARS,ML
1225,2003-12-03,7205.0,Adelantos transitorios del BCRA al Gobierno Nacional,Informe Monetario Diario,Saldos,D,En millones de ARS,ML
1225,2003-12-04,7205.0,Adelantos transitorios del BCRA al Gobierno Nacional,Informe Monetario Diario,Saldos,D,En millones de ARS,ML
1225,2003-12-05,7205.0,Adelantos transitorios del BCRA al Gobierno Nacional,Informe Monetario Diario,Saldos,D,En millones de ARS,ML
1225,2003-12-09,7205.0,Adelantos transitorios del BCRA al Gobierno Nacional,Informe Monetario Diario,Saldos,D,En millones de ARS,ML
1225,2003-12-10,7205.0,Adelantos transitorios del BCRA al Gobierno Nacional,Informe Monetario Diario,Saldos,D,En millones de ARS,ML
1225,2003-12-11,7205.0,Adelantos transitorios del BCRA al Gobierno Nacional,Informe Monetario Diario,Saldos,D,En millones de ARS,ML
1225,2003-12-12,7205.0,Adelantos transitorios del BCRA al Gobierno Nacional,Informe Monetario Diario,Saldos,D,En millones de ARS,ML
1225,2003-12-15,8305.0,Adelantos transitorios del BCRA al Gobierno Nacional,Informe Monetario Diario,Saldos,D,En millones de ARS,ML
1225,2003-12-16,8305.0,Adelantos transitorios del BCRA al Gobierno Nacional,Informe Monetario Diario,Saldos,D,En millones de ARS,ML
1225,2003-12-17,8305.0,Adelantos transitorios del BCRA al Gobierno Nacional,Informe Monetario Diario,Saldos,D,En millones de ARS,ML
1225,2003-12-18,8305.0,Adelantos transitorios del BCRA al Gobierno Nacional,Informe Monetario Diario,Saldos,D,En millones de ARS,ML
1225,2003-12-19,8468.774,Adelantos transitorios del BCRA al Gobierno Nacional,Informe Monetario Diario,Saldos,D,En millones de ARS,ML
1225,2003-12-22,8468.774,Adelantos transitorios del BCRA al Gobierno Nacional,Informe Monetario Diario,Saldos,D,En millones de ARS,ML
1225,2003-12-23,8468.774,Adelantos transitorios del BCRA al Gobierno Nacional,Informe Monetario Diario,Saldos,D,En millones de ARS,ML
1225,2003-12-24,8468.774,Adelantos transitorios del BCRA al Gobierno Nacional,Informe Monetario Diario,Saldos,D,En millones de ARS,ML
1225,2003-12-26,8468.774,Adelantos transitorios del BCRA al Gobierno Nacional,Informe Monetario Diario,Saldos,D,En millones de ARS,ML
1225,2003-12-29,8468.774,Adelantos transitorios del BCRA al Gobierno Nacional,Informe Monetario Diario,Saldos,D,En millones de ARS,ML
1225,2003-12-30,7368.774,Adelantos transitorios del BCRA al Gobierno Nacional,Informe Monetario Diario,Saldos,D,En millones de ARS,ML
1225,2003-12-31,7368.774,Adelantos transitorios del BCRA al Gobierno Nacional,Informe Monetario Diario,Saldos,D,En millones de ARS,ML
1225,2004-01-02,7368.77,Adelantos transitorios del BCRA al Gobierno Nacional,Informe Monetario Diario,Saldos,D,En millones de ARS,ML
1225,2004-01-05,7368.77,Adelantos transitorios del BCRA al Gobierno Nacional,Informe Monetario Diario,Saldos,D,En millones de ARS,ML
1225,2004-01-06,7368.77,Adelantos transitorios del BCRA al Gobierno Nacional,Informe Monetario Diario,Saldos,D,En millones de ARS,ML
1225,2004-01-07,7368.77,Adelantos transitorios del BCRA al Gobierno Nacional,Informe Monetario Diario,Saldos,D,En millones de ARS,ML
1225,2004-01-08,7368.77,Adelantos transitorios del BCRA al Gobierno Nacional,Informe Monetario Diario,Saldos,D,En millones de ARS,ML
1225,2004-01-09,7368.77,Adelantos transitorios del BCRA al Gobierno Nacional,Informe Monetario Diario,Saldos,D,En millones de ARS,ML
1225,2004-01-12,7368.77,Adelantos transitorios del BCRA al Gobierno Nacional,Informe Monetario Diario,Saldos,D,En millones de ARS,ML
1225,2004-01-13,7368.77,Adelantos transitorios del BCRA al Gobierno Nacional,Informe Monetario Diario,Saldos,D,En millones de ARS,ML
1225,2004-01-14,7368.77,Adelantos transitorios del BCRA al Gobierno Nacional,Informe Monetario Diario,Saldos,D,En millones de ARS,ML
1225,2004-01-15,7368.77,Adelantos transitorios del BCRA al Gobierno Nacional,Informe Monetario Diario,Saldos,D,En millones de ARS,ML
1225,2004-01-16,7368.77,Adelantos transitorios del BCRA al Gobierno Nacional,Informe Monetario Diario,Saldos,D,En millones de ARS,ML
1225,2004-01-19,7368.77,Adelantos transitorios del BCRA al Gobierno Nacional,Informe Monetario Diario,Saldos,D,En millones de ARS,ML
1225,2004-01-20,7368.77,Adelantos transitorios del BCRA al Gobierno Nacional,Informe Monetario Diario,Saldos,D,En millones de ARS,ML
1225,2004-01-21,7368.77,Adelantos transitorios del BCRA al Gobierno Nacional,Informe Monetario Diario,Saldos,D,En millones de ARS,ML
1225,2004-01-22,7368.77,Adelantos transitorios del BCRA al Gobierno Nacional,Informe Monetario Diario,Saldos,D,En millones de ARS,ML
1225,2004-01-23,7368.77,Adelantos transitorios del BCRA al Gobierno Nacional,Informe Monetario Diario,Saldos,D,En millones de ARS,ML
1225,2004-01-26,7368.77,Adelantos transitorios del BCRA al Gobierno Nacional,Informe Monetario Diario,Saldos,D,En millones de ARS,ML
1225,2004-01-27,7368.77,Adelantos transitorios del BCRA al Gobierno Nacional,Informe Monetario Diario,Saldos,D,En millones de ARS,ML
1225,2004-01-28,7368.77,Adelantos transitorios del BCRA al Gobierno Nacional,Informe Monetario Diario,Saldos,D,En millones de ARS,ML
1225,2004-01-29,7368.77,Adelantos transitorios del BCRA al Gobierno Nacional,Informe Monetario Diario,Saldos,D,En millones de ARS,ML
1225,2004-01-30,7368.77,Adelantos transitorios del BCRA al Gobierno Nacional,Informe Monetario Diario,Saldos,D,En millones de ARS,ML
1225,2004-02-02,7368.77,Adelantos transitorios del BCRA al Gobierno Nacional,Informe Monetario Diario,Saldos,D,En millones de ARS,ML
1225,2004-02-03,7368.77,Adelantos transitorios del BCRA al Gobierno Nacional,Informe Monetario Diario,Saldos,D,En millones de ARS,ML
1225,2004-02-04,7368.77,Adelantos transitorios del BCRA al Gobierno Nacional,Informe Monetario Diario,Saldos,D,En millones de ARS,ML
1225,2004-02-05,7368.77,Adelantos transitorios del BCRA al Gobierno Nacional,Informe Monetario Diario,Saldos,D,En millones de ARS,ML
1225,2004-02-06,7368.77,Adelantos transitorios del BCRA al Gobierno Nacional,Informe Monetario Diario,Saldos,D,En millones de ARS,ML
1225,2004-02-09,7368.77,Adelantos transitorios del BCRA al Gobierno Nacional,Informe Monetario Diario,Saldos,D,En millones de ARS,ML
1225,2004-02-10,7368.77,Adelantos transitorios del BCRA al Gobierno Nacional,Informe Monetario Diario,Saldos,D,En millones de ARS,ML
1225,2004-02-11,7368.77,Adelantos transitorios del BCRA al Gobierno Nacional,Informe Monetario Diario,Saldos,D,En millones de ARS,ML
1225,2004-02-12,7368.77,Adelantos transitorios del BCRA al Gobierno Nacional,Informe Monetario Diario,Saldos,D,En millones de ARS,ML
1225,2004-02-13,7368.77,Adelantos transitorios del BCRA al Gobierno Nacional,Informe Monetario Diario,Saldos,D,En millones de ARS,ML
1225,2004-02-16,7368.77,Adelantos transitorios del BCRA al Gobierno Nacional,Informe Monetario Diario,Saldos,D,En millones de ARS,ML
1225,2004-02-17,7368.77,Adelantos transitorios del BCRA al Gobierno Nacional,Informe Monetario Diario,Saldos,D,En millones de ARS,ML
1225,2004-02-18,7368.77,Adelantos transitorios del BCRA al Gobierno Nacional,Informe Monetario Diario,Saldos,D,En millones de ARS,ML
1225,2004-02-19,7368.77,Adelantos transitorios del BCRA al Gobierno Nacional,Informe Monetario Diario,Saldos,D,En millones de ARS,ML
1225,2004-02-20,7368.77,Adelantos transitorios del BCRA al Gobierno Nacional,Informe Monetario Diario,Saldos,D,En millones de ARS,ML
1225,2004-02-23,7368.77,Adelantos transitorios del BCRA al Gobierno Nacional,Informe Monetario Diario,Saldos,D,En millones de ARS,ML
1225,2004-02-24,7368.77,Adelantos transitorios del BCRA al Gobierno Nacional,Informe Monetario Diario,Saldos,D,En millones de ARS,ML
1225,2004-02-25,7368.77,Adelantos transitorios del BCRA al Gobierno Nacional,Informe Monetario Diario,Saldos,D,En millones de ARS,ML
1225,2004-02-26,7368.77,Adelantos transitorios del BCRA al Gobierno Nacional,Informe Monetario Diario,Saldos,D,En millones de ARS,ML
1225,2004-02-27,7368.77,Adelantos transitorios del BCRA al Gobierno Nacional,Informe Monetario Diario,Saldos,D,En millones de ARS,ML
1225,2004-03-01,7368.77,Adelantos transitorios del BCRA al Gobierno Nacional,Informe Monetario Diario,Saldos,D,En millones de ARS,ML
1225,2004-03-02,7368.77,Adelantos transitorios del BCRA al Gobierno Nacional,Informe Monetario Diario,Saldos,D,En millones de ARS,ML
1225,2004-03-03,7368.77,Adelantos transitorios del BCRA al Gobierno Nacional,Informe Monetario Diario,Saldos,D,En millones de ARS,ML
1225,2004-03-04,7368.77,Adelantos transitorios del BCRA al Gobierno Nacional,Informe Monetario Diario,Saldos,D,En millones de ARS,ML
1225,2004-03-05,7368.77,Adelantos transitorios del BCRA al Gobierno Nacional,Informe Monetario Diario,Saldos,D,En millones de ARS,ML
1225,2004-03-08,7368.77,Adelantos transitorios del BCRA al Gobierno Nacional,Informe Monetario Diario,Saldos,D,En millones de ARS,ML
1225,2004-03-09,11959.77,Adelantos transitorios del BCRA al Gobierno Nacional,Informe Monetario Diario,Saldos,D,En millones de ARS,ML
1225,2004-03-10,11959.77,Adelantos transitorios del BCRA al Gobierno Nacional,Informe Monetario Diario,Saldos,D,En millones de ARS,ML
1225,2004-03-11,11959.77,Adelantos transitorios del BCRA al Gobierno Nacional,Informe Monetario Diario,Saldos,D,En millones de ARS,ML
1225,2004-03-12,11959.77,Adelantos transitorios del BCRA al Gobierno Nacional,Informe Monetario Diario,Saldos,D,En millones de ARS,ML
1225,2004-03-15,11959.77,Adelantos transitorios del BCRA al Gobierno Nacional,Informe Monetario Diario,Saldos,D,En millones de ARS,ML
1225,2004-03-16,11959.77,Adelantos transitorios del BCRA al Gobierno Nacional,Informe Monetario Diario,Saldos,D,En millones de ARS,ML
1225,2004-03-17,11959.77,Adelantos transitorios del BCRA al Gobierno Nacional,Informe Monetario Diario,Saldos,D,En millones de ARS,ML
1225,2004-03-18,11959.77,Adelantos transitorios del BCRA al Gobierno Nacional,Informe Monetario Diario,Saldos,D,En millones de ARS,ML
1225,2004-03-19,11959.77,Adelantos transitorios del BCRA al Gobierno Nacional,Informe Monetario Diario,Saldos,D,En millones de ARS,ML
1225,2004-03-22,11959.77,Adelantos transitorios del BCRA al Gobierno Nacional,Informe Monetario Diario,Saldos,D,En millones de ARS,ML
1225,2004-03-23,11959.77,Adelantos transitorios del BCRA al Gobierno Nacional,Informe Monetario Diario,Saldos,D,En millones de ARS,ML
1225,2004-03-24,11959.77,Adelantos transitorios del BCRA al Gobierno Nacional,Informe Monetario Diario,Saldos,D,En millones de ARS,ML
1225,2004-03-25,6868.77,Adelantos transitorios del BCRA al Gobierno Nacional,Informe Monetario Diario,Saldos,D,En millones de ARS,ML
1225,2004-03-26,6868.77,Adelantos transitorios del BCRA al Gobierno Nacional,Informe Monetario Diario,Saldos,D,En millones de ARS,ML
1225,2004-03-29,6868.77,Adelantos transitorios del BCRA al Gobierno Nacional,Informe Monetario Diario,Saldos,D,En millones de ARS,ML
1225,2004-03-30,6868.77,Adelantos transitorios del BCRA al Gobierno Nacional,Informe Monetario Diario,Saldos,D,En millones de ARS,ML
1225,2004-03-31,6868.77,Adelantos transitorios del BCRA al Gobierno Nacional,Informe Monetario Diario,Saldos,D,En millones de ARS,ML
1225,2004-04-01,6868.77,Adelantos transitorios del BCRA al Gobierno Nacional,Informe Monetario Diario,Saldos,D,En millones de ARS,ML
1225,2004-04-02,6868.77,Adelantos transitorios del BCRA al Gobierno Nacional,Informe Monetario Diario,Saldos,D,En millones de ARS,ML
1225,2004-04-06,6868.77,Adelantos transitorios del BCRA al Gobierno Nacional,Informe Monetario Diario,Saldos,D,En millones de ARS,ML
1225,2004-04-07,6868.77,Adelantos transitorios del BCRA al Gobierno Nacional,Informe Monetario Diario,Saldos,D,En millones de ARS,ML
1225,2004-04-12,6868.77,Adelantos transitorios del BCRA al Gobierno Nacional,Informe Monetario Diario,Saldos,D,En millones de ARS,ML
1225,2004-04-13,6868.77,Adelantos transitorios del BCRA al Gobierno Nacional,Informe Monetario Diario,Saldos,D,En millones de ARS,ML
1225,2004-04-14,6868.77,Adelantos transitorios del BCRA al Gobierno Nacional,Informe Monetario Diario,Saldos,D,En millones de ARS,ML
1225,2004-04-15,6868.77,Adelantos transitorios del BCRA al Gobierno Nacional,Informe Monetario Diario,Saldos,D,En millones de ARS,ML
1225,2004-04-16,6868.77,Adelantos transitorios del BCRA al Gobierno Nacional,Informe Monetario Diario,Saldos,D,En millones de ARS,ML
1225,2004-04-19,6868.77,Adelantos transitorios del BCRA al Gobierno Nacional,Informe Monetario Diario,Saldos,D,En millones de ARS,ML
1225,2004-04-20,6868.77,Adelantos transitorios del BCRA al Gobierno Nacional,Informe Monetario Diario,Saldos,D,En millones de ARS,ML
1225,2004-04-21,6868.77,Adelantos transitorios del BCRA al Gobierno Nacional,Informe Monetario Diario,Saldos,D,En millones de ARS,ML
1225,2004-04-22,6868.77,Adelantos transitorios del BCRA al Gobierno Nacional,Informe Monetario Diario,Saldos,D,En millones de ARS,ML
1225,2004-04-23,6868.77,Adelantos transitorios del BCRA al Gobierno Nacional,Informe Monetario Diario,Saldos,D,En millones de ARS,ML
1225,2004-04-26,6868.77,Adelantos transitorios del BCRA al Gobierno Nacional,Informe Monetario Diario,Saldos,D,En millones de ARS,ML
1225,2004-04-27,6868.77,Adelantos transitorios del BCRA al Gobierno Nacional,Informe Monetario Diario,Saldos,D,En millones de ARS,ML
1225,2004-04-28,6868.77,Adelantos transitorios del BCRA al Gobierno Nacional,Informe Monetario Diario,Saldos,D,En millones de ARS,ML
1225,2004-04-29,6868.7746,Adelantos transitorios del BCRA al Gobierno Nacional,Informe Monetario Diario,Saldos,D,En millones de ARS,ML
1225,2004-04-30,6868.7746,Adelantos transitorios del BCRA al Gobierno Nacional,Informe Monetario Diario,Saldos,D,En millones de ARS,ML
1225,2004-05-03,6868.7746,Adelantos transitorios del BCRA al Gobierno Nacional,Informe Monetario Diario,Saldos,D,En millones de ARS,ML
1225,2004-05-04,6868.7746,Adelantos transitorios del BCRA al Gobierno Nacional,Informe Monetario Diario,Saldos,D,En millones de ARS,ML
1225,2004-05-05,6868.7746,Adelantos transitorios del BCRA al Gobierno Nacional,Informe Monetario Diario,Saldos,D,En millones de ARS,ML
1225,2004-05-06,6868.7746,Adelantos transitorios del BCRA al Gobierno Nacional,Informe Monetario Diario,Saldos,D,En millones de ARS,ML
1225,2004-05-07,6868.7746,Adelantos transitorios del BCRA al Gobierno Nacional,Informe Monetario Diario,Saldos,D,En millones de ARS,ML
1225,2004-05-10,6868.7746,Adelantos transitorios del BCRA al Gobierno Nacional,Informe Monetario Diario,Saldos,D,En millones de ARS,ML
1225,2004-05-11,6868.7746,Adelantos transitorios del BCRA al Gobierno Nacional,Informe Monetario Diario,Saldos,D,En millones de ARS,ML
1225,2004-05-12,6868.7746,Adelantos transitorios del BCRA al Gobierno Nacional,Informe Monetario Diario,Saldos,D,En millones de ARS,ML
1225,2004-05-13,6868.7746,Adelantos transitorios del BCRA al Gobierno Nacional,Informe Monetario Diario,Saldos,D,En millones de ARS,ML
1225,2004-05-14,6868.7746,Adelantos transitorios del BCRA al Gobierno Nacional,Informe Monetario Diario,Saldos,D,En millones de ARS,ML
1225,2004-05-17,6868.7746,Adelantos transitorios del BCRA al Gobierno Nacional,Informe Monetario Diario,Saldos,D,En millones de ARS,ML
1225,2004-05-18,6868.7746,Adelantos transitorios del BCRA al Gobierno Nacional,Informe Monetario Diario,Saldos,D,En millones de ARS,ML
1225,2004-05-19,6868.7746,Adelantos transitorios del BCRA al Gobierno Nacional,Informe Monetario Diario,Saldos,D,En millones de ARS,ML
1225,2004-05-20,6868.7746,Adelantos transitorios del BCRA al Gobierno Nacional,Informe Monetario Diario,Saldos,D,En millones de ARS,ML
1225,2004-05-21,6868.7746,Adelantos transitorios del BCRA al Gobierno Nacional,Informe Monetario Diario,Saldos,D,En millones de ARS,ML
1225,2004-05-24,6868.7746,Adelantos transitorios del BCRA al Gobierno Nacional,Informe Monetario Diario,Saldos,D,En millones de ARS,ML
1225,2004-05-26,6868.7746,Adelantos transitorios del BCRA al Gobierno Nacional,Informe Monetario Diario,Saldos,D,En millones de ARS,ML
1225,2004-05-27,6868.7746,Adelantos transitorios del BCRA al Gobierno Nacional,Informe Monetario Diario,Saldos,D,En millones de ARS,ML
1225,2004-05-28,6868.7746,Adelantos transitorios del BCRA al Gobierno Nacional,Informe Monetario Diario,Saldos,D,En millones de ARS,ML
1225,2004-05-31,6868.7746,Adelantos transitorios del BCRA al Gobierno Nacional,Informe Monetario Diario,Saldos,D,En millones de ARS,ML
1225,2004-06-01,6868.7746,Adelantos transitorios del BCRA al Gobierno Nacional,Informe Monetario Diario,Saldos,D,En millones de ARS,ML
1225,2004-06-02,6868.7746,Adelantos transitorios del BCRA al Gobierno Nacional,Informe Monetario Diario,Saldos,D,En millones de ARS,ML
1225,2004-06-03,6868.7746,Adelantos transitorios del BCRA al Gobierno Nacional,Informe Monetario Diario,Saldos,D,En millones de ARS,ML
1225,2004-06-04,6868.7746,Adelantos transitorios del BCRA al Gobierno Nacional,Informe Monetario Diario,Saldos,D,En millones de ARS,ML
1225,2004-06-07,6868.7746,Adelantos transitorios del BCRA al Gobierno Nacional,Informe Monetario Diario,Saldos,D,En millones de ARS,ML
1225,2004-06-08,6868.7746,Adelantos transitorios del BCRA al Gobierno Nacional,Informe Monetario Diario,Saldos,D,En millones de ARS,ML
1225,2004-06-09,6868.7746,Adelantos transitorios del BCRA al Gobierno Nacional,Informe Monetario Diario,Saldos,D,En millones de ARS,ML
1225,2004-06-10,6868.7746,Adelantos transitorios del BCRA al Gobierno Nacional,Informe Monetario Diario,Saldos,D,En millones de ARS,ML
1225,2004-06-11,6868.7746,Adelantos transitorios del BCRA al Gobierno Nacional,Informe Monetario Diario,Saldos,D,En millones de ARS,ML
1225,2004-06-14,6868.7746,Adelantos transitorios del BCRA al Gobierno Nacional,Informe Monetario Diario,Saldos,D,En millones de ARS,ML
1225,2004-06-15,6868.7746,Adelantos transitorios del BCRA al Gobierno Nacional,Informe Monetario Diario,Saldos,D,En millones de ARS,ML
1225,2004-06-16,6868.7746,Adelantos transitorios del BCRA al Gobierno Nacional,Informe Monetario Diario,Saldos,D,En millones de ARS,ML
1225,2004-06-17,6868.7746,Adelantos transitorios del BCRA al Gobierno Nacional,Informe Monetario Diario,Saldos,D,En millones de ARS,ML
1225,2004-06-18,7928.7746,Adelantos transitorios del BCRA al Gobierno Nacional,Informe Monetario Diario,Saldos,D,En millones de ARS,ML
1225,2004-06-22,7928.7746,Adelantos transitorios del BCRA al Gobierno Nacional,Informe Monetario Diario,Saldos,D,En millones de ARS,ML
1225,2004-06-23,7928.7746,Adelantos transitorios del BCRA al Gobierno Nacional,Informe Monetario Diario,Saldos,D,En millones de ARS,ML
1225,2004-06-24,7928.7746,Adelantos transitorios del BCRA al Gobierno Nacional,Informe Monetario Diario,Saldos,D,En millones de ARS,ML
1225,2004-06-25,7928.7746,Adelantos transitorios del BCRA al Gobierno Nacional,Informe Monetario Diario,Saldos,D,En millones de ARS,ML
1225,2004-06-28,8098.7746,Adelantos transitorios del BCRA al Gobierno Nacional,Informe Monetario Diario,Saldos,D,En millones de ARS,ML
1225,2004-06-29,8098.7746,Adelantos transitorios del BCRA al Gobierno Nacional,Informe Monetario Diario,Saldos,D,En millones de ARS,ML
1225,2004-06-30,8098.7746,Adelantos transitorios del BCRA al Gobierno Nacional,Informe Monetario Diario,Saldos,D,En millones de ARS,ML
1225,2004-07-01,8098.7746,Adelantos transitorios del BCRA al Gobierno Nacional,Informe Monetario Diario,Saldos,D,En millones de ARS,ML
1225,2004-07-02,8098.7746,Adelantos transitorios del BCRA al Gobierno Nacional,Informe Monetario Diario,Saldos,D,En millones de ARS,ML
1225,2004-07-05,8098.7746,Adelantos transitorios del BCRA al Gobierno Nacional,Informe Monetario Diario,Saldos,D,En millones de ARS,ML
1225,2004-07-06,8098.7746,Adelantos transitorios del BCRA al Gobierno Nacional,Informe Monetario Diario,Saldos,D,En millones de ARS,ML
1225,2004-07-07,8098.7746,Adelantos transitorios del BCRA al Gobierno Nacional,Informe Monetario Diario,Saldos,D,En millones de ARS,ML
1225,2004-07-08,8098.7746,Adelantos transitorios del BCRA al Gobierno Nacional,Informe Monetario Diario,Saldos,D,En millones de ARS,ML
1225,2004-07-12,8098.7746,Adelantos transitorios del BCRA al Gobierno Nacional,Informe Monetario Diario,Saldos,D,En millones de ARS,ML
1225,2004-07-13,8098.7746,Adelantos transitorios del BCRA al Gobierno Nacional,Informe Monetario Diario,Saldos,D,En millones de ARS,ML
1225,2004-07-14,8098.7746,Adelantos transitorios del BCRA al Gobierno Nacional,Informe Monetario Diario,Saldos,D,En millones de ARS,ML
1225,2004-07-15,8098.7746,Adelantos transitorios del BCRA al Gobierno Nacional,Informe Monetario Diario,Saldos,D,En millones de ARS,ML
1225,2004-07-16,8098.7746,Adelantos transitorios del BCRA al Gobierno Nacional,Informe Monetario Diario,Saldos,D,En millones de ARS,ML
1225,2004-07-19,8098.7746,Adelantos transitorios del BCRA al Gobierno Nacional,Informe Monetario Diario,Saldos,D,En millones de ARS,ML
1225,2004-07-20,8098.7746,Adelantos transitorios del BCRA al Gobierno Nacional,Informe Monetario Diario,Saldos,D,En millones de ARS,ML
1225,2004-07-21,8098.7746,Adelantos transitorios del BCRA al Gobierno Nacional,Informe Monetario Diario,Saldos,D,En millones de ARS,ML
1225,2004-07-22,8098.7746,Adelantos transitorios del BCRA al Gobierno Nacional,Informe Monetario Diario,Saldos,D,En millones de ARS,ML
1225,2004-07-23,8098.7746,Adelantos transitorios del BCRA al Gobierno Nacional,Informe Monetario Diario,Saldos,D,En millones de ARS,ML
1225,2004-07-26,8098.7746,Adelantos transitorios del BCRA al Gobierno Nacional,Informe Monetario Diario,Saldos,D,En millones de ARS,ML
1225,2004-07-27,8098.7746,Adelantos transitorios del BCRA al Gobierno Nacional,Informe Monetario Diario,Saldos,D,En millones de ARS,ML
1225,2004-07-28,8098.7746,Adelantos transitorios del BCRA al Gobierno Nacional,Informe Monetario Diario,Saldos,D,En millones de ARS,ML
1225,2004-07-29,8098.7746,Adelantos transitorios del BCRA al Gobierno Nacional,Informe Monetario Diario,Saldos,D,En millones de ARS,ML
1225,2004-07-30,8098.7746,Adelantos transitorios del BCRA al Gobierno Nacional,Informe Monetario Diario,Saldos,D,En millones de ARS,ML
1225,2004-08-02,8848.7746,Adelantos transitorios del BCRA al Gobierno Nacional,Informe Monetario Diario,Saldos,D,En millones de ARS,ML
1225,2004-08-03,8848.7746,Adelantos transitorios del BCRA al Gobierno Nacional,Informe Monetario Diario,Saldos,D,En millones de ARS,ML
1225,2004-08-04,8848.7746,Adelantos transitorios del BCRA al Gobierno Nacional,Informe Monetario Diario,Saldos,D,En millones de ARS,ML
1225,2004-08-05,8848.7746,Adelantos transitorios del BCRA al Gobierno Nacional,Informe Monetario Diario,Saldos,D,En millones de ARS,ML
1225,2004-08-06,8848.7746,Adelantos transitorios del BCRA al Gobierno Nacional,Informe Monetario Diario,Saldos,D,En millones de ARS,ML
1225,2004-08-09,8848.7746,Adelantos transitorios del BCRA al Gobierno Nacional,Informe Monetario Diario,Saldos,D,En millones de ARS,ML
1225,2004-08-10,8848.7746,Adelantos transitorios del BCRA al Gobierno Nacional,Informe Monetario Diario,Saldos,D,En millones de ARS,ML
1225,2004-08-11,8848.7746,Adelantos transitorios del BCRA al Gobierno Nacional,Informe Monetario Diario,Saldos,D,En millones de ARS,ML
1225,2004-08-12,8848.7746,Adelantos transitorios del BCRA al Gobierno Nacional,Informe Monetario Diario,Saldos,D,En millones de ARS,ML
1225,2004-08-13,8848.7746,Adelantos transitorios del BCRA al Gobierno Nacional,Informe Monetario Diario,Saldos,D,En millones de ARS,ML
1225,2004-08-17,8848.7746,Adelantos transitorios del BCRA al Gobierno Nacional,Informe Monetario Diario,Saldos,D,En millones de ARS,ML
1225,2004-08-18,8848.7746,Adelantos transitorios del BCRA al Gobierno Nacional,Informe Monetario Diario,Saldos,D,En millones de ARS,ML
1225,2004-08-19,8848.7746,Adelantos transitorios del BCRA al Gobierno Nacional,Informe Monetario Diario,Saldos,D,En millones de ARS,ML
1225,2004-08-20,8848.7746,Adelantos transitorios del BCRA al Gobierno Nacional,Informe Monetario Diario,Saldos,D,En millones de ARS,ML
1225,2004-08-23,8848.7746,Adelantos transitorios del BCRA al Gobierno Nacional,Informe Monetario Diario,Saldos,D,En millones de ARS,ML
1225,2004-08-24,8848.7746,Adelantos transitorios del BCRA al Gobierno Nacional,Informe Monetario Diario,Saldos,D,En millones de ARS,ML
1225,2004-08-25,8848.7746,Adelantos transitorios del BCRA al Gobierno Nacional,Informe Monetario Diario,Saldos,D,En millones de ARS,ML
1225,2004-08-26,8848.7746,Adelantos transitorios del BCRA al Gobierno Nacional,Informe Monetario Diario,Saldos,D,En millones de ARS,ML
1225,2004-08-27,8848.7746,Adelantos transitorios del BCRA al Gobierno Nacional,Informe Monetario Diario,Saldos,D,En millones de ARS,ML
1225,2004-08-30,8848.7746,Adelantos transitorios del BCRA al Gobierno Nacional,Informe Monetario Diario,Saldos,D,En millones de ARS,ML
1225,2004-08-31,8848.7746,Adelantos transitorios del BCRA al Gobierno Nacional,Informe Monetario Diario,Saldos,D,En millones de ARS,ML
1225,2004-09-01,8848.7746,Adelantos transitorios del BCRA al Gobierno Nacional,Informe Monetario Diario,Saldos,D,En millones de ARS,ML
1225,2004-09-02,8848.7746,Adelantos transitorios del BCRA al Gobierno Nacional,Informe Monetario Diario,Saldos,D,En millones de ARS,ML
1225,2004-09-03,8848.7746,Adelantos transitorios del BCRA al Gobierno Nacional,Informe Monetario Diario,Saldos,D,En millones de ARS,ML
1225,2004-09-06,8848.7746,Adelantos transitorios del BCRA al Gobierno Nacional,Informe Monetario Diario,Saldos,D,En millones de ARS,ML
1225,2004-09-07,8848.7746,Adelantos transitorios del BCRA al Gobierno Nacional,Informe Monetario Diario,Saldos,D,En millones de ARS,ML
1225,2004-09-08,8848.7746,Adelantos transitorios del BCRA al Gobierno Nacional,Informe Monetario Diario,Saldos,D,En millones de ARS,ML
1225,2004-09-09,8848.7746,Adelantos transitorios del BCRA al Gobierno Nacional,Informe Monetario Diario,Saldos,D,En millones de ARS,ML
1225,2004-09-10,8848.7746,Adelantos transitorios del BCRA al Gobierno Nacional,Informe Monetario Diario,Saldos,D,En millones de ARS,ML
1225,2004-09-13,8848.7746,Adelantos transitorios del BCRA al Gobierno Nacional,Informe Monetario Diario,Saldos,D,En millones de ARS,ML
1225,2004-09-14,8848.7746,Adelantos transitorios del BCRA al Gobierno Nacional,Informe Monetario Diario,Saldos,D,En millones de ARS,ML
1225,2004-09-15,8848.7746,Adelantos transitorios del BCRA al Gobierno Nacional,Informe Monetario Diario,Saldos,D,En millones de ARS,ML
1225,2004-09-16,8848.7746,Adelantos transitorios del BCRA al Gobierno Nacional,Informe Monetario Diario,Saldos,D,En millones de ARS,ML
1225,2004-09-17,9598.7746,Adelantos transitorios del BCRA al Gobierno Nacional,Informe Monetario Diario,Saldos,D,En millones de ARS,ML
1225,2004-09-20,9598.7746,Adelantos transitorios del BCRA al Gobierno Nacional,Informe Monetario Diario,Saldos,D,En millones de ARS,ML
1225,2004-09-21,9598.7746,Adelantos transitorios del BCRA al Gobierno Nacional,Informe Monetario Diario,Saldos,D,En millones de ARS,ML
1225,2004-09-22,9598.7746,Adelantos transitorios del BCRA al Gobierno Nacional,Informe Monetario Diario,Saldos,D,En millones de ARS,ML
1225,2004-09-23,9598.7746,Adelantos transitorios del BCRA al Gobierno Nacional,Informe Monetario Diario,Saldos,D,En millones de ARS,ML
1225,2004-09-24,9598.7746,Adelantos transitorios del BCRA al Gobierno Nacional,Informe Monetario Diario,Saldos,D,En millones de ARS,ML
1225,2004-09-27,9598.7746,Adelantos transitorios del BCRA al Gobierno Nacional,Informe Monetario Diario,Saldos,D,En millones de ARS,ML
1225,2004-09-28,9598.7746,Adelantos transitorios del BCRA al Gobierno Nacional,Informe Monetario Diario,Saldos,D,En millones de ARS,ML
1225,2004-09-29,9598.7746,Adelantos transitorios del BCRA al Gobierno Nacional,Informe Monetario Diario,Saldos,D,En millones de ARS,ML
1225,2004-09-30,9598.7746,Adelantos transitorios del BCRA al Gobierno Nacional,Informe Monetario Diario,Saldos,D,En millones de ARS,ML
1225,2004-10-01,9598.7746,Adelantos transitorios del BCRA al Gobierno Nacional,Informe Monetario Diario,Saldos,D,En millones de ARS,ML
1225,2004-10-04,9993.8746,Adelantos transitorios del BCRA al Gobierno Nacional,Informe Monetario Diario,Saldos,D,En millones de ARS,ML
1225,2004-10-05,9993.8746,Adelantos transitorios del BCRA al Gobierno Nacional,Informe Monetario Diario,Saldos,D,En millones de ARS,ML
1225,2004-10-06,9993.8746,Adelantos transitorios del BCRA al Gobierno Nacional,Informe Monetario Diario,Saldos,D,En millones de ARS,ML
1225,2004-10-07,9993.8746,Adelantos transitorios del BCRA al Gobierno Nacional,Informe Monetario Diario,Saldos,D,En millones de ARS,ML
1225,2004-10-08,9993.8746,Adelantos transitorios del BCRA al Gobierno Nacional,Informe Monetario Diario,Saldos,D,En millones de ARS,ML
1225,2004-10-12,9993.8746,Adelantos transitorios del BCRA al Gobierno Nacional,Informe Monetario Diario,Saldos,D,En millones de ARS,ML
1225,2004-10-13,9993.8746,Adelantos transitorios del BCRA al Gobierno Nacional,Informe Monetario Diario,Saldos,D,En millones de ARS,ML
1225,2004-10-14,9993.8746,Adelantos transitorios del BCRA al Gobierno Nacional,Informe Monetario Diario,Saldos,D,En millones de ARS,ML
1225,2004-10-15,10509.8746,Adelantos transitorios del BCRA al Gobierno Nacional,Informe Monetario Diario,Saldos,D,En millones de ARS,ML
1225,2004-10-18,10509.8746,Adelantos transitorios del BCRA al Gobierno Nacional,Informe Monetario Diario,Saldos,D,En millones de ARS,ML
1225,2004-10-19,10509.8746,Adelantos transitorios del BCRA al Gobierno Nacional,Informe Monetario Diario,Saldos,D,En millones de ARS,ML
1225,2004-10-20,10509.8746,Adelantos transitorios del BCRA al Gobierno Nacional,Informe Monetario Diario,Saldos,D,En millones de ARS,ML
1225,2004-10-21,10509.8746,Adelantos transitorios del BCRA al Gobierno Nacional,Informe Monetario Diario,Saldos,D,En millones de ARS,ML
1225,2004-10-22,10630.8746,Adelantos transitorios del BCRA al Gobierno Nacional,Informe Monetario Diario,Saldos,D,En millones de ARS,ML
1225,2004-10-25,10630.8746,Adelantos transitorios del BCRA al Gobierno Nacional,Informe Monetario Diario,Saldos,D,En millones de ARS,ML
1225,2004-10-26,10630.8746,Adelantos transitorios del BCRA al Gobierno Nacional,Informe Monetario Diario,Saldos,D,En millones de ARS,ML
1225,2004-10-27,10630.8746,Adelantos transitorios del BCRA al Gobierno Nacional,Informe Monetario Diario,Saldos,D,En millones de ARS,ML
1225,2004-10-28,10630.8746,Adelantos transitorios del BCRA al Gobierno Nacional,Informe Monetario Diario,Saldos,D,En millones de ARS,ML
1225,2004-10-29,10630.8746,Adelantos transitorios del BCRA al Gobierno Nacional,Informe Monetario Diario,Saldos,D,En millones de ARS,ML
1225,2004-11-01,10630.8746,Adelantos transitorios del BCRA al Gobierno Nacional,Informe Monetario Diario,Saldos,D,En millones de ARS,ML
1225,2004-11-02,10630.8746,Adelantos transitorios del BCRA al Gobierno Nacional,Informe Monetario Diario,Saldos,D,En millones de ARS,ML
1225,2004-11-03,10630.8746,Adelantos transitorios del BCRA al Gobierno Nacional,Informe Monetario Diario,Saldos,D,En millones de ARS,ML
1225,2004-11-04,10630.8746,Adelantos transitorios del BCRA al Gobierno Nacional,Informe Monetario Diario,Saldos,D,En millones de ARS,ML
1225,2004-11-05,10630.8746,Adelantos transitorios del BCRA al Gobierno Nacional,Informe Monetario Diario,Saldos,D,En millones de ARS,ML
1225,2004-11-08,10630.8746,Adelantos transitorios del BCRA al Gobierno Nacional,Informe Monetario Diario,Saldos,D,En millones de ARS,ML
1225,2004-11-09,10630.8746,Adelantos transitorios del BCRA al Gobierno Nacional,Informe Monetario Diario,Saldos,D,En millones de ARS,ML
1225,2004-11-10,10645.8746,Adelantos transitorios del BCRA al Gobierno Nacional,Informe Monetario Diario,Saldos,D,En millones de ARS,ML
1225,2004-11-11,10645.8746,Adelantos transitorios del BCRA al Gobierno Nacional,Informe Monetario Diario,Saldos,D,En millones de ARS,ML
1225,2004-11-12,10645.8746,Adelantos transitorios del BCRA al Gobierno Nacional,Informe Monetario Diario,Saldos,D,En millones de ARS,ML
1225,2004-11-15,11487.8746,Adelantos transitorios del BCRA al Gobierno Nacional,Informe Monetario Diario,Saldos,D,En millones de ARS,ML
1225,2004-11-16,11487.8746,Adelantos transitorios del BCRA al Gobierno Nacional,Informe Monetario Diario,Saldos,D,En millones de ARS,ML
1225,2004-11-17,11487.8746,Adelantos transitorios del BCRA al Gobierno Nacional,Informe Monetario Diario,Saldos,D,En millones de ARS,ML
1225,2004-11-18,11487.8746,Adelantos transitorios del BCRA al Gobierno Nacional,Informe Monetario Diario,Saldos,D,En millones de ARS,ML
1225,2004-11-19,11487.8746,Adelantos transitorios del BCRA al Gobierno Nacional,Informe Monetario Diario,Saldos,D,En millones de ARS,ML
1225,2004-11-22,11487.8746,Adelantos transitorios del BCRA al Gobierno Nacional,Informe Monetario Diario,Saldos,D,En millones de ARS,ML
1225,2004-11-23,11487.8746,Adelantos transitorios del BCRA al Gobierno Nacional,Informe Monetario Diario,Saldos,D,En millones de ARS,ML
1225,2004-11-24,11487.8746,Adelantos transitorios del BCRA al Gobierno Nacional,Informe Monetario Diario,Saldos,D,En millones de ARS,ML
1225,2004-11-25,11487.8746,Adelantos transitorios del BCRA al Gobierno Nacional,Informe Monetario Diario,Saldos,D,En millones de ARS,ML
1225,2004-11-26,11487.8746,Adelantos transitorios del BCRA al Gobierno Nacional,Informe Monetario Diario,Saldos,D,En millones de ARS,ML
1225,2004-11-29,11487.8746,Adelantos transitorios del BCRA al Gobierno Nacional,Informe Monetario Diario,Saldos,D,En millones de ARS,ML
1225,2004-11-30,11487.8746,Adelantos transitorios del BCRA al Gobierno Nacional,Informe Monetario Diario,Saldos,D,En millones de ARS,ML
1225,2004-12-01,11487.8746,Adelantos transitorios del BCRA al Gobierno Nacional,Informe Monetario Diario,Saldos,D,En millones de ARS,ML
1225,2004-12-02,11487.8746,Adelantos transitorios del BCRA al Gobierno Nacional,Informe Monetario Diario,Saldos,D,En millones de ARS,ML
1225,2004-12-03,11487.8746,Adelantos transitorios del BCRA al Gobierno Nacional,Informe Monetario Diario,Saldos,D,En millones de ARS,ML
1225,2004-12-06,13312.9746,Adelantos transitorios del BCRA al Gobierno Nacional,Informe Monetario Diario,Saldos,D,En millones de ARS,ML
1225,2004-12-07,12049.2006,Adelantos transitorios del BCRA al Gobierno Nacional,Informe Monetario Diario,Saldos,D,En millones de ARS,ML
1225,2004-12-09,12049.2006,Adelantos transitorios del BCRA al Gobierno Nacional,Informe Monetario Diario,Saldos,D,En millones de ARS,ML
1225,2004-12-10,12049.2006,Adelantos transitorios del BCRA al Gobierno Nacional,Informe Monetario Diario,Saldos,D,En millones de ARS,ML
1225,2004-12-13,12049.2006,Adelantos transitorios del BCRA al Gobierno Nacional,Informe Monetario Diario,Saldos,D,En millones de ARS,ML
1225,2004-12-14,12049.2006,Adelantos transitorios del BCRA al Gobierno Nacional,Informe Monetario Diario,Saldos,D,En millones de ARS,ML
1225,2004-12-15,13309.2006,Adelantos transitorios del BCRA al Gobierno Nacional,Informe Monetario Diario,Saldos,D,En millones de ARS,ML
1225,2004-12-16,13309.2006,Adelantos transitorios del BCRA al Gobierno Nacional,Informe Monetario Diario,Saldos,D,En millones de ARS,ML
1225,2004-12-17,13309.2006,Adelantos transitorios del BCRA al Gobierno Nacional,Informe Monetario Diario,Saldos,D,En millones de ARS,ML
1225,2004-12-20,13309.2006,Adelantos transitorios del BCRA al Gobierno Nacional,Informe Monetario Diario,Saldos,D,En millones de ARS,ML
1225,2004-12-21,13309.2006,Adelantos transitorios del BCRA al Gobierno Nacional,Informe Monetario Diario,Saldos,D,En millones de ARS,ML
1225,2004-12-22,13309.2006,Adelantos transitorios del BCRA al Gobierno Nacional,Informe Monetario Diario,Saldos,D,En millones de ARS,ML
1225,2004-12-23,13309.2006,Adelantos transitorios del BCRA al Gobierno Nacional,Informe Monetario Diario,Saldos,D,En millones de ARS,ML
1225,2004-12-24,13309.2006,Adelantos transitorios del BCRA al Gobierno Nacional,Informe Monetario Diario,Saldos,D,En millones de ARS,ML
1225,2004-12-27,13309.2006,Adelantos transitorios del BCRA al Gobierno Nacional,Informe Monetario Diario,Saldos,D,En millones de ARS,ML
1225,2004-12-28,13309.2006,Adelantos transitorios del BCRA al Gobierno Nacional,Informe Monetario Diario,Saldos,D,En millones de ARS,ML
1225,2004-12-29,13309.2006,Adelantos transitorios del BCRA al Gobierno Nacional,Informe Monetario Diario,Saldos,D,En millones de ARS,ML
1225,2004-12-30,13309.2006,Adelantos transitorios del BCRA al Gobierno Nacional,Informe Monetario Diario,Saldos,D,En millones de ARS,ML
1225,2004-12-31,13309.2006,Adelantos transitorios del BCRA al Gobierno Nacional,Informe Monetario Diario,Saldos,D,En millones de ARS,ML
1225,2005-01-03,13309.2006,Adelantos transitorios del BCRA al Gobierno Nacional,Informe Monetario Diario,Saldos,D,En millones de ARS,ML
1225,2005-01-04,13309.2006,Adelantos transitorios del BCRA al Gobierno Nacional,Informe Monetario Diario,Saldos,D,En millones de ARS,ML
1225,2005-01-05,13309.2006,Adelantos transitorios del BCRA al Gobierno Nacional,Informe Monetario Diario,Saldos,D,En millones de ARS,ML
1225,2005-01-06,13309.2006,Adelantos transitorios del BCRA al Gobierno Nacional,Informe Monetario Diario,Saldos,D,En millones de ARS,ML
1225,2005-01-07,13309.2006,Adelantos transitorios del BCRA al Gobierno Nacional,Informe Monetario Diario,Saldos,D,En millones de ARS,ML
1225,2005-01-10,13309.2006,Adelantos transitorios del BCRA al Gobierno Nacional,Informe Monetario Diario,Saldos,D,En millones de ARS,ML
1225,2005-01-11,13309.2006,Adelantos transitorios del BCRA al Gobierno Nacional,Informe Monetario Diario,Saldos,D,En millones de ARS,ML
1225,2005-01-12,13309.2006,Adelantos transitorios del BCRA al Gobierno Nacional,Informe Monetario Diario,Saldos,D,En millones de ARS,ML
1225,2005-01-13,13309.2006,Adelantos transitorios del BCRA al Gobierno Nacional,Informe Monetario Diario,Saldos,D,En millones de ARS,ML
1225,2005-01-14,13309.2006,Adelantos transitorios del BCRA al Gobierno Nacional,Informe Monetario Diario,Saldos,D,En millones de ARS,ML
1225,2005-01-17,13309.2006,Adelantos transitorios del BCRA al Gobierno Nacional,Informe Monetario Diario,Saldos,D,En millones de ARS,ML
1225,2005-01-18,13309.2006,Adelantos transitorios del BCRA al Gobierno Nacional,Informe Monetario Diario,Saldos,D,En millones de ARS,ML
1225,2005-01-19,13309.2006,Adelantos transitorios del BCRA al Gobierno Nacional,Informe Monetario Diario,Saldos,D,En millones de ARS,ML
1225,2005-01-20,13909.2006,Adelantos transitorios del BCRA al Gobierno Nacional,Informe Monetario Diario,Saldos,D,En millones de ARS,ML
1225,2005-01-21,13909.2006,Adelantos transitorios del BCRA al Gobierno Nacional,Informe Monetario Diario,Saldos,D,En millones de ARS,ML
1225,2005-01-24,13909.2006,Adelantos transitorios del BCRA al Gobierno Nacional,Informe Monetario Diario,Saldos,D,En millones de ARS,ML
1225,2005-01-25,12109.2006,Adelantos transitorios del BCRA al Gobierno Nacional,Informe Monetario Diario,Saldos,D,En millones de ARS,ML
1225,2005-01-26,12109.2006,Adelantos transitorios del BCRA al Gobierno Nacional,Informe Monetario Diario,Saldos,D,En millones de ARS,ML
1225,2005-01-27,13309.2006,Adelantos transitorios del BCRA al Gobierno Nacional,Informe Monetario Diario,Saldos,D,En millones de ARS,ML
1225,2005-01-28,13309.2006,Adelantos transitorios del BCRA al Gobierno Nacional,Informe Monetario Diario,Saldos,D,En millones de ARS,ML
1225,2005-01-31,13309.2006,Adelantos transitorios del BCRA al Gobierno Nacional,Informe Monetario Diario,Saldos,D,En millones de ARS,ML
1225,2005-02-01,13309.2006,Adelantos transitorios del BCRA al Gobierno Nacional,Informe Monetario Diario,Saldos,D,En millones de ARS,ML
1225,2005-02-02,13309.2006,Adelantos transitorios del BCRA al Gobierno Nacional,Informe Monetario Diario,Saldos,D,En millones de ARS,ML
1225,2005-02-03,13309.2006,Adelantos transitorios del BCRA al Gobierno Nacional,Informe Monetario Diario,Saldos,D,En millones de ARS,ML
1225,2005-02-04,13309.2006,Adelantos transitorios del BCRA al Gobierno Nacional,Informe Monetario Diario,Saldos,D,En millones de ARS,ML
1225,2005-02-07,13309.2006,Adelantos transitorios del BCRA al Gobierno Nacional,Informe Monetario Diario,Saldos,D,En millones de ARS,ML
1225,2005-02-08,12509.2006,Adelantos transitorios del BCRA al Gobierno Nacional,Informe Monetario Diario,Saldos,D,En millones de ARS,ML
1225,2005-02-09,12509.2006,Adelantos transitorios del BCRA al Gobierno Nacional,Informe Monetario Diario,Saldos,D,En millones de ARS,ML
1225,2005-02-10,13909.2006,Adelantos transitorios del BCRA al Gobierno Nacional,Informe Monetario Diario,Saldos,D,En millones de ARS,ML
1225,2005-02-11,13909.2006,Adelantos transitorios del BCRA al Gobierno Nacional,Informe Monetario Diario,Saldos,D,En millones de ARS,ML
1225,2005-02-14,13909.2006,Adelantos transitorios del BCRA al Gobierno Nacional,Informe Monetario Diario,Saldos,D,En millones de ARS,ML
1225,2005-02-15,13209.2006,Adelantos transitorios del BCRA al Gobierno Nacional,Informe Monetario Diario,Saldos,D,En millones de ARS,ML
1225,2005-02-16,11918.2006,Adelantos transitorios del BCRA al Gobierno Nacional,Informe Monetario Diario,Saldos,D,En millones de ARS,ML
1225,2005-02-17,11918.2006,Adelantos transitorios del BCRA al Gobierno Nacional,Informe Monetario Diario,Saldos,D,En millones de ARS,ML
1225,2005-02-18,11918.2006,Adelantos transitorios del BCRA al Gobierno Nacional,Informe Monetario Diario,Saldos,D,En millones de ARS,ML
1225,2005-02-21,11918.2006,Adelantos transitorios del BCRA al Gobierno Nacional,Informe Monetario Diario,Saldos,D,En millones de ARS,ML
1225,2005-02-22,11918.2006,Adelantos transitorios del BCRA al Gobierno Nacional,Informe Monetario Diario,Saldos,D,En millones de ARS,ML
1225,2005-02-23,11918.2006,Adelantos transitorios del BCRA al Gobierno Nacional,Informe Monetario Diario,Saldos,D,En millones de ARS,ML
1225,2005-02-24,13118.2006,Adelantos transitorios del BCRA al Gobierno Nacional,Informe Monetario Diario,Saldos,D,En millones de ARS,ML
1225,2005-02-25,13118.2006,Adelantos transitorios del BCRA al Gobierno Nacional,Informe Monetario Diario,Saldos,D,En millones de ARS,ML
1225,2005-02-28,13118.2006,Adelantos transitorios del BCRA al Gobierno Nacional,Informe Monetario Diario,Saldos,D,En millones de ARS,ML
1225,2005-03-01,13118.2006,Adelantos transitorios del BCRA al Gobierno Nacional,Informe Monetario Diario,Saldos,D,En millones de ARS,ML
1225,2005-03-02,13118.2006,Adelantos transitorios del BCRA al Gobierno Nacional,Informe Monetario Diario,Saldos,D,En millones de ARS,ML
1225,2005-03-03,13118.2006,Adelantos transitorios del BCRA al Gobierno Nacional,Informe Monetario Diario,Saldos,D,En millones de ARS,ML
1225,2005-03-04,13118.2006,Adelantos transitorios del BCRA al Gobierno Nacional,Informe Monetario Diario,Saldos,D,En millones de ARS,ML
1225,2005-03-07,13118.2006,Adelantos transitorios del BCRA al Gobierno Nacional,Informe Monetario Diario,Saldos,D,En millones de ARS,ML
1225,2005-03-08,13118.2006,Adelantos transitorios del BCRA al Gobierno Nacional,Informe Monetario Diario,Saldos,D,En millones de ARS,ML
1225,2005-03-09,13118.2006,Adelantos transitorios del BCRA al Gobierno Nacional,Informe Monetario Diario,Saldos,D,En millones de ARS,ML
1225,2005-03-10,13118.2006,Adelantos transitorios del BCRA al Gobierno Nacional,Informe Monetario Diario,Saldos,D,En millones de ARS,ML
1225,2005-03-11,13118.2006,Adelantos transitorios del BCRA al Gobierno Nacional,Informe Monetario Diario,Saldos,D,En millones de ARS,ML
1225,2005-03-14,13118.2006,Adelantos transitorios del BCRA al Gobierno Nacional,Informe Monetario Diario,Saldos,D,En millones de ARS,ML
1225,2005-03-15,13118.2006,Adelantos transitorios del BCRA al Gobierno Nacional,Informe Monetario Diario,Saldos,D,En millones de ARS,ML
1225,2005-03-16,13118.2006,Adelantos transitorios del BCRA al Gobierno Nacional,Informe Monetario Diario,Saldos,D,En millones de ARS,ML
1225,2005-03-17,13118.2006,Adelantos transitorios del BCRA al Gobierno Nacional,Informe Monetario Diario,Saldos,D,En millones de ARS,ML
1225,2005-03-18,13118.2006,Adelantos transitorios del BCRA al Gobierno Nacional,Informe Monetario Diario,Saldos,D,En millones de ARS,ML
1225,2005-03-21,13118.2006,Adelantos transitorios del BCRA al Gobierno Nacional,Informe Monetario Diario,Saldos,D,En millones de ARS,ML
1225,2005-03-22,13118.2006,Adelantos transitorios del BCRA al Gobierno Nacional,Informe Monetario Diario,Saldos,D,En millones de ARS,ML
1225,2005-03-23,13118.2006,Adelantos transitorios del BCRA al Gobierno Nacional,Informe Monetario Diario,Saldos,D,En millones de ARS,ML
1225,2005-03-28,13118.2006,Adelantos transitorios del BCRA al Gobierno Nacional,Informe Monetario Diario,Saldos,D,En millones de ARS,ML
1225,2005-03-29,13118.2006,Adelantos transitorios del BCRA al Gobierno Nacional,Informe Monetario Diario,Saldos,D,En millones de ARS,ML
1225,2005-03-30,13118.2006,Adelantos transitorios del BCRA al Gobierno Nacional,Informe Monetario Diario,Saldos,D,En millones de ARS,ML
1225,2005-03-31,13118.2006,Adelantos transitorios del BCRA al Gobierno Nacional,Informe Monetario Diario,Saldos,D,En millones de ARS,ML
1225,2005-04-01,13118.2006,Adelantos transitorios del BCRA al Gobierno Nacional,Informe Monetario Diario,Saldos,D,En millones de ARS,ML
1225,2005-04-04,13118.2006,Adelantos transitorios del BCRA al Gobierno Nacional,Informe Monetario Diario,Saldos,D,En millones de ARS,ML
1225,2005-04-05,13118.2006,Adelantos transitorios del BCRA al Gobierno Nacional,Informe Monetario Diario,Saldos,D,En millones de ARS,ML
1225,2005-04-06,13118.2006,Adelantos transitorios del BCRA al Gobierno Nacional,Informe Monetario Diario,Saldos,D,En millones de ARS,ML
1225,2005-04-07,13118.2006,Adelantos transitorios del BCRA al Gobierno Nacional,Informe Monetario Diario,Saldos,D,En millones de ARS,ML
1225,2005-04-08,13118.2006,Adelantos transitorios del BCRA al Gobierno Nacional,Informe Monetario Diario,Saldos,D,En millones de ARS,ML
1225,2005-04-11,13118.2006,Adelantos transitorios del BCRA al Gobierno Nacional,Informe Monetario Diario,Saldos,D,En millones de ARS,ML
1225,2005-04-12,13118.2006,Adelantos transitorios del BCRA al Gobierno Nacional,Informe Monetario Diario,Saldos,D,En millones de ARS,ML
1225,2005-04-13,13118.2006,Adelantos transitorios del BCRA al Gobierno Nacional,Informe Monetario Diario,Saldos,D,En millones de ARS,ML
1225,2005-04-14,13118.2006,Adelantos transitorios del BCRA al Gobierno Nacional,Informe Monetario Diario,Saldos,D,En millones de ARS,ML
1225,2005-04-15,13118.2006,Adelantos transitorios del BCRA al Gobierno Nacional,Informe Monetario Diario,Saldos,D,En millones de ARS,ML
1225,2005-04-18,13118.2006,Adelantos transitorios del BCRA al Gobierno Nacional,Informe Monetario Diario,Saldos,D,En millones de ARS,ML
1225,2005-04-19,13118.2006,Adelantos transitorios del BCRA al Gobierno Nacional,Informe Monetario Diario,Saldos,D,En millones de ARS,ML
1225,2005-04-20,12518.2006,Adelantos transitorios del BCRA al Gobierno Nacional,Informe Monetario Diario,Saldos,D,En millones de ARS,ML
1225,2005-04-21,13718.2006,Adelantos transitorios del BCRA al Gobierno Nacional,Informe Monetario Diario,Saldos,D,En millones de ARS,ML
1225,2005-04-22,13718.2006,Adelantos transitorios del BCRA al Gobierno Nacional,Informe Monetario Diario,Saldos,D,En millones de ARS,ML
1225,2005-04-25,13718.2006,Adelantos transitorios del BCRA al Gobierno Nacional,Informe Monetario Diario,Saldos,D,En millones de ARS,ML
1225,2005-04-26,13718.2006,Adelantos transitorios del BCRA al Gobierno Nacional,Informe Monetario Diario,Saldos,D,En millones de ARS,ML
1225,2005-04-27,13718.2006,Adelantos transitorios del BCRA al Gobierno Nacional,Informe Monetario Diario,Saldos,D,En millones de ARS,ML
1225,2005-04-28,14318.2006,Adelantos transitorios del BCRA al Gobierno Nacional,Informe Monetario Diario,Saldos,D,En millones de ARS,ML
1225,2005-04-29,14318.2006,Adelantos transitorios del BCRA al Gobierno Nacional,Informe Monetario Diario,Saldos,D,En millones de ARS,ML
1225,2005-05-02,13688.2006,Adelantos transitorios del BCRA al Gobierno Nacional,Informe Monetario Diario,Saldos,D,En millones de ARS,ML
1225,2005-05-03,13688.2006,Adelantos transitorios del BCRA al Gobierno Nacional,Informe Monetario Diario,Saldos,D,En millones de ARS,ML
1225,2005-05-04,13688.2006,Adelantos transitorios del BCRA al Gobierno Nacional,Informe Monetario Diario,Saldos,D,En millones de ARS,ML
1225,2005-05-05,14288.2006,Adelantos transitorios del BCRA al Gobierno Nacional,Informe Monetario Diario,Saldos,D,En millones de ARS,ML
1225,2005-05-06,14288.2006,Adelantos transitorios del BCRA al Gobierno Nacional,Informe Monetario Diario,Saldos,D,En millones de ARS,ML
1225,2005-05-09,14288.2006,Adelantos transitorios del BCRA al Gobierno Nacional,Informe Monetario Diario,Saldos,D,En millones de ARS,ML
1225,2005-05-10,14288.2006,Adelantos transitorios del BCRA al Gobierno Nacional,Informe Monetario Diario,Saldos,D,En millones de ARS,ML
1225,2005-05-11,14288.2006,Adelantos transitorios del BCRA al Gobierno Nacional,Informe Monetario Diario,Saldos,D,En millones de ARS,ML
1225,2005-05-12,14288.2006,Adelantos transitorios del BCRA al Gobierno Nacional,Informe Monetario Diario,Saldos,D,En millones de ARS,ML
1225,2005-05-13,14288.2006,Adelantos transitorios del BCRA al Gobierno Nacional,Informe Monetario Diario,Saldos,D,En millones de ARS,ML
1225,2005-05-16,14288.2006,Adelantos transitorios del BCRA al Gobierno Nacional,Informe Monetario Diario,Saldos,D,En millones de ARS,ML
1225,2005-05-17,14288.2006,Adelantos transitorios del BCRA al Gobierno Nacional,Informe Monetario Diario,Saldos,D,En millones de ARS,ML
1225,2005-05-18,14288.2006,Adelantos transitorios del BCRA al Gobierno Nacional,Informe Monetario Diario,Saldos,D,En millones de ARS,ML
1225,2005-05-19,14288.2006,Adelantos transitorios del BCRA al Gobierno Nacional,Informe Monetario Diario,Saldos,D,En millones de ARS,ML
1225,2005-05-20,14288.2006,Adelantos transitorios del BCRA al Gobierno Nacional,Informe Monetario Diario,Saldos,D,En millones de ARS,ML
1225,2005-05-23,14288.2006,Adelantos transitorios del BCRA al Gobierno Nacional,Informe Monetario Diario,Saldos,D,En millones de ARS,ML
1225,2005-05-24,14288.2006,Adelantos transitorios del BCRA al Gobierno Nacional,Informe Monetario Diario,Saldos,D,En millones de ARS,ML
1225,2005-05-26,14288.2006,Adelantos transitorios del BCRA al Gobierno Nacional,Informe Monetario Diario,Saldos,D,En millones de ARS,ML
1225,2005-05-27,14288.2006,Adelantos transitorios del BCRA al Gobierno Nacional,Informe Monetario Diario,Saldos,D,En millones de ARS,ML
1225,2005-05-30,14288.2006,Adelantos transitorios del BCRA al Gobierno Nacional,Informe Monetario Diario,Saldos,D,En millones de ARS,ML
1225,2005-05-31,14288.2006,Adelantos transitorios del BCRA al Gobierno Nacional,Informe Monetario Diario,Saldos,D,En millones de ARS,ML
1225,2005-06-01,14288.2006,Adelantos transitorios del BCRA al Gobierno Nacional,Informe Monetario Diario,Saldos,D,En millones de ARS,ML
1225,2005-06-02,14288.2006,Adelantos transitorios del BCRA al Gobierno Nacional,Informe Monetario Diario,Saldos,D,En millones de ARS,ML
1225,2005-06-03,14288.2006,Adelantos transitorios del BCRA al Gobierno Nacional,Informe Monetario Diario,Saldos,D,En millones de ARS,ML
1225,2005-06-06,14288.2006,Adelantos transitorios del BCRA al Gobierno Nacional,Informe Monetario Diario,Saldos,D,En millones de ARS,ML
1225,2005-06-07,14288.2006,Adelantos transitorios del BCRA al Gobierno Nacional,Informe Monetario Diario,Saldos,D,En millones de ARS,ML
1225,2005-06-08,14288.2006,Adelantos transitorios del BCRA al Gobierno Nacional,Informe Monetario Diario,Saldos,D,En millones de ARS,ML
1225,2005-06-09,13888.2,Adelantos transitorios del BCRA al Gobierno Nacional,Informe Monetario Diario,Saldos,D,En millones de ARS,ML
1225,2005-06-10,13888.2,Adelantos transitorios del BCRA al Gobierno Nacional,Informe Monetario Diario,Saldos,D,En millones de ARS,ML
1225,2005-06-13,13888.2,Adelantos transitorios del BCRA al Gobierno Nacional,Informe Monetario Diario,Saldos,D,En millones de ARS,ML
1225,2005-06-14,13888.2,Adelantos transitorios del BCRA al Gobierno Nacional,Informe Monetario Diario,Saldos,D,En millones de ARS,ML
1225,2005-06-15,13888.2,Adelantos transitorios del BCRA al Gobierno Nacional,Informe Monetario Diario,Saldos,D,En millones de ARS,ML
1225,2005-06-16,13888.2,Adelantos transitorios del BCRA al Gobierno Nacional,Informe Monetario Diario,Saldos,D,En millones de ARS,ML
1225,2005-06-17,13888.2,Adelantos transitorios del BCRA al Gobierno Nacional,Informe Monetario Diario,Saldos,D,En millones de ARS,ML
1225,2005-06-21,13888.2,Adelantos transitorios del BCRA al Gobierno Nacional,Informe Monetario Diario,Saldos,D,En millones de ARS,ML
1225,2005-06-22,13888.2,Adelantos transitorios del BCRA al Gobierno Nacional,Informe Monetario Diario,Saldos,D,En millones de ARS,ML
1225,2005-06-23,13888.2,Adelantos transitorios del BCRA al Gobierno Nacional,Informe Monetario Diario,Saldos,D,En millones de ARS,ML
1225,2005-06-24,13888.2,Adelantos transitorios del BCRA al Gobierno Nacional,Informe Monetario Diario,Saldos,D,En millones de ARS,ML
1225,2005-06-27,13888.2,Adelantos transitorios del BCRA al Gobierno Nacional,Informe Monetario Diario,Saldos,D,En millones de ARS,ML
1225,2005-06-28,13888.2,Adelantos transitorios del BCRA al Gobierno Nacional,Informe Monetario Diario,Saldos,D,En millones de ARS,ML
1225,2005-06-29,13888.2,Adelantos transitorios del BCRA al Gobierno Nacional,Informe Monetario Diario,Saldos,D,En millones de ARS,ML
1225,2005-06-30,13888.2,Adelantos transitorios del BCRA al Gobierno Nacional,Informe Monetario Diario,Saldos,D,En millones de ARS,ML
1225,2005-07-01,14288.2,Adelantos transitorios del BCRA al Gobierno Nacional,Informe Monetario Diario,Saldos,D,En millones de ARS,ML
1225,2005-07-04,14288.2,Adelantos transitorios del BCRA al Gobierno Nacional,Informe Monetario Diario,Saldos,D,En millones de ARS,ML
1225,2005-07-05,14288.2,Adelantos transitorios del BCRA al Gobierno Nacional,Informe Monetario Diario,Saldos,D,En millones de ARS,ML
1225,2005-07-06,14288.2,Adelantos transitorios del BCRA al Gobierno Nacional,Informe Monetario Diario,Saldos,D,En millones de ARS,ML
1225,2005-07-07,14288.2,Adelantos transitorios del BCRA al Gobierno Nacional,Informe Monetario Diario,Saldos,D,En millones de ARS,ML
1225,2005-07-08,14288.2,Adelantos transitorios del BCRA al Gobierno Nacional,Informe Monetario Diario,Saldos,D,En millones de ARS,ML
1225,2005-07-11,14288.2,Adelantos transitorios del BCRA al Gobierno Nacional,Informe Monetario Diario,Saldos,D,En millones de ARS,ML
1225,2005-07-12,14288.2,Adelantos transitorios del BCRA al Gobierno Nacional,Informe Monetario Diario,Saldos,D,En millones de ARS,ML
1225,2005-07-13,14288.2,Adelantos transitorios del BCRA al Gobierno Nacional,Informe Monetario Diario,Saldos,D,En millones de ARS,ML
1225,2005-07-14,14288.2,Adelantos transitorios del BCRA al Gobierno Nacional,Informe Monetario Diario,Saldos,D,En millones de ARS,ML
1225,2005-07-15,14288.2,Adelantos transitorios del BCRA al Gobierno Nacional,Informe Monetario Diario,Saldos,D,En millones de ARS,ML
1225,2005-07-18,14288.2,Adelantos transitorios del BCRA al Gobierno Nacional,Informe Monetario Diario,Saldos,D,En millones de ARS,ML
1225,2005-07-19,14288.2,Adelantos transitorios del BCRA al Gobierno Nacional,Informe Monetario Diario,Saldos,D,En millones de ARS,ML
1225,2005-07-20,14288.2,Adelantos transitorios del BCRA al Gobierno Nacional,Informe Monetario Diario,Saldos,D,En millones de ARS,ML
1225,2005-07-21,13938.2,Adelantos transitorios del BCRA al Gobierno Nacional,Informe Monetario Diario,Saldos,D,En millones de ARS,ML
1225,2005-07-22,13938.2,Adelantos transitorios del BCRA al Gobierno Nacional,Informe Monetario Diario,Saldos,D,En millones de ARS,ML
1225,2005-07-25,13938.2,Adelantos transitorios del BCRA al Gobierno Nacional,Informe Monetario Diario,Saldos,D,En millones de ARS,ML
1225,2005-07-26,13938.2,Adelantos transitorios del BCRA al Gobierno Nacional,Informe Monetario Diario,Saldos,D,En millones de ARS,ML
1225,2005-07-27,13938.2,Adelantos transitorios del BCRA al Gobierno Nacional,Informe Monetario Diario,Saldos,D,En millones de ARS,ML
1225,2005-07-28,14938.2,Adelantos transitorios del BCRA al Gobierno Nacional,Informe Monetario Diario,Saldos,D,En millones de ARS,ML
1225,2005-07-29,14938.2,Adelantos transitorios del BCRA al Gobierno Nacional,Informe Monetario Diario,Saldos,D,En millones de ARS,ML
1225,2005-08-01,14938.2,Adelantos transitorios del BCRA al Gobierno Nacional,Informe Monetario Diario,Saldos,D,En millones de ARS,ML
1225,2005-08-02,14938.2,Adelantos transitorios del BCRA al Gobierno Nacional,Informe Monetario Diario,Saldos,D,En millones de ARS,ML
1225,2005-08-03,14938.2,Adelantos transitorios del BCRA al Gobierno Nacional,Informe Monetario Diario,Saldos,D,En millones de ARS,ML
1225,2005-08-04,14938.2,Adelantos transitorios del BCRA al Gobierno Nacional,Informe Monetario Diario,Saldos,D,En millones de ARS,ML
1225,2005-08-05,14938.2,Adelantos transitorios del BCRA al Gobierno Nacional,Informe Monetario Diario,Saldos,D,En millones de ARS,ML
1225,2005-08-08,14938.2,Adelantos transitorios del BCRA al Gobierno Nacional,Informe Monetario Diario,Saldos,D,En millones de ARS,ML
1225,2005-08-09,14938.2,Adelantos transitorios del BCRA al Gobierno Nacional,Informe Monetario Diario,Saldos,D,En millones de ARS,ML
1225,2005-08-10,14938.2,Adelantos transitorios del BCRA al Gobierno Nacional,Informe Monetario Diario,Saldos,D,En millones de ARS,ML
1225,2005-08-11,14938.2,Adelantos transitorios del BCRA al Gobierno Nacional,Informe Monetario Diario,Saldos,D,En millones de ARS,ML
1225,2005-08-12,14938.2,Adelantos transitorios del BCRA al Gobierno Nacional,Informe Monetario Diario,Saldos,D,En millones de ARS,ML
1225,2005-08-16,14938.2,Adelantos transitorios del BCRA al Gobierno Nacional,Informe Monetario Diario,Saldos,D,En millones de ARS,ML
1225,2005-08-17,14938.2,Adelantos transitorios del BCRA al Gobierno Nacional,Informe Monetario Diario,Saldos,D,En millones de ARS,ML
1225,2005-08-18,14938.2,Adelantos transitorios del BCRA al Gobierno Nacional,Informe Monetario Diario,Saldos,D,En millones de ARS,ML
1225,2005-08-19,14938.2,Adelantos transitorios del BCRA al Gobierno Nacional,Informe Monetario Diario,Saldos,D,En millones de ARS,ML
1225,2005-08-22,14938.2,Adelantos transitorios del BCRA al Gobierno Nacional,Informe Monetario Diario,Saldos,D,En millones de ARS,ML
1225,2005-08-23,14538.2,Adelantos transitorios del BCRA al Gobierno Nacional,Informe Monetario Diario,Saldos,D,En millones de ARS,ML
1225,2005-08-24,14538.2,Adelantos transitorios del BCRA al Gobierno Nacional,Informe Monetario Diario,Saldos,D,En millones de ARS,ML
1225,2005-08-25,14538.2,Adelantos transitorios del BCRA al Gobierno Nacional,Informe Monetario Diario,Saldos,D,En millones de ARS,ML
1225,2005-08-26,15288.2,Adelantos transitorios del BCRA al Gobierno Nacional,Informe Monetario Diario,Saldos,D,En millones de ARS,ML
1225,2005-08-29,15288.2,Adelantos transitorios del BCRA al Gobierno Nacional,Informe Monetario Diario,Saldos,D,En millones de ARS,ML
1225,2005-08-30,15288.2,Adelantos transitorios del BCRA al Gobierno Nacional,Informe Monetario Diario,Saldos,D,En millones de ARS,ML
1225,2005-08-31,14938.2,Adelantos transitorios del BCRA al Gobierno Nacional,Informe Monetario Diario,Saldos,D,En millones de ARS,ML
1225,2005-09-01,14938.2,Adelantos transitorios del BCRA al Gobierno Nacional,Informe Monetario Diario,Saldos,D,En millones de ARS,ML
1225,2005-09-02,14938.2,Adelantos transitorios del BCRA al Gobierno Nacional,Informe Monetario Diario,Saldos,D,En millones de ARS,ML
1225,2005-09-05,14938.2,Adelantos transitorios del BCRA al Gobierno Nacional,Informe Monetario Diario,Saldos,D,En millones de ARS,ML
1225,2005-09-06,14938.2,Adelantos transitorios del BCRA al Gobierno Nacional,Informe Monetario Diario,Saldos,D,En millones de ARS,ML
1225,2005-09-07,14938.2,Adelantos transitorios del BCRA al Gobierno Nacional,Informe Monetario Diario,Saldos,D,En millones de ARS,ML
1225,2005-09-08,15288.2,Adelantos transitorios del BCRA al Gobierno Nacional,Informe Monetario Diario,Saldos,D,En millones de ARS,ML
1225,2005-09-09,15288.2,Adelantos transitorios del BCRA al Gobierno Nacional,Informe Monetario Diario,Saldos,D,En millones de ARS,ML
1225,2005-09-12,15288.2,Adelantos transitorios del BCRA al Gobierno Nacional,Informe Monetario Diario,Saldos,D,En millones de ARS,ML
1225,2005-09-13,15288.2,Adelantos transitorios del BCRA al Gobierno Nacional,Informe Monetario Diario,Saldos,D,En millones de ARS,ML
1225,2005-09-14,15288.2,Adelantos transitorios del BCRA al Gobierno Nacional,Informe Monetario Diario,Saldos,D,En millones de ARS,ML
1225,2005-09-15,15288.2,Adelantos transitorios del BCRA al Gobierno Nacional,Informe Monetario Diario,Saldos,D,En millones de ARS,ML
1225,2005-09-16,15288.2,Adelantos transitorios del BCRA al Gobierno Nacional,Informe Monetario Diario,Saldos,D,En millones de ARS,ML
1225,2005-09-19,15288.2,Adelantos transitorios del BCRA al Gobierno Nacional,Informe Monetario Diario,Saldos,D,En millones de ARS,ML
1225,2005-09-20,15288.2,Adelantos transitorios del BCRA al Gobierno Nacional,Informe Monetario Diario,Saldos,D,En millones de ARS,ML
1225,2005-09-21,15288.2,Adelantos transitorios del BCRA al Gobierno Nacional,Informe Monetario Diario,Saldos,D,En millones de ARS,ML
1225,2005-09-22,15288.2,Adelantos transitorios del BCRA al Gobierno Nacional,Informe Monetario Diario,Saldos,D,En millones de ARS,ML
1225,2005-09-23,15458.2,Adelantos transitorios del BCRA al Gobierno Nacional,Informe Monetario Diario,Saldos,D,En millones de ARS,ML
1225,2005-09-26,15458.2,Adelantos transitorios del BCRA al Gobierno Nacional,Informe Monetario Diario,Saldos,D,En millones de ARS,ML
1225,2005-09-27,15458.2,Adelantos transitorios del BCRA al Gobierno Nacional,Informe Monetario Diario,Saldos,D,En millones de ARS,ML
1225,2005-09-28,15458.2,Adelantos transitorios del BCRA al Gobierno Nacional,Informe Monetario Diario,Saldos,D,En millones de ARS,ML
1225,2005-09-29,15458.2,Adelantos transitorios del BCRA al Gobierno Nacional,Informe Monetario Diario,Saldos,D,En millones de ARS,ML
1225,2005-09-30,15458.2,Adelantos transitorios del BCRA al Gobierno Nacional,Informe Monetario Diario,Saldos,D,En millones de ARS,ML
1225,2005-10-03,15063.1,Adelantos transitorios del BCRA al Gobierno Nacional,Informe Monetario Diario,Saldos,D,En millones de ARS,ML
1225,2005-10-04,15063.1,Adelantos transitorios del BCRA al Gobierno Nacional,Informe Monetario Diario,Saldos,D,En millones de ARS,ML
1225,2005-10-05,15063.1,Adelantos transitorios del BCRA al Gobierno Nacional,Informe Monetario Diario,Saldos,D,En millones de ARS,ML
1225,2005-10-06,15458.2,Adelantos transitorios del BCRA al Gobierno Nacional,Informe Monetario Diario,Saldos,D,En millones de ARS,ML
1225,2005-10-07,15458.2,Adelantos transitorios del BCRA al Gobierno Nacional,Informe Monetario Diario,Saldos,D,En millones de ARS,ML
1225,2005-10-11,15458.2,Adelantos transitorios del BCRA al Gobierno Nacional,Informe Monetario Diario,Saldos,D,En millones de ARS,ML
1225,2005-10-12,14942.2,Adelantos transitorios del BCRA al Gobierno Nacional,Informe Monetario Diario,Saldos,D,En millones de ARS,ML
1225,2005-10-13,15458.2,Adelantos transitorios del BCRA al Gobierno Nacional,Informe Monetario Diario,Saldos,D,En millones de ARS,ML
1225,2005-10-14,15458.2,Adelantos transitorios del BCRA al Gobierno Nacional,Informe Monetario Diario,Saldos,D,En millones de ARS,ML
1225,2005-10-17,15458.2,Adelantos transitorios del BCRA al Gobierno Nacional,Informe Monetario Diario,Saldos,D,En millones de ARS,ML
1225,2005-10-18,15458.2,Adelantos transitorios del BCRA al Gobierno Nacional,Informe Monetario Diario,Saldos,D,En millones de ARS,ML
1225,2005-10-19,15458.2,Adelantos transitorios del BCRA al Gobierno Nacional,Informe Monetario Diario,Saldos,D,En millones de ARS,ML
1225,2005-10-20,14758.2,Adelantos transitorios del BCRA al Gobierno Nacional,Informe Monetario Diario,Saldos,D,En millones de ARS,ML
1225,2005-10-21,14758.2,Adelantos transitorios del BCRA al Gobierno Nacional,Informe Monetario Diario,Saldos,D,En millones de ARS,ML
1225,2005-10-24,14758.2,Adelantos transitorios del BCRA al Gobierno Nacional,Informe Monetario Diario,Saldos,D,En millones de ARS,ML
1225,2005-10-25,14758.2,Adelantos transitorios del BCRA al Gobierno Nacional,Informe Monetario Diario,Saldos,D,En millones de ARS,ML
1225,2005-10-26,14758.2,Adelantos transitorios del BCRA al Gobierno Nacional,Informe Monetario Diario,Saldos,D,En millones de ARS,ML
1225,2005-10-27,15848.2,Adelantos transitorios del BCRA al Gobierno Nacional,Informe Monetario Diario,Saldos,D,En millones de ARS,ML
1225,2005-10-28,15848.2,Adelantos transitorios del BCRA al Gobierno Nacional,Informe Monetario Diario,Saldos,D,En millones de ARS,ML
1225,2005-10-31,15848.2,Adelantos transitorios del BCRA al Gobierno Nacional,Informe Monetario Diario,Saldos,D,En millones de ARS,ML
1225,2005-11-01,15848.2,Adelantos transitorios del BCRA al Gobierno Nacional,Informe Monetario Diario,Saldos,D,En millones de ARS,ML
1225,2005-11-02,15848.2,Adelantos transitorios del BCRA al Gobierno Nacional,Informe Monetario Diario,Saldos,D,En millones de ARS,ML
1225,2005-11-03,15848.2,Adelantos transitorios del BCRA al Gobierno Nacional,Informe Monetario Diario,Saldos,D,En millones de ARS,ML
1225,2005-11-04,15848.2,Adelantos transitorios del BCRA al Gobierno Nacional,Informe Monetario Diario,Saldos,D,En millones de ARS,ML
1225,2005-11-07,15848.2,Adelantos transitorios del BCRA al Gobierno Nacional,Informe Monetario Diario,Saldos,D,En millones de ARS,ML
1225,2005-11-08,15848.2,Adelantos transitorios del BCRA al Gobierno Nacional,Informe Monetario Diario,Saldos,D,En millones de ARS,ML
1225,2005-11-09,15398.2,Adelantos transitorios del BCRA al Gobierno Nacional,Informe Monetario Diario,Saldos,D,En millones de ARS,ML
1225,2005-11-10,15848.2,Adelantos transitorios del BCRA al Gobierno Nacional,Informe Monetario Diario,Saldos,D,En millones de ARS,ML
1225,2005-11-11,15848.2,Adelantos transitorios del BCRA al Gobierno Nacional,Informe Monetario Diario,Saldos,D,En millones de ARS,ML
1225,2005-11-14,15006.2,Adelantos transitorios del BCRA al Gobierno Nacional,Informe Monetario Diario,Saldos,D,En millones de ARS,ML
1225,2005-11-15,15006.2,Adelantos transitorios del BCRA al Gobierno Nacional,Informe Monetario Diario,Saldos,D,En millones de ARS,ML
1225,2005-11-16,14006.2,Adelantos transitorios del BCRA al Gobierno Nacional,Informe Monetario Diario,Saldos,D,En millones de ARS,ML
1225,2005-11-17,15848.2,Adelantos transitorios del BCRA al Gobierno Nacional,Informe Monetario Diario,Saldos,D,En millones de ARS,ML
1225,2005-11-18,15848.2,Adelantos transitorios del BCRA al Gobierno Nacional,Informe Monetario Diario,Saldos,D,En millones de ARS,ML
1225,2005-11-21,15023.1,Adelantos transitorios del BCRA al Gobierno Nacional,Informe Monetario Diario,Saldos,D,En millones de ARS,ML
1225,2005-11-22,15023.1,Adelantos transitorios del BCRA al Gobierno Nacional,Informe Monetario Diario,Saldos,D,En millones de ARS,ML
1225,2005-11-23,15023.1,Adelantos transitorios del BCRA al Gobierno Nacional,Informe Monetario Diario,Saldos,D,En millones de ARS,ML
1225,2005-11-24,15023.1,Adelantos transitorios del BCRA al Gobierno Nacional,Informe Monetario Diario,Saldos,D,En millones de ARS,ML
1225,2005-11-25,13763.1,Adelantos transitorios del BCRA al Gobierno Nacional,Informe Monetario Diario,Saldos,D,En millones de ARS,ML
1225,2005-11-28,13763.1,Adelantos transitorios del BCRA al Gobierno Nacional,Informe Monetario Diario,Saldos,D,En millones de ARS,ML
1225,2005-11-29,13763.1,Adelantos transitorios del BCRA al Gobierno Nacional,Informe Monetario Diario,Saldos,D,En millones de ARS,ML
1225,2005-11-30,13763.1,Adelantos transitorios del BCRA al Gobierno Nacional,Informe Monetario Diario,Saldos,D,En millones de ARS,ML
1225,2005-12-01,14863.1,Adelantos transitorios del BCRA al Gobierno Nacional,Informe Monetario Diario,Saldos,D,En millones de ARS,ML
1225,2005-12-02,14863.1,Adelantos transitorios del BCRA al Gobierno Nacional,Informe Monetario Diario,Saldos,D,En millones de ARS,ML
1225,2005-12-05,14863.1,Adelantos transitorios del BCRA al Gobierno Nacional,Informe Monetario Diario,Saldos,D,En millones de ARS,ML
1225,2005-12-06,14863.1,Adelantos transitorios del BCRA al Gobierno Nacional,Informe Monetario Diario,Saldos,D,En millones de ARS,ML
1225,2005-12-07,14863.1,Adelantos transitorios del BCRA al Gobierno Nacional,Informe Monetario Diario,Saldos,D,En millones de ARS,ML
1225,2005-12-09,14863.1,Adelantos transitorios del BCRA al Gobierno Nacional,Informe Monetario Diario,Saldos,D,En millones de ARS,ML
1225,2005-12-12,14863.1,Adelantos transitorios del BCRA al Gobierno Nacional,Informe Monetario Diario,Saldos,D,En millones de ARS,ML
1225,2005-12-13,14863.1,Adelantos transitorios del BCRA al Gobierno Nacional,Informe Monetario Diario,Saldos,D,En millones de ARS,ML
1225,2005-12-14,14863.1,Adelantos transitorios del BCRA al Gobierno Nacional,Informe Monetario Diario,Saldos,D,En millones de ARS,ML
1225,2005-12-15,14863.1,Adelantos transitorios del BCRA al Gobierno Nacional,Informe Monetario Diario,Saldos,D,En millones de ARS,ML
1225,2005-12-16,14863.1,Adelantos transitorios del BCRA al Gobierno Nacional,Informe Monetario Diario,Saldos,D,En millones de ARS,ML
1225,2005-12-19,14863.1,Adelantos transitorios del BCRA al Gobierno Nacional,Informe Monetario Diario,Saldos,D,En millones de ARS,ML
1225,2005-12-20,14863.1,Adelantos transitorios del BCRA al Gobierno Nacional,Informe Monetario Diario,Saldos,D,En millones de ARS,ML
1225,2005-12-21,14863.1,Adelantos transitorios del BCRA al Gobierno Nacional,Informe Monetario Diario,Saldos,D,En millones de ARS,ML
1225,2005-12-22,14863.1,Adelantos transitorios del BCRA al Gobierno Nacional,Informe Monetario Diario,Saldos,D,En millones de ARS,ML
1225,2005-12-23,14863.1,Adelantos transitorios del BCRA al Gobierno Nacional,Informe Monetario Diario,Saldos,D,En millones de ARS,ML
1225,2005-12-26,14863.1,Adelantos transitorios del BCRA al Gobierno Nacional,Informe Monetario Diario,Saldos,D,En millones de ARS,ML
1225,2005-12-27,15998.2,Adelantos transitorios del BCRA al Gobierno Nacional,Informe Monetario Diario,Saldos,D,En millones de ARS,ML
1225,2005-12-28,15998.2,Adelantos transitorios del BCRA al Gobierno Nacional,Informe Monetario Diario,Saldos,D,En millones de ARS,ML
1225,2005-12-29,15998.2,Adelantos transitorios del BCRA al Gobierno Nacional,Informe Monetario Diario,Saldos,D,En millones de ARS,ML
1225,2005-12-30,15998.2,Adelantos transitorios del BCRA al Gobierno Nacional,Informe Monetario Diario,Saldos,D,En millones de ARS,ML
1225,2006-01-02,15998.2,Adelantos transitorios del BCRA al Gobierno Nacional,Informe Monetario Diario,Saldos,D,En millones de ARS,ML
1225,2006-01-03,15998.2,Adelantos transitorios del BCRA al Gobierno Nacional,Informe Monetario Diario,Saldos,D,En millones de ARS,ML
1225,2006-01-04,15998.2,Adelantos transitorios del BCRA al Gobierno Nacional,Informe Monetario Diario,Saldos,D,En millones de ARS,ML
1225,2006-01-05,15998.2,Adelantos transitorios del BCRA al Gobierno Nacional,Informe Monetario Diario,Saldos,D,En millones de ARS,ML
1225,2006-01-06,15998.2,Adelantos transitorios del BCRA al Gobierno Nacional,Informe Monetario Diario,Saldos,D,En millones de ARS,ML
1225,2006-01-09,15998.2,Adelantos transitorios del BCRA al Gobierno Nacional,Informe Monetario Diario,Saldos,D,En millones de ARS,ML
1225,2006-01-10,15998.2,Adelantos transitorios del BCRA al Gobierno Nacional,Informe Monetario Diario,Saldos,D,En millones de ARS,ML
1225,2006-01-11,15998.2,Adelantos transitorios del BCRA al Gobierno Nacional,Informe Monetario Diario,Saldos,D,En millones de ARS,ML
1225,2006-01-12,15998.2,Adelantos transitorios del BCRA al Gobierno Nacional,Informe Monetario Diario,Saldos,D,En millones de ARS,ML
1225,2006-01-13,15998.2,Adelantos transitorios del BCRA al Gobierno Nacional,Informe Monetario Diario,Saldos,D,En millones de ARS,ML
1225,2006-01-16,15998.2,Adelantos transitorios del BCRA al Gobierno Nacional,Informe Monetario Diario,Saldos,D,En millones de ARS,ML
1225,2006-01-17,14198.2,Adelantos transitorios del BCRA al Gobierno Nacional,Informe Monetario Diario,Saldos,D,En millones de ARS,ML
1225,2006-01-18,14198.2,Adelantos transitorios del BCRA al Gobierno Nacional,Informe Monetario Diario,Saldos,D,En millones de ARS,ML
1225,2006-01-19,14198.2,Adelantos transitorios del BCRA al Gobierno Nacional,Informe Monetario Diario,Saldos,D,En millones de ARS,ML
1225,2006-01-20,14198.2,Adelantos transitorios del BCRA al Gobierno Nacional,Informe Monetario Diario,Saldos,D,En millones de ARS,ML
1225,2006-01-23,14198.2,Adelantos transitorios del BCRA al Gobierno Nacional,Informe Monetario Diario,Saldos,D,En millones de ARS,ML
1225,2006-01-24,14198.2,Adelantos transitorios del BCRA al Gobierno Nacional,Informe Monetario Diario,Saldos,D,En millones de ARS,ML
1225,2006-01-25,14198.2,Adelantos transitorios del BCRA al Gobierno Nacional,Informe Monetario Diario,Saldos,D,En millones de ARS,ML
1225,2006-01-26,15998.2,Adelantos transitorios del BCRA al Gobierno Nacional,Informe Monetario Diario,Saldos,D,En millones de ARS,ML
1225,2006-01-27,15998.2,Adelantos transitorios del BCRA al Gobierno Nacional,Informe Monetario Diario,Saldos,D,En millones de ARS,ML
1225,2006-01-30,15998.2,Adelantos transitorios del BCRA al Gobierno Nacional,Informe Monetario Diario,Saldos,D,En millones de ARS,ML
1225,2006-01-31,15998.2,Adelantos transitorios del BCRA al Gobierno Nacional,Informe Monetario Diario,Saldos,D,En millones de ARS,ML
1225,2006-02-01,14598.2,Adelantos transitorios del BCRA al Gobierno Nacional,Informe Monetario Diario,Saldos,D,En millones de ARS,ML
1225,2006-02-02,14598.2,Adelantos transitorios del BCRA al Gobierno Nacional,Informe Monetario Diario,Saldos,D,En millones de ARS,ML
1225,2006-02-03,14598.2,Adelantos transitorios del BCRA al Gobierno Nacional,Informe Monetario Diario,Saldos,D,En millones de ARS,ML
1225,2006-02-06,13398.2,Adelantos transitorios del BCRA al Gobierno Nacional,Informe Monetario Diario,Saldos,D,En millones de ARS,ML
1225,2006-02-07,13398.2,Adelantos transitorios del BCRA al Gobierno Nacional,Informe Monetario Diario,Saldos,D,En millones de ARS,ML
1225,2006-02-08,13398.2,Adelantos transitorios del BCRA al Gobierno Nacional,Informe Monetario Diario,Saldos,D,En millones de ARS,ML
1225,2006-02-09,13398.2,Adelantos transitorios del BCRA al Gobierno Nacional,Informe Monetario Diario,Saldos,D,En millones de ARS,ML
1225,2006-02-10,13398.2,Adelantos transitorios del BCRA al Gobierno Nacional,Informe Monetario Diario,Saldos,D,En millones de ARS,ML
1225,2006-02-13,13398.2,Adelantos transitorios del BCRA al Gobierno Nacional,Informe Monetario Diario,Saldos,D,En millones de ARS,ML
1225,2006-02-14,14998.2,Adelantos transitorios del BCRA al Gobierno Nacional,Informe Monetario Diario,Saldos,D,En millones de ARS,ML
1225,2006-02-15,14998.2,Adelantos transitorios del BCRA al Gobierno Nacional,Informe Monetario Diario,Saldos,D,En millones de ARS,ML
1225,2006-02-16,14998.2,Adelantos transitorios del BCRA al Gobierno Nacional,Informe Monetario Diario,Saldos,D,En millones de ARS,ML
1225,2006-02-17,14998.2,Adelantos transitorios del BCRA al Gobierno Nacional,Informe Monetario Diario,Saldos,D,En millones de ARS,ML
1225,2006-02-20,14998.2,Adelantos transitorios del BCRA al Gobierno Nacional,Informe Monetario Diario,Saldos,D,En millones de ARS,ML
1225,2006-02-21,14998.2,Adelantos transitorios del BCRA al Gobierno Nacional,Informe Monetario Diario,Saldos,D,En millones de ARS,ML
1225,2006-02-22,14998.2,Adelantos transitorios del BCRA al Gobierno Nacional,Informe Monetario Diario,Saldos,D,En millones de ARS,ML
1225,2006-02-23,14998.2,Adelantos transitorios del BCRA al Gobierno Nacional,Informe Monetario Diario,Saldos,D,En millones de ARS,ML
1225,2006-02-24,14998.2,Adelantos transitorios del BCRA al Gobierno Nacional,Informe Monetario Diario,Saldos,D,En millones de ARS,ML
1225,2006-02-27,14998.2,Adelantos transitorios del BCRA al Gobierno Nacional,Informe Monetario Diario,Saldos,D,En millones de ARS,ML
1225,2006-02-28,14998.2,Adelantos transitorios del BCRA al Gobierno Nacional,Informe Monetario Diario,Saldos,D,En millones de ARS,ML
1225,2006-03-01,14998.2,Adelantos transitorios del BCRA al Gobierno Nacional,Informe Monetario Diario,Saldos,D,En millones de ARS,ML
1225,2006-03-02,16798.2,Adelantos transitorios del BCRA al Gobierno Nacional,Informe Monetario Diario,Saldos,D,En millones de ARS,ML
1225,2006-03-03,16798.2,Adelantos transitorios del BCRA al Gobierno Nacional,Informe Monetario Diario,Saldos,D,En millones de ARS,ML
1225,2006-03-06,15598.2,Adelantos transitorios del BCRA al Gobierno Nacional,Informe Monetario Diario,Saldos,D,En millones de ARS,ML
1225,2006-03-07,15598.2,Adelantos transitorios del BCRA al Gobierno Nacional,Informe Monetario Diario,Saldos,D,En millones de ARS,ML
1225,2006-03-08,15598.2,Adelantos transitorios del BCRA al Gobierno Nacional,Informe Monetario Diario,Saldos,D,En millones de ARS,ML
1225,2006-03-09,15598.2,Adelantos transitorios del BCRA al Gobierno Nacional,Informe Monetario Diario,Saldos,D,En millones de ARS,ML
1225,2006-03-10,15598.2,Adelantos transitorios del BCRA al Gobierno Nacional,Informe Monetario Diario,Saldos,D,En millones de ARS,ML
1225,2006-03-13,15298.2,Adelantos transitorios del BCRA al Gobierno Nacional,Informe Monetario Diario,Saldos,D,En millones de ARS,ML
1225,2006-03-14,15298.2,Adelantos transitorios del BCRA al Gobierno Nacional,Informe Monetario Diario,Saldos,D,En millones de ARS,ML
1225,2006-03-15,14998.2,Adelantos transitorios del BCRA al Gobierno Nacional,Informe Monetario Diario,Saldos,D,En millones de ARS,ML
1225,2006-03-16,14998.2,Adelantos transitorios del BCRA al Gobierno Nacional,Informe Monetario Diario,Saldos,D,En millones de ARS,ML
1225,2006-03-17,14998.2,Adelantos transitorios del BCRA al Gobierno Nacional,Informe Monetario Diario,Saldos,D,En millones de ARS,ML
1225,2006-03-20,14998.2,Adelantos transitorios del BCRA al Gobierno Nacional,Informe Monetario Diario,Saldos,D,En millones de ARS,ML
1225,2006-03-21,14998.2,Adelantos transitorios del BCRA al Gobierno Nacional,Informe Monetario Diario,Saldos,D,En millones de ARS,ML
1225,2006-03-22,14998.2,Adelantos transitorios del BCRA al Gobierno Nacional,Informe Monetario Diario,Saldos,D,En millones de ARS,ML
1225,2006-03-23,15598.2,Adelantos transitorios del BCRA al Gobierno Nacional,Informe Monetario Diario,Saldos,D,En millones de ARS,ML
1225,2006-03-27,15598.2,Adelantos transitorios del BCRA al Gobierno Nacional,Informe Monetario Diario,Saldos,D,En millones de ARS,ML
1225,2006-03-28,15598.2,Adelantos transitorios del BCRA al Gobierno Nacional,Informe Monetario Diario,Saldos,D,En millones de ARS,ML
1225,2006-03-29,14998.2,Adelantos transitorios del BCRA al Gobierno Nacional,Informe Monetario Diario,Saldos,D,En millones de ARS,ML
1225,2006-03-30,14998.2,Adelantos transitorios del BCRA al Gobierno Nacional,Informe Monetario Diario,Saldos,D,En millones de ARS,ML
1225,2006-03-31,14998.2,Adelantos transitorios del BCRA al Gobierno Nacional,Informe Monetario Diario,Saldos,D,En millones de ARS,ML
1225,2006-04-03,14998.2,Adelantos transitorios del BCRA al Gobierno Nacional,Informe Monetario Diario,Saldos,D,En millones de ARS,ML
1225,2006-04-04,14998.2,Adelantos transitorios del BCRA al Gobierno Nacional,Informe Monetario Diario,Saldos,D,En millones de ARS,ML
1225,2006-04-05,14998.2,Adelantos transitorios del BCRA al Gobierno Nacional,Informe Monetario Diario,Saldos,D,En millones de ARS,ML
1225,2006-04-06,14998.2,Adelantos transitorios del BCRA al Gobierno Nacional,Informe Monetario Diario,Saldos,D,En millones de ARS,ML
1225,2006-04-07,14998.2,Adelantos transitorios del BCRA al Gobierno Nacional,Informe Monetario Diario,Saldos,D,En millones de ARS,ML
1225,2006-04-10,14998.2,Adelantos transitorios del BCRA al Gobierno Nacional,Informe Monetario Diario,Saldos,D,En millones de ARS,ML
1225,2006-04-11,14998.2,Adelantos transitorios del BCRA al Gobierno Nacional,Informe Monetario Diario,Saldos,D,En millones de ARS,ML
1225,2006-04-12,14998.2,Adelantos transitorios del BCRA al Gobierno Nacional,Informe Monetario Diario,Saldos,D,En millones de ARS,ML
1225,2006-04-17,14998.2,Adelantos transitorios del BCRA al Gobierno Nacional,Informe Monetario Diario,Saldos,D,En millones de ARS,ML
1225,2006-04-18,14998.2,Adelantos transitorios del BCRA al Gobierno Nacional,Informe Monetario Diario,Saldos,D,En millones de ARS,ML
1225,2006-04-19,14998.2,Adelantos transitorios del BCRA al Gobierno Nacional,Informe Monetario Diario,Saldos,D,En millones de ARS,ML
1225,2006-04-20,14998.2,Adelantos transitorios del BCRA al Gobierno Nacional,Informe Monetario Diario,Saldos,D,En millones de ARS,ML
1225,2006-04-21,14998.2,Adelantos transitorios del BCRA al Gobierno Nacional,Informe Monetario Diario,Saldos,D,En millones de ARS,ML
1225,2006-04-24,14998.2,Adelantos transitorios del BCRA al Gobierno Nacional,Informe Monetario Diario,Saldos,D,En millones de ARS,ML
1225,2006-04-25,14998.2,Adelantos transitorios del BCRA al Gobierno Nacional,Informe Monetario Diario,Saldos,D,En millones de ARS,ML
1225,2006-04-26,14998.2,Adelantos transitorios del BCRA al Gobierno Nacional,Informe Monetario Diario,Saldos,D,En millones de ARS,ML
1225,2006-04-27,14998.2,Adelantos transitorios del BCRA al Gobierno Nacional,Informe Monetario Diario,Saldos,D,En millones de ARS,ML
1225,2006-04-28,14998.2,Adelantos transitorios del BCRA al Gobierno Nacional,Informe Monetario Diario,Saldos,D,En millones de ARS,ML
1225,2006-05-02,14998.2,Adelantos transitorios del BCRA al Gobierno Nacional,Informe Monetario Diario,Saldos,D,En millones de ARS,ML
1225,2006-05-03,14998.2,Adelantos transitorios del BCRA al Gobierno Nacional,Informe Monetario Diario,Saldos,D,En millones de ARS,ML
1225,2006-05-04,14998.2,Adelantos transitorios del BCRA al Gobierno Nacional,Informe Monetario Diario,Saldos,D,En millones de ARS,ML
1225,2006-05-05,14998.2,Adelantos transitorios del BCRA al Gobierno Nacional,Informe Monetario Diario,Saldos,D,En millones de ARS,ML
1225,2006-05-08,14998.2,Adelantos transitorios del BCRA al Gobierno Nacional,Informe Monetario Diario,Saldos,D,En millones de ARS,ML
1225,2006-05-09,14998.2,Adelantos transitorios del BCRA al Gobierno Nacional,Informe Monetario Diario,Saldos,D,En millones de ARS,ML
1225,2006-05-10,14998.2,Adelantos transitorios del BCRA al Gobierno Nacional,Informe Monetario Diario,Saldos,D,En millones de ARS,ML
1225,2006-05-11,14998.2,Adelantos transitorios del BCRA al Gobierno Nacional,Informe Monetario Diario,Saldos,D,En millones de ARS,ML
1225,2006-05-12,14998.2,Adelantos transitorios del BCRA al Gobierno Nacional,Informe Monetario Diario,Saldos,D,En millones de ARS,ML
1225,2006-05-15,14998.2,Adelantos transitorios del BCRA al Gobierno Nacional,Informe Monetario Diario,Saldos,D,En millones de ARS,ML
1225,2006-05-16,14998.2,Adelantos transitorios del BCRA al Gobierno Nacional,Informe Monetario Diario,Saldos,D,En millones de ARS,ML
1225,2006-05-17,14998.2,Adelantos transitorios del BCRA al Gobierno Nacional,Informe Monetario Diario,Saldos,D,En millones de ARS,ML
1225,2006-05-18,14998.2,Adelantos transitorios del BCRA al Gobierno Nacional,Informe Monetario Diario,Saldos,D,En millones de ARS,ML
1225,2006-05-19,14998.2,Adelantos transitorios del BCRA al Gobierno Nacional,Informe Monetario Diario,Saldos,D,En millones de ARS,ML
1225,2006-05-22,14998.2,Adelantos transitorios del BCRA al Gobierno Nacional,Informe Monetario Diario,Saldos,D,En millones de ARS,ML
1225,2006-05-23,14998.2,Adelantos transitorios del BCRA al Gobierno Nacional,Informe Monetario Diario,Saldos,D,En millones de ARS,ML
1225,2006-05-24,14998.2,Adelantos transitorios del BCRA al Gobierno Nacional,Informe Monetario Diario,Saldos,D,En millones de ARS,ML
1225,2006-05-26,14998.2,Adelantos transitorios del BCRA al Gobierno Nacional,Informe Monetario Diario,Saldos,D,En millones de ARS,ML
1225,2006-05-29,14998.2,Adelantos transitorios del BCRA al Gobierno Nacional,Informe Monetario Diario,Saldos,D,En millones de ARS,ML
1225,2006-05-30,14998.2,Adelantos transitorios del BCRA al Gobierno Nacional,Informe Monetario Diario,Saldos,D,En millones de ARS,ML
1225,2006-05-31,14998.2,Adelantos transitorios del BCRA al Gobierno Nacional,Informe Monetario Diario,Saldos,D,En millones de ARS,ML
1225,2006-06-01,14998.2,Adelantos transitorios del BCRA al Gobierno Nacional,Informe Monetario Diario,Saldos,D,En millones de ARS,ML
1225,2006-06-02,14998.2,Adelantos transitorios del BCRA al Gobierno Nacional,Informe Monetario Diario,Saldos,D,En millones de ARS,ML
1225,2006-06-05,14998.2,Adelantos transitorios del BCRA al Gobierno Nacional,Informe Monetario Diario,Saldos,D,En millones de ARS,ML
1225,2006-06-06,14998.2,Adelantos transitorios del BCRA al Gobierno Nacional,Informe Monetario Diario,Saldos,D,En millones de ARS,ML
1225,2006-06-07,14998.2,Adelantos transitorios del BCRA al Gobierno Nacional,Informe Monetario Diario,Saldos,D,En millones de ARS,ML
1225,2006-06-08,14998.2,Adelantos transitorios del BCRA al Gobierno Nacional,Informe Monetario Diario,Saldos,D,En millones de ARS,ML
1225,2006-06-09,14998.2,Adelantos transitorios del BCRA al Gobierno Nacional,Informe Monetario Diario,Saldos,D,En millones de ARS,ML
1225,2006-06-12,14998.2,Adelantos transitorios del BCRA al Gobierno Nacional,Informe Monetario Diario,Saldos,D,En millones de ARS,ML
1225,2006-06-13,14998.2,Adelantos transitorios del BCRA al Gobierno Nacional,Informe Monetario Diario,Saldos,D,En millones de ARS,ML
1225,2006-06-14,14998.2,Adelantos transitorios del BCRA al Gobierno Nacional,Informe Monetario Diario,Saldos,D,En millones de ARS,ML
1225,2006-06-15,14998.2,Adelantos transitorios del BCRA al Gobierno Nacional,Informe Monetario Diario,Saldos,D,En millones de ARS,ML
1225,2006-06-16,14998.2,Adelantos transitorios del BCRA al Gobierno Nacional,Informe Monetario Diario,Saldos,D,En millones de ARS,ML
1225,2006-06-20,14998.2,Adelantos transitorios del BCRA al Gobierno Nacional,Informe Monetario Diario,Saldos,D,En millones de ARS,ML
1225,2006-06-21,14998.2,Adelantos transitorios del BCRA al Gobierno Nacional,Informe Monetario Diario,Saldos,D,En millones de ARS,ML
1225,2006-06-22,13598.2,Adelantos transitorios del BCRA al Gobierno Nacional,Informe Monetario Diario,Saldos,D,En millones de ARS,ML
1225,2006-06-23,13598.2,Adelantos transitorios del BCRA al Gobierno Nacional,Informe Monetario Diario,Saldos,D,En millones de ARS,ML
1225,2006-06-26,13598.2,Adelantos transitorios del BCRA al Gobierno Nacional,Informe Monetario Diario,Saldos,D,En millones de ARS,ML
1225,2006-06-27,13598.2,Adelantos transitorios del BCRA al Gobierno Nacional,Informe Monetario Diario,Saldos,D,En millones de ARS,ML
1225,2006-06-28,13598.2,Adelantos transitorios del BCRA al Gobierno Nacional,Informe Monetario Diario,Saldos,D,En millones de ARS,ML
1225,2006-06-29,13598.2,Adelantos transitorios del BCRA al Gobierno Nacional,Informe Monetario Diario,Saldos,D,En millones de ARS,ML
1225,2006-06-30,13598.2,Adelantos transitorios del BCRA al Gobierno Nacional,Informe Monetario Diario,Saldos,D,En millones de ARS,ML
1225,2006-07-03,13598.2,Adelantos transitorios del BCRA al Gobierno Nacional,Informe Monetario Diario,Saldos,D,En millones de ARS,ML
1225,2006-07-04,13598.2,Adelantos transitorios del BCRA al Gobierno Nacional,Informe Monetario Diario,Saldos,D,En millones de ARS,ML
1225,2006-07-05,13598.2,Adelantos transitorios del BCRA al Gobierno Nacional,Informe Monetario Diario,Saldos,D,En millones de ARS,ML
1225,2006-07-06,13598.2,Adelantos transitorios del BCRA al Gobierno Nacional,Informe Monetario Diario,Saldos,D,En millones de ARS,ML
1225,2006-07-07,13598.2,Adelantos transitorios del BCRA al Gobierno Nacional,Informe Monetario Diario,Saldos,D,En millones de ARS,ML
1225,2006-07-10,13598.2,Adelantos transitorios del BCRA al Gobierno Nacional,Informe Monetario Diario,Saldos,D,En millones de ARS,ML
1225,2006-07-11,13598.2,Adelantos transitorios del BCRA al Gobierno Nacional,Informe Monetario Diario,Saldos,D,En millones de ARS,ML
1225,2006-07-12,13598.2,Adelantos transitorios del BCRA al Gobierno Nacional,Informe Monetario Diario,Saldos,D,En millones de ARS,ML
1225,2006-07-13,13598.2,Adelantos transitorios del BCRA al Gobierno Nacional,Informe Monetario Diario,Saldos,D,En millones de ARS,ML
1225,2006-07-14,13598.2,Adelantos transitorios del BCRA al Gobierno Nacional,Informe Monetario Diario,Saldos,D,En millones de ARS,ML
1225,2006-07-17,13598.2,Adelantos transitorios del BCRA al Gobierno Nacional,Informe Monetario Diario,Saldos,D,En millones de ARS,ML
1225,2006-07-18,13598.2,Adelantos transitorios del BCRA al Gobierno Nacional,Informe Monetario Diario,Saldos,D,En millones de ARS,ML
1225,2006-07-19,13598.2,Adelantos transitorios del BCRA al Gobierno Nacional,Informe Monetario Diario,Saldos,D,En millones de ARS,ML
1225,2006-07-20,13598.2,Adelantos transitorios del BCRA al Gobierno Nacional,Informe Monetario Diario,Saldos,D,En millones de ARS,ML
1225,2006-07-21,13598.2,Adelantos transitorios del BCRA al Gobierno Nacional,Informe Monetario Diario,Saldos,D,En millones de ARS,ML
1225,2006-07-24,13598.2,Adelantos transitorios del BCRA al Gobierno Nacional,Informe Monetario Diario,Saldos,D,En millones de ARS,ML
1225,2006-07-25,13598.2,Adelantos transitorios del BCRA al Gobierno Nacional,Informe Monetario Diario,Saldos,D,En millones de ARS,ML
1225,2006-07-26,13598.2,Adelantos transitorios del BCRA al Gobierno Nacional,Informe Monetario Diario,Saldos,D,En millones de ARS,ML
1225,2006-07-27,13598.2,Adelantos transitorios del BCRA al Gobierno Nacional,Informe Monetario Diario,Saldos,D,En millones de ARS,ML
1225,2006-07-28,13598.2,Adelantos transitorios del BCRA al Gobierno Nacional,Informe Monetario Diario,Saldos,D,En millones de ARS,ML
1225,2006-07-31,13598.2,Adelantos transitorios del BCRA al Gobierno Nacional,Informe Monetario Diario,Saldos,D,En millones de ARS,ML
1225,2006-08-01,13598.2,Adelantos transitorios del BCRA al Gobierno Nacional,Informe Monetario Diario,Saldos,D,En millones de ARS,ML
1225,2006-08-02,13598.2,Adelantos transitorios del BCRA al Gobierno Nacional,Informe Monetario Diario,Saldos,D,En millones de ARS,ML
1225,2006-08-03,13598.2,Adelantos transitorios del BCRA al Gobierno Nacional,Informe Monetario Diario,Saldos,D,En millones de ARS,ML
1225,2006-08-04,13598.2,Adelantos transitorios del BCRA al Gobierno Nacional,Informe Monetario Diario,Saldos,D,En millones de ARS,ML
1225,2006-08-07,13598.2,Adelantos transitorios del BCRA al Gobierno Nacional,Informe Monetario Diario,Saldos,D,En millones de ARS,ML
1225,2006-08-08,13598.2,Adelantos transitorios del BCRA al Gobierno Nacional,Informe Monetario Diario,Saldos,D,En millones de ARS,ML
1225,2006-08-09,13598.2,Adelantos transitorios del BCRA al Gobierno Nacional,Informe Monetario Diario,Saldos,D,En millones de ARS,ML
1225,2006-08-10,15298.2,Adelantos transitorios del BCRA al Gobierno Nacional,Informe Monetario Diario,Saldos,D,En millones de ARS,ML
1225,2006-08-11,15298.2,Adelantos transitorios del BCRA al Gobierno Nacional,Informe Monetario Diario,Saldos,D,En millones de ARS,ML
1225,2006-08-14,15298.2,Adelantos transitorios del BCRA al Gobierno Nacional,Informe Monetario Diario,Saldos,D,En millones de ARS,ML
1225,2006-08-15,15298.2,Adelantos transitorios del BCRA al Gobierno Nacional,Informe Monetario Diario,Saldos,D,En millones de ARS,ML
1225,2006-08-16,15298.2,Adelantos transitorios del BCRA al Gobierno Nacional,Informe Monetario Diario,Saldos,D,En millones de ARS,ML
1225,2006-08-17,15298.2,Adelantos transitorios del BCRA al Gobierno Nacional,Informe Monetario Diario,Saldos,D,En millones de ARS,ML
1225,2006-08-18,15298.2,Adelantos transitorios del BCRA al Gobierno Nacional,Informe Monetario Diario,Saldos,D,En millones de ARS,ML
1225,2006-08-22,15298.2,Adelantos transitorios del BCRA al Gobierno Nacional,Informe Monetario Diario,Saldos,D,En millones de ARS,ML
1225,2006-08-23,15298.2,Adelantos transitorios del BCRA al Gobierno Nacional,Informe Monetario Diario,Saldos,D,En millones de ARS,ML
1225,2006-08-24,15298.2,Adelantos transitorios del BCRA al Gobierno Nacional,Informe Monetario Diario,Saldos,D,En millones de ARS,ML
1225,2006-08-25,14548.2,Adelantos transitorios del BCRA al Gobierno Nacional,Informe Monetario Diario,Saldos,D,En millones de ARS,ML
1225,2006-08-28,14548.2,Adelantos transitorios del BCRA al Gobierno Nacional,Informe Monetario Diario,Saldos,D,En millones de ARS,ML
1225,2006-08-29,14548.2,Adelantos transitorios del BCRA al Gobierno Nacional,Informe Monetario Diario,Saldos,D,En millones de ARS,ML
1225,2006-08-30,14548.2,Adelantos transitorios del BCRA al Gobierno Nacional,Informe Monetario Diario,Saldos,D,En millones de ARS,ML
1225,2006-08-31,14798.2,Adelantos transitorios del BCRA al Gobierno Nacional,Informe Monetario Diario,Saldos,D,En millones de ARS,ML
1225,2006-09-01,14798.2,Adelantos transitorios del BCRA al Gobierno Nacional,Informe Monetario Diario,Saldos,D,En millones de ARS,ML
1225,2006-09-04,14798.2,Adelantos transitorios del BCRA al Gobierno Nacional,Informe Monetario Diario,Saldos,D,En millones de ARS,ML
1225,2006-09-05,14798.2,Adelantos transitorios del BCRA al Gobierno Nacional,Informe Monetario Diario,Saldos,D,En millones de ARS,ML
1225,2006-09-06,14798.2,Adelantos transitorios del BCRA al Gobierno Nacional,Informe Monetario Diario,Saldos,D,En millones de ARS,ML
1225,2006-09-07,14798.2,Adelantos transitorios del BCRA al Gobierno Nacional,Informe Monetario Diario,Saldos,D,En millones de ARS,ML
1225,2006-09-08,14448.2,Adelantos transitorios del BCRA al Gobierno Nacional,Informe Monetario Diario,Saldos,D,En millones de ARS,ML
1225,2006-09-11,14448.2,Adelantos transitorios del BCRA al Gobierno Nacional,Informe Monetario Diario,Saldos,D,En millones de ARS,ML
1225,2006-09-12,14448.2,Adelantos transitorios del BCRA al Gobierno Nacional,Informe Monetario Diario,Saldos,D,En millones de ARS,ML
1225,2006-09-13,14448.2,Adelantos transitorios del BCRA al Gobierno Nacional,Informe Monetario Diario,Saldos,D,En millones de ARS,ML
1225,2006-09-14,14448.2,Adelantos transitorios del BCRA al Gobierno Nacional,Informe Monetario Diario,Saldos,D,En millones de ARS,ML
1225,2006-09-15,14448.2,Adelantos transitorios del BCRA al Gobierno Nacional,Informe Monetario Diario,Saldos,D,En millones de ARS,ML
1225,2006-09-18,14448.2,Adelantos transitorios del BCRA al Gobierno Nacional,Informe Monetario Diario,Saldos,D,En millones de ARS,ML
1225,2006-09-19,14448.2,Adelantos transitorios del BCRA al Gobierno Nacional,Informe Monetario Diario,Saldos,D,En millones de ARS,ML
1225,2006-09-20,14448.2,Adelantos transitorios del BCRA al Gobierno Nacional,Informe Monetario Diario,Saldos,D,En millones de ARS,ML
1225,2006-09-21,14448.2,Adelantos transitorios del BCRA al Gobierno Nacional,Informe Monetario Diario,Saldos,D,En millones de ARS,ML
1225,2006-09-22,14278.2,Adelantos transitorios del BCRA al Gobierno Nacional,Informe Monetario Diario,Saldos,D,En millones de ARS,ML
1225,2006-09-25,14278.2,Adelantos transitorios del BCRA al Gobierno Nacional,Informe Monetario Diario,Saldos,D,En millones de ARS,ML
1225,2006-09-26,14278.2,Adelantos transitorios del BCRA al Gobierno Nacional,Informe Monetario Diario,Saldos,D,En millones de ARS,ML
1225,2006-09-27,14278.2,Adelantos transitorios del BCRA al Gobierno Nacional,Informe Monetario Diario,Saldos,D,En millones de ARS,ML
1225,2006-09-28,14808.2,Adelantos transitorios del BCRA al Gobierno Nacional,Informe Monetario Diario,Saldos,D,En millones de ARS,ML
1225,2006-09-29,14808.2,Adelantos transitorios del BCRA al Gobierno Nacional,Informe Monetario Diario,Saldos,D,En millones de ARS,ML
1225,2006-10-02,14413.1,Adelantos transitorios del BCRA al Gobierno Nacional,Informe Monetario Diario,Saldos,D,En millones de ARS,ML
1225,2006-10-03,14413.1,Adelantos transitorios del BCRA al Gobierno Nacional,Informe Monetario Diario,Saldos,D,En millones de ARS,ML
1225,2006-10-04,14413.1,Adelantos transitorios del BCRA al Gobierno Nacional,Informe Monetario Diario,Saldos,D,En millones de ARS,ML
1225,2006-10-05,14413.1,Adelantos transitorios del BCRA al Gobierno Nacional,Informe Monetario Diario,Saldos,D,En millones de ARS,ML
1225,2006-10-06,15413.1,Adelantos transitorios del BCRA al Gobierno Nacional,Informe Monetario Diario,Saldos,D,En millones de ARS,ML
1225,2006-10-09,14897.1,Adelantos transitorios del BCRA al Gobierno Nacional,Informe Monetario Diario,Saldos,D,En millones de ARS,ML
1225,2006-10-10,14897.1,Adelantos transitorios del BCRA al Gobierno Nacional,Informe Monetario Diario,Saldos,D,En millones de ARS,ML
1225,2006-10-11,14897.1,Adelantos transitorios del BCRA al Gobierno Nacional,Informe Monetario Diario,Saldos,D,En millones de ARS,ML
1225,2006-10-12,14897.1,Adelantos transitorios del BCRA al Gobierno Nacional,Informe Monetario Diario,Saldos,D,En millones de ARS,ML
1225,2006-10-13,14897.1,Adelantos transitorios del BCRA al Gobierno Nacional,Informe Monetario Diario,Saldos,D,En millones de ARS,ML
1225,2006-10-17,14897.1,Adelantos transitorios del BCRA al Gobierno Nacional,Informe Monetario Diario,Saldos,D,En millones de ARS,ML
1225,2006-10-18,14897.1,Adelantos transitorios del BCRA al Gobierno Nacional,Informe Monetario Diario,Saldos,D,En millones de ARS,ML
1225,2006-10-19,14897.1,Adelantos transitorios del BCRA al Gobierno Nacional,Informe Monetario Diario,Saldos,D,En millones de ARS,ML
1225,2006-10-20,14897.1,Adelantos transitorios del BCRA al Gobierno Nacional,Informe Monetario Diario,Saldos,D,En millones de ARS,ML
1225,2006-10-23,13807.1,Adelantos transitorios del BCRA al Gobierno Nacional,Informe Monetario Diario,Saldos,D,En millones de ARS,ML
1225,2006-10-24,13807.1,Adelantos transitorios del BCRA al Gobierno Nacional,Informe Monetario Diario,Saldos,D,En millones de ARS,ML
1225,2006-10-25,13807.1,Adelantos transitorios del BCRA al Gobierno Nacional,Informe Monetario Diario,Saldos,D,En millones de ARS,ML
1225,2006-10-26,13807.1,Adelantos transitorios del BCRA al Gobierno Nacional,Informe Monetario Diario,Saldos,D,En millones de ARS,ML
1225,2006-10-27,14807.1,Adelantos transitorios del BCRA al Gobierno Nacional,Informe Monetario Diario,Saldos,D,En millones de ARS,ML
1225,2006-10-30,14807.1,Adelantos transitorios del BCRA al Gobierno Nacional,Informe Monetario Diario,Saldos,D,En millones de ARS,ML
1225,2006-10-31,14807.1,Adelantos transitorios del BCRA al Gobierno Nacional,Informe Monetario Diario,Saldos,D,En millones de ARS,ML
1225,2006-11-01,14807.1,Adelantos transitorios del BCRA al Gobierno Nacional,Informe Monetario Diario,Saldos,D,En millones de ARS,ML
1225,2006-11-02,14807.1,Adelantos transitorios del BCRA al Gobierno Nacional,Informe Monetario Diario,Saldos,D,En millones de ARS,ML
1225,2006-11-03,14807.1,Adelantos transitorios del BCRA al Gobierno Nacional,Informe Monetario Diario,Saldos,D,En millones de ARS,ML
1225,2006-11-07,14357.1,Adelantos transitorios del BCRA al Gobierno Nacional,Informe Monetario Diario,Saldos,D,En millones de ARS,ML
1225,2006-11-08,14357.1,Adelantos transitorios del BCRA al Gobierno Nacional,Informe Monetario Diario,Saldos,D,En millones de ARS,ML
1225,2006-11-09,14357.1,Adelantos transitorios del BCRA al Gobierno Nacional,Informe Monetario Diario,Saldos,D,En millones de ARS,ML
1225,2006-11-10,14957.1,Adelantos transitorios del BCRA al Gobierno Nacional,Informe Monetario Diario,Saldos,D,En millones de ARS,ML
1225,2006-11-13,13115.1,Adelantos transitorios del BCRA al Gobierno Nacional,Informe Monetario Diario,Saldos,D,En millones de ARS,ML
1225,2006-11-14,13115.1,Adelantos transitorios del BCRA al Gobierno Nacional,Informe Monetario Diario,Saldos,D,En millones de ARS,ML
1225,2006-11-15,13115.1,Adelantos transitorios del BCRA al Gobierno Nacional,Informe Monetario Diario,Saldos,D,En millones de ARS,ML
1225,2006-11-16,13115.1,Adelantos transitorios del BCRA al Gobierno Nacional,Informe Monetario Diario,Saldos,D,En millones de ARS,ML
1225,2006-11-17,14815.1,Adelantos transitorios del BCRA al Gobierno Nacional,Informe Monetario Diario,Saldos,D,En millones de ARS,ML
1225,2006-11-20,14815.1,Adelantos transitorios del BCRA al Gobierno Nacional,Informe Monetario Diario,Saldos,D,En millones de ARS,ML
1225,2006-11-21,14815.1,Adelantos transitorios del BCRA al Gobierno Nacional,Informe Monetario Diario,Saldos,D,En millones de ARS,ML
1225,2006-11-22,14815.1,Adelantos transitorios del BCRA al Gobierno Nacional,Informe Monetario Diario,Saldos,D,En millones de ARS,ML
1225,2006-11-23,14815.1,Adelantos transitorios del BCRA al Gobierno Nacional,Informe Monetario Diario,Saldos,D,En millones de ARS,ML
1225,2006-11-24,14815.1,Adelantos transitorios del BCRA al Gobierno Nacional,Informe Monetario Diario,Saldos,D,En millones de ARS,ML
1225,2006-11-27,13715.1,Adelantos transitorios del BCRA al Gobierno Nacional,Informe Monetario Diario,Saldos,D,En millones de ARS,ML
1225,2006-11-28,13715.1,Adelantos transitorios del BCRA al Gobierno Nacional,Informe Monetario Diario,Saldos,D,En millones de ARS,ML
1225,2006-11-29,13715.1,Adelantos transitorios del BCRA al Gobierno Nacional,Informe Monetario Diario,Saldos,D,En millones de ARS,ML
1225,2006-11-30,14915.1,Adelantos transitorios del BCRA al Gobierno Nacional,Informe Monetario Diario,Saldos,D,En millones de ARS,ML
1225,2006-12-01,14915.1,Adelantos transitorios del BCRA al Gobierno Nacional,Informe Monetario Diario,Saldos,D,En millones de ARS,ML
1225,2006-12-04,14915.1,Adelantos transitorios del BCRA al Gobierno Nacional,Informe Monetario Diario,Saldos,D,En millones de ARS,ML
1225,2006-12-05,14915.1,Adelantos transitorios del BCRA al Gobierno Nacional,Informe Monetario Diario,Saldos,D,En millones de ARS,ML
1225,2006-12-06,13780.0,Adelantos transitorios del BCRA al Gobierno Nacional,Informe Monetario Diario,Saldos,D,En millones de ARS,ML
1225,2006-12-07,13780.0,Adelantos transitorios del BCRA al Gobierno Nacional,Informe Monetario Diario,Saldos,D,En millones de ARS,ML
1225,2006-12-11,13780.0,Adelantos transitorios del BCRA al Gobierno Nacional,Informe Monetario Diario,Saldos,D,En millones de ARS,ML
1225,2006-12-12,13780.0,Adelantos transitorios del BCRA al Gobierno Nacional,Informe Monetario Diario,Saldos,D,En millones de ARS,ML
1225,2006-12-13,13780.0,Adelantos transitorios del BCRA al Gobierno Nacional,Informe Monetario Diario,Saldos,D,En millones de ARS,ML
1225,2006-12-14,13780.0,Adelantos transitorios del BCRA al Gobierno Nacional,Informe Monetario Diario,Saldos,D,En millones de ARS,ML
1225,2006-12-15,13780.0,Adelantos transitorios del BCRA al Gobierno Nacional,Informe Monetario Diario,Saldos,D,En millones de ARS,ML
1225,2006-12-18,13780.0,Adelantos transitorios del BCRA al Gobierno Nacional,Informe Monetario Diario,Saldos,D,En millones de ARS,ML
1225,2006-12-19,13780.0,Adelantos transitorios del BCRA al Gobierno Nacional,Informe Monetario Diario,Saldos,D,En millones de ARS,ML
1225,2006-12-20,13780.0,Adelantos transitorios del BCRA al Gobierno Nacional,Informe Monetario Diario,Saldos,D,En millones de ARS,ML
1225,2006-12-21,16330.0,Adelantos transitorios del BCRA al Gobierno Nacional,Informe Monetario Diario,Saldos,D,En millones de ARS,ML
1225,2006-12-22,16330.0,Adelantos transitorios del BCRA al Gobierno Nacional,Informe Monetario Diario,Saldos,D,En millones de ARS,ML
1225,2006-12-26,16330.0,Adelantos transitorios del BCRA al Gobierno Nacional,Informe Monetario Diario,Saldos,D,En millones de ARS,ML
1225,2006-12-27,16330.0,Adelantos transitorios del BCRA al Gobierno Nacional,Informe Monetario Diario,Saldos,D,En millones de ARS,ML
1225,2006-12-28,18330.0,Adelantos transitorios del BCRA al Gobierno Nacional,Informe Monetario Diario,Saldos,D,En millones de ARS,ML
1225,2006-12-29,18330.0,Adelantos transitorios del BCRA al Gobierno Nacional,Informe Monetario Diario,Saldos,D,En millones de ARS,ML
1225,2007-01-02,18330.0,Adelantos transitorios del BCRA al Gobierno Nacional,Informe Monetario Diario,Saldos,D,En millones de ARS,ML
1225,2007-01-03,18330.0,Adelantos transitorios del BCRA al Gobierno Nacional,Informe Monetario Diario,Saldos,D,En millones de ARS,ML
1225,2007-01-04,18330.0,Adelantos transitorios del BCRA al Gobierno Nacional,Informe Monetario Diario,Saldos,D,En millones de ARS,ML
1225,2007-01-05,18330.0,Adelantos transitorios del BCRA al Gobierno Nacional,Informe Monetario Diario,Saldos,D,En millones de ARS,ML
1225,2007-01-08,18330.0,Adelantos transitorios del BCRA al Gobierno Nacional,Informe Monetario Diario,Saldos,D,En millones de ARS,ML
1225,2007-01-09,18330.0,Adelantos transitorios del BCRA al Gobierno Nacional,Informe Monetario Diario,Saldos,D,En millones de ARS,ML
1225,2007-01-10,18330.0,Adelantos transitorios del BCRA al Gobierno Nacional,Informe Monetario Diario,Saldos,D,En millones de ARS,ML
1225,2007-01-11,18330.0,Adelantos transitorios del BCRA al Gobierno Nacional,Informe Monetario Diario,Saldos,D,En millones de ARS,ML
1225,2007-01-12,18330.0,Adelantos transitorios del BCRA al Gobierno Nacional,Informe Monetario Diario,Saldos,D,En millones de ARS,ML
1225,2007-01-15,18330.0,Adelantos transitorios del BCRA al Gobierno Nacional,Informe Monetario Diario,Saldos,D,En millones de ARS,ML
1225,2007-01-16,18330.0,Adelantos transitorios del BCRA al Gobierno Nacional,Informe Monetario Diario,Saldos,D,En millones de ARS,ML
1225,2007-01-17,18330.0,Adelantos transitorios del BCRA al Gobierno Nacional,Informe Monetario Diario,Saldos,D,En millones de ARS,ML
1225,2007-01-18,18330.0,Adelantos transitorios del BCRA al Gobierno Nacional,Informe Monetario Diario,Saldos,D,En millones de ARS,ML
1225,2007-01-19,18330.0,Adelantos transitorios del BCRA al Gobierno Nacional,Informe Monetario Diario,Saldos,D,En millones de ARS,ML
1225,2007-01-22,16530.0,Adelantos transitorios del BCRA al Gobierno Nacional,Informe Monetario Diario,Saldos,D,En millones de ARS,ML
1225,2007-01-23,16530.0,Adelantos transitorios del BCRA al Gobierno Nacional,Informe Monetario Diario,Saldos,D,En millones de ARS,ML
1225,2007-01-24,16530.0,Adelantos transitorios del BCRA al Gobierno Nacional,Informe Monetario Diario,Saldos,D,En millones de ARS,ML
1225,2007-01-25,16530.0,Adelantos transitorios del BCRA al Gobierno Nacional,Informe Monetario Diario,Saldos,D,En millones de ARS,ML
1225,2007-01-26,16530.0,Adelantos transitorios del BCRA al Gobierno Nacional,Informe Monetario Diario,Saldos,D,En millones de ARS,ML
1225,2007-01-29,16530.0,Adelantos transitorios del BCRA al Gobierno Nacional,Informe Monetario Diario,Saldos,D,En millones de ARS,ML
1225,2007-01-30,16530.0,Adelantos transitorios del BCRA al Gobierno Nacional,Informe Monetario Diario,Saldos,D,En millones de ARS,ML
1225,2007-01-31,16530.0,Adelantos transitorios del BCRA al Gobierno Nacional,Informe Monetario Diario,Saldos,D,En millones de ARS,ML
1225,2007-02-01,18230.0,Adelantos transitorios del BCRA al Gobierno Nacional,Informe Monetario Diario,Saldos,D,En millones de ARS,ML
1225,2007-02-02,18230.0,Adelantos transitorios del BCRA al Gobierno Nacional,Informe Monetario Diario,Saldos,D,En millones de ARS,ML
1225,2007-02-05,18230.0,Adelantos transitorios del BCRA al Gobierno Nacional,Informe Monetario Diario,Saldos,D,En millones de ARS,ML
1225,2007-02-06,18230.0,Adelantos transitorios del BCRA al Gobierno Nacional,Informe Monetario Diario,Saldos,D,En millones de ARS,ML
1225,2007-02-07,18230.0,Adelantos transitorios del BCRA al Gobierno Nacional,Informe Monetario Diario,Saldos,D,En millones de ARS,ML
1225,2007-02-08,18230.0,Adelantos transitorios del BCRA al Gobierno Nacional,Informe Monetario Diario,Saldos,D,En millones de ARS,ML
1225,2007-02-09,18230.0,Adelantos transitorios del BCRA al Gobierno Nacional,Informe Monetario Diario,Saldos,D,En millones de ARS,ML
1225,2007-02-12,16630.0,Adelantos transitorios del BCRA al Gobierno Nacional,Informe Monetario Diario,Saldos,D,En millones de ARS,ML
1225,2007-02-13,16630.0,Adelantos transitorios del BCRA al Gobierno Nacional,Informe Monetario Diario,Saldos,D,En millones de ARS,ML
1225,2007-02-14,16630.0,Adelantos transitorios del BCRA al Gobierno Nacional,Informe Monetario Diario,Saldos,D,En millones de ARS,ML
1225,2007-02-15,16630.0,Adelantos transitorios del BCRA al Gobierno Nacional,Informe Monetario Diario,Saldos,D,En millones de ARS,ML
1225,2007-02-16,18330.0,Adelantos transitorios del BCRA al Gobierno Nacional,Informe Monetario Diario,Saldos,D,En millones de ARS,ML
1225,2007-02-19,18330.0,Adelantos transitorios del BCRA al Gobierno Nacional,Informe Monetario Diario,Saldos,D,En millones de ARS,ML
1225,2007-02-20,18330.0,Adelantos transitorios del BCRA al Gobierno Nacional,Informe Monetario Diario,Saldos,D,En millones de ARS,ML
1225,2007-02-21,18330.0,Adelantos transitorios del BCRA al Gobierno Nacional,Informe Monetario Diario,Saldos,D,En millones de ARS,ML
1225,2007-02-22,18330.0,Adelantos transitorios del BCRA al Gobierno Nacional,Informe Monetario Diario,Saldos,D,En millones de ARS,ML
1225,2007-02-23,18330.0,Adelantos transitorios del BCRA al Gobierno Nacional,Informe Monetario Diario,Saldos,D,En millones de ARS,ML
1225,2007-02-26,18330.0,Adelantos transitorios del BCRA al Gobierno Nacional,Informe Monetario Diario,Saldos,D,En millones de ARS,ML
1225,2007-02-27,18330.0,Adelantos transitorios del BCRA al Gobierno Nacional,Informe Monetario Diario,Saldos,D,En millones de ARS,ML
1225,2007-02-28,18330.0,Adelantos transitorios del BCRA al Gobierno Nacional,Informe Monetario Diario,Saldos,D,En millones de ARS,ML
1225,2007-03-01,18330.0,Adelantos transitorios del BCRA al Gobierno Nacional,Informe Monetario Diario,Saldos,D,En millones de ARS,ML
1225,2007-03-02,16530.0,Adelantos transitorios del BCRA al Gobierno Nacional,Informe Monetario Diario,Saldos,D,En millones de ARS,ML
1225,2007-03-05,16530.0,Adelantos transitorios del BCRA al Gobierno Nacional,Informe Monetario Diario,Saldos,D,En millones de ARS,ML
1225,2007-03-06,16530.0,Adelantos transitorios del BCRA al Gobierno Nacional,Informe Monetario Diario,Saldos,D,En millones de ARS,ML
1225,2007-03-07,16530.0,Adelantos transitorios del BCRA al Gobierno Nacional,Informe Monetario Diario,Saldos,D,En millones de ARS,ML
1225,2007-03-08,16530.0,Adelantos transitorios del BCRA al Gobierno Nacional,Informe Monetario Diario,Saldos,D,En millones de ARS,ML
1225,2007-03-09,18230.0,Adelantos transitorios del BCRA al Gobierno Nacional,Informe Monetario Diario,Saldos,D,En millones de ARS,ML
1225,2007-03-12,18230.0,Adelantos transitorios del BCRA al Gobierno Nacional,Informe Monetario Diario,Saldos,D,En millones de ARS,ML
1225,2007-03-13,18230.0,Adelantos transitorios del BCRA al Gobierno Nacional,Informe Monetario Diario,Saldos,D,En millones de ARS,ML
1225,2007-03-14,18230.0,Adelantos transitorios del BCRA al Gobierno Nacional,Informe Monetario Diario,Saldos,D,En millones de ARS,ML
1225,2007-03-15,18230.0,Adelantos transitorios del BCRA al Gobierno Nacional,Informe Monetario Diario,Saldos,D,En millones de ARS,ML
1225,2007-03-16,18230.0,Adelantos transitorios del BCRA al Gobierno Nacional,Informe Monetario Diario,Saldos,D,En millones de ARS,ML
1225,2007-03-19,18230.0,Adelantos transitorios del BCRA al Gobierno Nacional,Informe Monetario Diario,Saldos,D,En millones de ARS,ML
1225,2007-03-20,18230.0,Adelantos transitorios del BCRA al Gobierno Nacional,Informe Monetario Diario,Saldos,D,En millones de ARS,ML
1225,2007-03-21,18230.0,Adelantos transitorios del BCRA al Gobierno Nacional,Informe Monetario Diario,Saldos,D,En millones de ARS,ML
1225,2007-03-22,18230.0,Adelantos transitorios del BCRA al Gobierno Nacional,Informe Monetario Diario,Saldos,D,En millones de ARS,ML
1225,2007-03-23,17630.0,Adelantos transitorios del BCRA al Gobierno Nacional,Informe Monetario Diario,Saldos,D,En millones de ARS,ML
1225,2007-03-26,17630.0,Adelantos transitorios del BCRA al Gobierno Nacional,Informe Monetario Diario,Saldos,D,En millones de ARS,ML
1225,2007-03-27,17630.0,Adelantos transitorios del BCRA al Gobierno Nacional,Informe Monetario Diario,Saldos,D,En millones de ARS,ML
1225,2007-03-28,17630.0,Adelantos transitorios del BCRA al Gobierno Nacional,Informe Monetario Diario,Saldos,D,En millones de ARS,ML
1225,2007-03-29,17630.0,Adelantos transitorios del BCRA al Gobierno Nacional,Informe Monetario Diario,Saldos,D,En millones de ARS,ML
1225,2007-03-30,18330.0,Adelantos transitorios del BCRA al Gobierno Nacional,Informe Monetario Diario,Saldos,D,En millones de ARS,ML
1225,2007-04-03,18330.0,Adelantos transitorios del BCRA al Gobierno Nacional,Informe Monetario Diario,Saldos,D,En millones de ARS,ML
1225,2007-04-04,18330.0,Adelantos transitorios del BCRA al Gobierno Nacional,Informe Monetario Diario,Saldos,D,En millones de ARS,ML
1225,2007-04-09,18330.0,Adelantos transitorios del BCRA al Gobierno Nacional,Informe Monetario Diario,Saldos,D,En millones de ARS,ML
1225,2007-04-10,18330.0,Adelantos transitorios del BCRA al Gobierno Nacional,Informe Monetario Diario,Saldos,D,En millones de ARS,ML
1225,2007-04-11,18330.0,Adelantos transitorios del BCRA al Gobierno Nacional,Informe Monetario Diario,Saldos,D,En millones de ARS,ML
1225,2007-04-12,18330.0,Adelantos transitorios del BCRA al Gobierno Nacional,Informe Monetario Diario,Saldos,D,En millones de ARS,ML
1225,2007-04-13,18330.0,Adelantos transitorios del BCRA al Gobierno Nacional,Informe Monetario Diario,Saldos,D,En millones de ARS,ML
1225,2007-04-16,18330.0,Adelantos transitorios del BCRA al Gobierno Nacional,Informe Monetario Diario,Saldos,D,En millones de ARS,ML
1225,2007-04-17,18330.0,Adelantos transitorios del BCRA al Gobierno Nacional,Informe Monetario Diario,Saldos,D,En millones de ARS,ML
1225,2007-04-18,18330.0,Adelantos transitorios del BCRA al Gobierno Nacional,Informe Monetario Diario,Saldos,D,En millones de ARS,ML
1225,2007-04-19,18330.0,Adelantos transitorios del BCRA al Gobierno Nacional,Informe Monetario Diario,Saldos,D,En millones de ARS,ML
1225,2007-04-20,18330.0,Adelantos transitorios del BCRA al Gobierno Nacional,Informe Monetario Diario,Saldos,D,En millones de ARS,ML
1225,2007-04-23,18330.0,Adelantos transitorios del BCRA al Gobierno Nacional,Informe Monetario Diario,Saldos,D,En millones de ARS,ML
1225,2007-04-24,18330.0,Adelantos transitorios del BCRA al Gobierno Nacional,Informe Monetario Diario,Saldos,D,En millones de ARS,ML
1225,2007-04-25,18330.0,Adelantos transitorios del BCRA al Gobierno Nacional,Informe Monetario Diario,Saldos,D,En millones de ARS,ML
1225,2007-04-26,18330.0,Adelantos transitorios del BCRA al Gobierno Nacional,Informe Monetario Diario,Saldos,D,En millones de ARS,ML
1225,2007-04-27,18330.0,Adelantos transitorios del BCRA al Gobierno Nacional,Informe Monetario Diario,Saldos,D,En millones de ARS,ML
1225,2007-04-30,18330.0,Adelantos transitorios del BCRA al Gobierno Nacional,Informe Monetario Diario,Saldos,D,En millones de ARS,ML
1225,2007-05-02,18330.0,Adelantos transitorios del BCRA al Gobierno Nacional,Informe Monetario Diario,Saldos,D,En millones de ARS,ML
1225,2007-05-03,18330.0,Adelantos transitorios del BCRA al Gobierno Nacional,Informe Monetario Diario,Saldos,D,En millones de ARS,ML
1225,2007-05-04,18330.0,Adelantos transitorios del BCRA al Gobierno Nacional,Informe Monetario Diario,Saldos,D,En millones de ARS,ML
1225,2007-05-07,18330.0,Adelantos transitorios del BCRA al Gobierno Nacional,Informe Monetario Diario,Saldos,D,En millones de ARS,ML
1225,2007-05-08,18330.0,Adelantos transitorios del BCRA al Gobierno Nacional,Informe Monetario Diario,Saldos,D,En millones de ARS,ML
1225,2007-05-09,18330.0,Adelantos transitorios del BCRA al Gobierno Nacional,Informe Monetario Diario,Saldos,D,En millones de ARS,ML
1225,2007-05-10,18330.0,Adelantos transitorios del BCRA al Gobierno Nacional,Informe Monetario Diario,Saldos,D,En millones de ARS,ML
1225,2007-05-11,18330.0,Adelantos transitorios del BCRA al Gobierno Nacional,Informe Monetario Diario,Saldos,D,En millones de ARS,ML
1225,2007-05-14,18330.0,Adelantos transitorios del BCRA al Gobierno Nacional,Informe Monetario Diario,Saldos,D,En millones de ARS,ML
1225,2007-05-15,18330.0,Adelantos transitorios del BCRA al Gobierno Nacional,Informe Monetario Diario,Saldos,D,En millones de ARS,ML
1225,2007-05-16,18330.0,Adelantos transitorios del BCRA al Gobierno Nacional,Informe Monetario Diario,Saldos,D,En millones de ARS,ML
1225,2007-05-17,18330.0,Adelantos transitorios del BCRA al Gobierno Nacional,Informe Monetario Diario,Saldos,D,En millones de ARS,ML
1225,2007-05-18,18330.0,Adelantos transitorios del BCRA al Gobierno Nacional,Informe Monetario Diario,Saldos,D,En millones de ARS,ML
1225,2007-05-21,18330.0,Adelantos transitorios del BCRA al Gobierno Nacional,Informe Monetario Diario,Saldos,D,En millones de ARS,ML
1225,2007-05-22,18330.0,Adelantos transitorios del BCRA al Gobierno Nacional,Informe Monetario Diario,Saldos,D,En millones de ARS,ML
1225,2007-05-23,18330.0,Adelantos transitorios del BCRA al Gobierno Nacional,Informe Monetario Diario,Saldos,D,En millones de ARS,ML
1225,2007-05-24,18330.0,Adelantos transitorios del BCRA al Gobierno Nacional,Informe Monetario Diario,Saldos,D,En millones de ARS,ML
1225,2007-05-28,18330.0,Adelantos transitorios del BCRA al Gobierno Nacional,Informe Monetario Diario,Saldos,D,En millones de ARS,ML
1225,2007-05-29,18330.0,Adelantos transitorios del BCRA al Gobierno Nacional,Informe Monetario Diario,Saldos,D,En millones de ARS,ML
1225,2007-05-30,18330.0,Adelantos transitorios del BCRA al Gobierno Nacional,Informe Monetario Diario,Saldos,D,En millones de ARS,ML
1225,2007-05-31,18330.0,Adelantos transitorios del BCRA al Gobierno Nacional,Informe Monetario Diario,Saldos,D,En millones de ARS,ML
1225,2007-06-01,18330.0,Adelantos transitorios del BCRA al Gobierno Nacional,Informe Monetario Diario,Saldos,D,En millones de ARS,ML
1225,2007-06-04,18330.0,Adelantos transitorios del BCRA al Gobierno Nacional,Informe Monetario Diario,Saldos,D,En millones de ARS,ML
1225,2007-06-05,18330.0,Adelantos transitorios del BCRA al Gobierno Nacional,Informe Monetario Diario,Saldos,D,En millones de ARS,ML
1225,2007-06-06,18330.0,Adelantos transitorios del BCRA al Gobierno Nacional,Informe Monetario Diario,Saldos,D,En millones de ARS,ML
1225,2007-06-07,18330.0,Adelantos transitorios del BCRA al Gobierno Nacional,Informe Monetario Diario,Saldos,D,En millones de ARS,ML
1225,2007-06-08,18330.0,Adelantos transitorios del BCRA al Gobierno Nacional,Informe Monetario Diario,Saldos,D,En millones de ARS,ML
1225,2007-06-11,18330.0,Adelantos transitorios del BCRA al Gobierno Nacional,Informe Monetario Diario,Saldos,D,En millones de ARS,ML
1225,2007-06-12,18330.0,Adelantos transitorios del BCRA al Gobierno Nacional,Informe Monetario Diario,Saldos,D,En millones de ARS,ML
1225,2007-06-13,18330.0,Adelantos transitorios del BCRA al Gobierno Nacional,Informe Monetario Diario,Saldos,D,En millones de ARS,ML
1225,2007-06-14,18330.0,Adelantos transitorios del BCRA al Gobierno Nacional,Informe Monetario Diario,Saldos,D,En millones de ARS,ML
1225,2007-06-15,18330.0,Adelantos transitorios del BCRA al Gobierno Nacional,Informe Monetario Diario,Saldos,D,En millones de ARS,ML
1225,2007-06-19,18330.0,Adelantos transitorios del BCRA al Gobierno Nacional,Informe Monetario Diario,Saldos,D,En millones de ARS,ML
1225,2007-06-20,18330.0,Adelantos transitorios del BCRA al Gobierno Nacional,Informe Monetario Diario,Saldos,D,En millones de ARS,ML
1225,2007-06-21,18330.0,Adelantos transitorios del BCRA al Gobierno Nacional,Informe Monetario Diario,Saldos,D,En millones de ARS,ML
1225,2007-06-22,18330.0,Adelantos transitorios del BCRA al Gobierno Nacional,Informe Monetario Diario,Saldos,D,En millones de ARS,ML
1225,2007-06-25,18330.0,Adelantos transitorios del BCRA al Gobierno Nacional,Informe Monetario Diario,Saldos,D,En millones de ARS,ML
1225,2007-06-26,18330.0,Adelantos transitorios del BCRA al Gobierno Nacional,Informe Monetario Diario,Saldos,D,En millones de ARS,ML
1225,2007-06-27,18330.0,Adelantos transitorios del BCRA al Gobierno Nacional,Informe Monetario Diario,Saldos,D,En millones de ARS,ML
1225,2007-06-28,18330.0,Adelantos transitorios del BCRA al Gobierno Nacional,Informe Monetario Diario,Saldos,D,En millones de ARS,ML
1225,2007-06-29,18330.0,Adelantos transitorios del BCRA al Gobierno Nacional,Informe Monetario Diario,Saldos,D,En millones de ARS,ML
1225,2007-07-02,18330.0,Adelantos transitorios del BCRA al Gobierno Nacional,Informe Monetario Diario,Saldos,D,En millones de ARS,ML
1225,2007-07-03,18330.0,Adelantos transitorios del BCRA al Gobierno Nacional,Informe Monetario Diario,Saldos,D,En millones de ARS,ML
1225,2007-07-04,18330.0,Adelantos transitorios del BCRA al Gobierno Nacional,Informe Monetario Diario,Saldos,D,En millones de ARS,ML
1225,2007-07-05,18330.0,Adelantos transitorios del BCRA al Gobierno Nacional,Informe Monetario Diario,Saldos,D,En millones de ARS,ML
1225,2007-07-06,18330.0,Adelantos transitorios del BCRA al Gobierno Nacional,Informe Monetario Diario,Saldos,D,En millones de ARS,ML
1225,2007-07-10,18330.0,Adelantos transitorios del BCRA al Gobierno Nacional,Informe Monetario Diario,Saldos,D,En millones de ARS,ML
1225,2007-07-11,18330.0,Adelantos transitorios del BCRA al Gobierno Nacional,Informe Monetario Diario,Saldos,D,En millones de ARS,ML
1225,2007-07-12,18330.0,Adelantos transitorios del BCRA al Gobierno Nacional,Informe Monetario Diario,Saldos,D,En millones de ARS,ML
1225,2007-07-13,18330.0,Adelantos transitorios del BCRA al Gobierno Nacional,Informe Monetario Diario,Saldos,D,En millones de ARS,ML
1225,2007-07-16,18330.0,Adelantos transitorios del BCRA al Gobierno Nacional,Informe Monetario Diario,Saldos,D,En millones de ARS,ML
1225,2007-07-17,16380.0,Adelantos transitorios del BCRA al Gobierno Nacional,Informe Monetario Diario,Saldos,D,En millones de ARS,ML
1225,2007-07-18,16380.0,Adelantos transitorios del BCRA al Gobierno Nacional,Informe Monetario Diario,Saldos,D,En millones de ARS,ML
1225,2007-07-19,17380.0,Adelantos transitorios del BCRA al Gobierno Nacional,Informe Monetario Diario,Saldos,D,En millones de ARS,ML
1225,2007-07-20,17380.0,Adelantos transitorios del BCRA al Gobierno Nacional,Informe Monetario Diario,Saldos,D,En millones de ARS,ML
1225,2007-07-23,17380.0,Adelantos transitorios del BCRA al Gobierno Nacional,Informe Monetario Diario,Saldos,D,En millones de ARS,ML
1225,2007-07-24,17380.0,Adelantos transitorios del BCRA al Gobierno Nacional,Informe Monetario Diario,Saldos,D,En millones de ARS,ML
1225,2007-07-25,17380.0,Adelantos transitorios del BCRA al Gobierno Nacional,Informe Monetario Diario,Saldos,D,En millones de ARS,ML
1225,2007-07-26,18330.0,Adelantos transitorios del BCRA al Gobierno Nacional,Informe Monetario Diario,Saldos,D,En millones de ARS,ML
1225,2007-07-27,18330.0,Adelantos transitorios del BCRA al Gobierno Nacional,Informe Monetario Diario,Saldos,D,En millones de ARS,ML
1225,2007-07-30,18330.0,Adelantos transitorios del BCRA al Gobierno Nacional,Informe Monetario Diario,Saldos,D,En millones de ARS,ML
1225,2007-07-31,18330.0,Adelantos transitorios del BCRA al Gobierno Nacional,Informe Monetario Diario,Saldos,D,En millones de ARS,ML
1225,2007-08-01,18330.0,Adelantos transitorios del BCRA al Gobierno Nacional,Informe Monetario Diario,Saldos,D,En millones de ARS,ML
1225,2007-08-02,18330.0,Adelantos transitorios del BCRA al Gobierno Nacional,Informe Monetario Diario,Saldos,D,En millones de ARS,ML
1225,2007-08-03,18330.0,Adelantos transitorios del BCRA al Gobierno Nacional,Informe Monetario Diario,Saldos,D,En millones de ARS,ML
1225,2007-08-06,18330.0,Adelantos transitorios del BCRA al Gobierno Nacional,Informe Monetario Diario,Saldos,D,En millones de ARS,ML
1225,2007-08-07,18330.0,Adelantos transitorios del BCRA al Gobierno Nacional,Informe Monetario Diario,Saldos,D,En millones de ARS,ML
1225,2007-08-08,18330.0,Adelantos transitorios del BCRA al Gobierno Nacional,Informe Monetario Diario,Saldos,D,En millones de ARS,ML
1225,2007-08-09,18330.0,Adelantos transitorios del BCRA al Gobierno Nacional,Informe Monetario Diario,Saldos,D,En millones de ARS,ML
1225,2007-08-10,18330.0,Adelantos transitorios del BCRA al Gobierno Nacional,Informe Monetario Diario,Saldos,D,En millones de ARS,ML
1225,2007-08-13,18330.0,Adelantos transitorios del BCRA al Gobierno Nacional,Informe Monetario Diario,Saldos,D,En millones de ARS,ML
1225,2007-08-14,18330.0,Adelantos transitorios del BCRA al Gobierno Nacional,Informe Monetario Diario,Saldos,D,En millones de ARS,ML
1225,2007-08-15,18330.0,Adelantos transitorios del BCRA al Gobierno Nacional,Informe Monetario Diario,Saldos,D,En millones de ARS,ML
1225,2007-08-16,18330.0,Adelantos transitorios del BCRA al Gobierno Nacional,Informe Monetario Diario,Saldos,D,En millones de ARS,ML
1225,2007-08-17,18330.0,Adelantos transitorios del BCRA al Gobierno Nacional,Informe Monetario Diario,Saldos,D,En millones de ARS,ML
1225,2007-08-21,18330.0,Adelantos transitorios del BCRA al Gobierno Nacional,Informe Monetario Diario,Saldos,D,En millones de ARS,ML
1225,2007-08-22,18330.0,Adelantos transitorios del BCRA al Gobierno Nacional,Informe Monetario Diario,Saldos,D,En millones de ARS,ML
1225,2007-08-23,18330.0,Adelantos transitorios del BCRA al Gobierno Nacional,Informe Monetario Diario,Saldos,D,En millones de ARS,ML
1225,2007-08-24,18330.0,Adelantos transitorios del BCRA al Gobierno Nacional,Informe Monetario Diario,Saldos,D,En millones de ARS,ML
1225,2007-08-27,18330.0,Adelantos transitorios del BCRA al Gobierno Nacional,Informe Monetario Diario,Saldos,D,En millones de ARS,ML
1225,2007-08-28,18330.0,Adelantos transitorios del BCRA al Gobierno Nacional,Informe Monetario Diario,Saldos,D,En millones de ARS,ML
1225,2007-08-29,18330.0,Adelantos transitorios del BCRA al Gobierno Nacional,Informe Monetario Diario,Saldos,D,En millones de ARS,ML
1225,2007-08-30,18330.0,Adelantos transitorios del BCRA al Gobierno Nacional,Informe Monetario Diario,Saldos,D,En millones de ARS,ML
1225,2007-08-31,18330.0,Adelantos transitorios del BCRA al Gobierno Nacional,Informe Monetario Diario,Saldos,D,En millones de ARS,ML
1225,2007-09-03,18330.0,Adelantos transitorios del BCRA al Gobierno Nacional,Informe Monetario Diario,Saldos,D,En millones de ARS,ML
1225,2007-09-04,18330.0,Adelantos transitorios del BCRA al Gobierno Nacional,Informe Monetario Diario,Saldos,D,En millones de ARS,ML
1225,2007-09-05,18330.0,Adelantos transitorios del BCRA al Gobierno Nacional,Informe Monetario Diario,Saldos,D,En millones de ARS,ML
1225,2007-09-06,18330.0,Adelantos transitorios del BCRA al Gobierno Nacional,Informe Monetario Diario,Saldos,D,En millones de ARS,ML
1225,2007-09-07,18330.0,Adelantos transitorios del BCRA al Gobierno Nacional,Informe Monetario Diario,Saldos,D,En millones de ARS,ML
1225,2007-09-10,18330.0,Adelantos transitorios del BCRA al Gobierno Nacional,Informe Monetario Diario,Saldos,D,En millones de ARS,ML
1225,2007-09-11,18330.0,Adelantos transitorios del BCRA al Gobierno Nacional,Informe Monetario Diario,Saldos,D,En millones de ARS,ML
1225,2007-09-12,18330.0,Adelantos transitorios del BCRA al Gobierno Nacional,Informe Monetario Diario,Saldos,D,En millones de ARS,ML
1225,2007-09-13,17800.0,Adelantos transitorios del BCRA al Gobierno Nacional,Informe Monetario Diario,Saldos,D,En millones de ARS,ML
1225,2007-09-14,17800.0,Adelantos transitorios del BCRA al Gobierno Nacional,Informe Monetario Diario,Saldos,D,En millones de ARS,ML
1225,2007-09-17,17800.0,Adelantos transitorios del BCRA al Gobierno Nacional,Informe Monetario Diario,Saldos,D,En millones de ARS,ML
1225,2007-09-18,17800.0,Adelantos transitorios del BCRA al Gobierno Nacional,Informe Monetario Diario,Saldos,D,En millones de ARS,ML
1225,2007-09-19,17800.0,Adelantos transitorios del BCRA al Gobierno Nacional,Informe Monetario Diario,Saldos,D,En millones de ARS,ML
1225,2007-09-20,18330.0,Adelantos transitorios del BCRA al Gobierno Nacional,Informe Monetario Diario,Saldos,D,En millones de ARS,ML
1225,2007-09-21,18330.0,Adelantos transitorios del BCRA al Gobierno Nacional,Informe Monetario Diario,Saldos,D,En millones de ARS,ML
1225,2007-09-24,18330.0,Adelantos transitorios del BCRA al Gobierno Nacional,Informe Monetario Diario,Saldos,D,En millones de ARS,ML
1225,2007-09-25,18330.0,Adelantos transitorios del BCRA al Gobierno Nacional,Informe Monetario Diario,Saldos,D,En millones de ARS,ML
1225,2007-09-26,18330.0,Adelantos transitorios del BCRA al Gobierno Nacional,Informe Monetario Diario,Saldos,D,En millones de ARS,ML
1225,2007-09-27,18330.0,Adelantos transitorios del BCRA al Gobierno Nacional,Informe Monetario Diario,Saldos,D,En millones de ARS,ML
1225,2007-09-28,18330.0,Adelantos transitorios del BCRA al Gobierno Nacional,Informe Monetario Diario,Saldos,D,En millones de ARS,ML
1225,2007-10-01,17330.0,Adelantos transitorios del BCRA al Gobierno Nacional,Informe Monetario Diario,Saldos,D,En millones de ARS,ML
1225,2007-10-02,17330.0,Adelantos transitorios del BCRA al Gobierno Nacional,Informe Monetario Diario,Saldos,D,En millones de ARS,ML
1225,2007-10-03,17330.0,Adelantos transitorios del BCRA al Gobierno Nacional,Informe Monetario Diario,Saldos,D,En millones de ARS,ML
1225,2007-10-04,17330.0,Adelantos transitorios del BCRA al Gobierno Nacional,Informe Monetario Diario,Saldos,D,En millones de ARS,ML
1225,2007-10-05,18330.0,Adelantos transitorios del BCRA al Gobierno Nacional,Informe Monetario Diario,Saldos,D,En millones de ARS,ML
1225,2007-10-08,18330.0,Adelantos transitorios del BCRA al Gobierno Nacional,Informe Monetario Diario,Saldos,D,En millones de ARS,ML
1225,2007-10-09,18330.0,Adelantos transitorios del BCRA al Gobierno Nacional,Informe Monetario Diario,Saldos,D,En millones de ARS,ML
1225,2007-10-10,18330.0,Adelantos transitorios del BCRA al Gobierno Nacional,Informe Monetario Diario,Saldos,D,En millones de ARS,ML
1225,2007-10-11,18330.0,Adelantos transitorios del BCRA al Gobierno Nacional,Informe Monetario Diario,Saldos,D,En millones de ARS,ML
1225,2007-10-12,17330.0,Adelantos transitorios del BCRA al Gobierno Nacional,Informe Monetario Diario,Saldos,D,En millones de ARS,ML
1225,2007-10-16,17330.0,Adelantos transitorios del BCRA al Gobierno Nacional,Informe Monetario Diario,Saldos,D,En millones de ARS,ML
1225,2007-10-17,17330.0,Adelantos transitorios del BCRA al Gobierno Nacional,Informe Monetario Diario,Saldos,D,En millones de ARS,ML
1225,2007-10-18,17330.0,Adelantos transitorios del BCRA al Gobierno Nacional,Informe Monetario Diario,Saldos,D,En millones de ARS,ML
1225,2007-10-19,17330.0,Adelantos transitorios del BCRA al Gobierno Nacional,Informe Monetario Diario,Saldos,D,En millones de ARS,ML
1225,2007-10-22,18330.0,Adelantos transitorios del BCRA al Gobierno Nacional,Informe Monetario Diario,Saldos,D,En millones de ARS,ML
1225,2007-10-23,18330.0,Adelantos transitorios del BCRA al Gobierno Nacional,Informe Monetario Diario,Saldos,D,En millones de ARS,ML
1225,2007-10-24,18330.0,Adelantos transitorios del BCRA al Gobierno Nacional,Informe Monetario Diario,Saldos,D,En millones de ARS,ML
1225,2007-10-25,18330.0,Adelantos transitorios del BCRA al Gobierno Nacional,Informe Monetario Diario,Saldos,D,En millones de ARS,ML
1225,2007-10-26,18330.0,Adelantos transitorios del BCRA al Gobierno Nacional,Informe Monetario Diario,Saldos,D,En millones de ARS,ML
1225,2007-10-29,18330.0,Adelantos transitorios del BCRA al Gobierno Nacional,Informe Monetario Diario,Saldos,D,En millones de ARS,ML
1225,2007-10-30,18330.0,Adelantos transitorios del BCRA al Gobierno Nacional,Informe Monetario Diario,Saldos,D,En millones de ARS,ML
1225,2007-10-31,18330.0,Adelantos transitorios del BCRA al Gobierno Nacional,Informe Monetario Diario,Saldos,D,En millones de ARS,ML
1225,2007-11-01,18330.0,Adelantos transitorios del BCRA al Gobierno Nacional,Informe Monetario Diario,Saldos,D,En millones de ARS,ML
1225,2007-11-02,18330.0,Adelantos transitorios del BCRA al Gobierno Nacional,Informe Monetario Diario,Saldos,D,En millones de ARS,ML
1225,2007-11-05,18330.0,Adelantos transitorios del BCRA al Gobierno Nacional,Informe Monetario Diario,Saldos,D,En millones de ARS,ML
1225,2007-11-07,18330.0,Adelantos transitorios del BCRA al Gobierno Nacional,Informe Monetario Diario,Saldos,D,En millones de ARS,ML
1225,2007-11-08,18330.0,Adelantos transitorios del BCRA al Gobierno Nacional,Informe Monetario Diario,Saldos,D,En millones de ARS,ML
1225,2007-11-09,17730.0,Adelantos transitorios del BCRA al Gobierno Nacional,Informe Monetario Diario,Saldos,D,En millones de ARS,ML
1225,2007-11-12,17730.0,Adelantos transitorios del BCRA al Gobierno Nacional,Informe Monetario Diario,Saldos,D,En millones de ARS,ML
1225,2007-11-13,17730.0,Adelantos transitorios del BCRA al Gobierno Nacional,Informe Monetario Diario,Saldos,D,En millones de ARS,ML
1225,2007-11-14,17730.0,Adelantos transitorios del BCRA al Gobierno Nacional,Informe Monetario Diario,Saldos,D,En millones de ARS,ML
1225,2007-11-15,18330.0,Adelantos transitorios del BCRA al Gobierno Nacional,Informe Monetario Diario,Saldos,D,En millones de ARS,ML
1225,2007-11-16,16630.0,Adelantos transitorios del BCRA al Gobierno Nacional,Informe Monetario Diario,Saldos,D,En millones de ARS,ML
1225,2007-11-19,16630.0,Adelantos transitorios del BCRA al Gobierno Nacional,Informe Monetario Diario,Saldos,D,En millones de ARS,ML
1225,2007-11-20,16630.0,Adelantos transitorios del BCRA al Gobierno Nacional,Informe Monetario Diario,Saldos,D,En millones de ARS,ML
1225,2007-11-21,16630.0,Adelantos transitorios del BCRA al Gobierno Nacional,Informe Monetario Diario,Saldos,D,En millones de ARS,ML
1225,2007-11-22,18330.0,Adelantos transitorios del BCRA al Gobierno Nacional,Informe Monetario Diario,Saldos,D,En millones de ARS,ML
1225,2007-11-23,18330.0,Adelantos transitorios del BCRA al Gobierno Nacional,Informe Monetario Diario,Saldos,D,En millones de ARS,ML
1225,2007-11-26,18330.0,Adelantos transitorios del BCRA al Gobierno Nacional,Informe Monetario Diario,Saldos,D,En millones de ARS,ML
1225,2007-11-27,18330.0,Adelantos transitorios del BCRA al Gobierno Nacional,Informe Monetario Diario,Saldos,D,En millones de ARS,ML
1225,2007-11-28,18330.0,Adelantos transitorios del BCRA al Gobierno Nacional,Informe Monetario Diario,Saldos,D,En millones de ARS,ML
1225,2007-11-29,18330.0,Adelantos transitorios del BCRA al Gobierno Nacional,Informe Monetario Diario,Saldos,D,En millones de ARS,ML
1225,2007-11-30,17130.0,Adelantos transitorios del BCRA al Gobierno Nacional,Informe Monetario Diario,Saldos,D,En millones de ARS,ML
1225,2007-12-03,17130.0,Adelantos transitorios del BCRA al Gobierno Nacional,Informe Monetario Diario,Saldos,D,En millones de ARS,ML
1225,2007-12-04,17130.0,Adelantos transitorios del BCRA al Gobierno Nacional,Informe Monetario Diario,Saldos,D,En millones de ARS,ML
1225,2007-12-05,17130.0,Adelantos transitorios del BCRA al Gobierno Nacional,Informe Monetario Diario,Saldos,D,En millones de ARS,ML
1225,2007-12-06,18330.0,Adelantos transitorios del BCRA al Gobierno Nacional,Informe Monetario Diario,Saldos,D,En millones de ARS,ML
1225,2007-12-07,18330.0,Adelantos transitorios del BCRA al Gobierno Nacional,Informe Monetario Diario,Saldos,D,En millones de ARS,ML
1225,2007-12-10,18330.0,Adelantos transitorios del BCRA al Gobierno Nacional,Informe Monetario Diario,Saldos,D,En millones de ARS,ML
1225,2007-12-11,18330.0,Adelantos transitorios del BCRA al Gobierno Nacional,Informe Monetario Diario,Saldos,D,En millones de ARS,ML
1225,2007-12-12,18330.0,Adelantos transitorios del BCRA al Gobierno Nacional,Informe Monetario Diario,Saldos,D,En millones de ARS,ML
1225,2007-12-13,18330.0,Adelantos transitorios del BCRA al Gobierno Nacional,Informe Monetario Diario,Saldos,D,En millones de ARS,ML
1225,2007-12-14,15780.0,Adelantos transitorios del BCRA al Gobierno Nacional,Informe Monetario Diario,Saldos,D,En millones de ARS,ML
1225,2007-12-17,15780.0,Adelantos transitorios del BCRA al Gobierno Nacional,Informe Monetario Diario,Saldos,D,En millones de ARS,ML
1225,2007-12-18,15780.0,Adelantos transitorios del BCRA al Gobierno Nacional,Informe Monetario Diario,Saldos,D,En millones de ARS,ML
1225,2007-12-19,15780.0,Adelantos transitorios del BCRA al Gobierno Nacional,Informe Monetario Diario,Saldos,D,En millones de ARS,ML
1225,2007-12-20,18330.0,Adelantos transitorios del BCRA al Gobierno Nacional,Informe Monetario Diario,Saldos,D,En millones de ARS,ML
1225,2007-12-21,16330.0,Adelantos transitorios del BCRA al Gobierno Nacional,Informe Monetario Diario,Saldos,D,En millones de ARS,ML
1225,2007-12-26,16330.0,Adelantos transitorios del BCRA al Gobierno Nacional,Informe Monetario Diario,Saldos,D,En millones de ARS,ML
1225,2007-12-27,16330.0,Adelantos transitorios del BCRA al Gobierno Nacional,Informe Monetario Diario,Saldos,D,En millones de ARS,ML
1225,2007-12-28,21330.0,Adelantos transitorios del BCRA al Gobierno Nacional,Informe Monetario Diario,Saldos,D,En millones de ARS,ML
1225,2008-01-02,21330.0,Adelantos transitorios del BCRA al Gobierno Nacional,Informe Monetario Diario,Saldos,D,En millones de ARS,ML
1225,2008-01-03,21330.0,Adelantos transitorios del BCRA al Gobierno Nacional,Informe Monetario Diario,Saldos,D,En millones de ARS,ML
1225,2008-01-04,21330.0,Adelantos transitorios del BCRA al Gobierno Nacional,Informe Monetario Diario,Saldos,D,En millones de ARS,ML
1225,2008-01-07,21330.0,Adelantos transitorios del BCRA al Gobierno Nacional,Informe Monetario Diario,Saldos,D,En millones de ARS,ML
1225,2008-01-08,21330.0,Adelantos transitorios del BCRA al Gobierno Nacional,Informe Monetario Diario,Saldos,D,En millones de ARS,ML
1225,2008-01-09,21330.0,Adelantos transitorios del BCRA al Gobierno Nacional,Informe Monetario Diario,Saldos,D,En millones de ARS,ML
1225,2008-01-10,21330.0,Adelantos transitorios del BCRA al Gobierno Nacional,Informe Monetario Diario,Saldos,D,En millones de ARS,ML
1225,2008-01-11,21330.0,Adelantos transitorios del BCRA al Gobierno Nacional,Informe Monetario Diario,Saldos,D,En millones de ARS,ML
1225,2008-01-14,21330.0,Adelantos transitorios del BCRA al Gobierno Nacional,Informe Monetario Diario,Saldos,D,En millones de ARS,ML
1225,2008-01-15,21330.0,Adelantos transitorios del BCRA al Gobierno Nacional,Informe Monetario Diario,Saldos,D,En millones de ARS,ML
1225,2008-01-16,21330.0,Adelantos transitorios del BCRA al Gobierno Nacional,Informe Monetario Diario,Saldos,D,En millones de ARS,ML
1225,2008-01-17,21330.0,Adelantos transitorios del BCRA al Gobierno Nacional,Informe Monetario Diario,Saldos,D,En millones de ARS,ML
1225,2008-01-18,21330.0,Adelantos transitorios del BCRA al Gobierno Nacional,Informe Monetario Diario,Saldos,D,En millones de ARS,ML
1225,2008-01-21,21330.0,Adelantos transitorios del BCRA al Gobierno Nacional,Informe Monetario Diario,Saldos,D,En millones de ARS,ML
1225,2008-01-22,21330.0,Adelantos transitorios del BCRA al Gobierno Nacional,Informe Monetario Diario,Saldos,D,En millones de ARS,ML
1225,2008-01-23,21330.0,Adelantos transitorios del BCRA al Gobierno Nacional,Informe Monetario Diario,Saldos,D,En millones de ARS,ML
1225,2008-01-24,21330.0,Adelantos transitorios del BCRA al Gobierno Nacional,Informe Monetario Diario,Saldos,D,En millones de ARS,ML
1225,2008-01-25,21330.0,Adelantos transitorios del BCRA al Gobierno Nacional,Informe Monetario Diario,Saldos,D,En millones de ARS,ML
1225,2008-01-28,21330.0,Adelantos transitorios del BCRA al Gobierno Nacional,Informe Monetario Diario,Saldos,D,En millones de ARS,ML
1225,2008-01-29,21330.0,Adelantos transitorios del BCRA al Gobierno Nacional,Informe Monetario Diario,Saldos,D,En millones de ARS,ML
1225,2008-01-30,21330.0,Adelantos transitorios del BCRA al Gobierno Nacional,Informe Monetario Diario,Saldos,D,En millones de ARS,ML
1225,2008-01-31,21330.0,Adelantos transitorios del BCRA al Gobierno Nacional,Informe Monetario Diario,Saldos,D,En millones de ARS,ML
1225,2008-02-01,19630.0,Adelantos transitorios del BCRA al Gobierno Nacional,Informe Monetario Diario,Saldos,D,En millones de ARS,ML
1225,2008-02-04,19630.0,Adelantos transitorios del BCRA al Gobierno Nacional,Informe Monetario Diario,Saldos,D,En millones de ARS,ML
1225,2008-02-05,19630.0,Adelantos transitorios del BCRA al Gobierno Nacional,Informe Monetario Diario,Saldos,D,En millones de ARS,ML
1225,2008-02-06,19630.0,Adelantos transitorios del BCRA al Gobierno Nacional,Informe Monetario Diario,Saldos,D,En millones de ARS,ML
1225,2008-02-07,21330.0,Adelantos transitorios del BCRA al Gobierno Nacional,Informe Monetario Diario,Saldos,D,En millones de ARS,ML
1225,2008-02-08,21330.0,Adelantos transitorios del BCRA al Gobierno Nacional,Informe Monetario Diario,Saldos,D,En millones de ARS,ML
1225,2008-02-11,21330.0,Adelantos transitorios del BCRA al Gobierno Nacional,Informe Monetario Diario,Saldos,D,En millones de ARS,ML
1225,2008-02-12,21330.0,Adelantos transitorios del BCRA al Gobierno Nacional,Informe Monetario Diario,Saldos,D,En millones de ARS,ML
1225,2008-02-13,21330.0,Adelantos transitorios del BCRA al Gobierno Nacional,Informe Monetario Diario,Saldos,D,En millones de ARS,ML
1225,2008-02-14,21330.0,Adelantos transitorios del BCRA al Gobierno Nacional,Informe Monetario Diario,Saldos,D,En millones de ARS,ML
1225,2008-02-15,19630.0,Adelantos transitorios del BCRA al Gobierno Nacional,Informe Monetario Diario,Saldos,D,En millones de ARS,ML
1225,2008-02-18,19630.0,Adelantos transitorios del BCRA al Gobierno Nacional,Informe Monetario Diario,Saldos,D,En millones de ARS,ML
1225,2008-02-19,19630.0,Adelantos transitorios del BCRA al Gobierno Nacional,Informe Monetario Diario,Saldos,D,En millones de ARS,ML
1225,2008-02-20,19630.0,Adelantos transitorios del BCRA al Gobierno Nacional,Informe Monetario Diario,Saldos,D,En millones de ARS,ML
1225,2008-02-21,19630.0,Adelantos transitorios del BCRA al Gobierno Nacional,Informe Monetario Diario,Saldos,D,En millones de ARS,ML
1225,2008-02-22,21330.0,Adelantos transitorios del BCRA al Gobierno Nacional,Informe Monetario Diario,Saldos,D,En millones de ARS,ML
1225,2008-02-25,21330.0,Adelantos transitorios del BCRA al Gobierno Nacional,Informe Monetario Diario,Saldos,D,En millones de ARS,ML
1225,2008-02-26,21330.0,Adelantos transitorios del BCRA al Gobierno Nacional,Informe Monetario Diario,Saldos,D,En millones de ARS,ML
1225,2008-02-27,21330.0,Adelantos transitorios del BCRA al Gobierno Nacional,Informe Monetario Diario,Saldos,D,En millones de ARS,ML
1225,2008-02-28,21330.0,Adelantos transitorios del BCRA al Gobierno Nacional,Informe Monetario Diario,Saldos,D,En millones de ARS,ML
1225,2008-02-29,21330.0,Adelantos transitorios del BCRA al Gobierno Nacional,Informe Monetario Diario,Saldos,D,En millones de ARS,ML
1225,2008-03-03,21330.0,Adelantos transitorios del BCRA al Gobierno Nacional,Informe Monetario Diario,Saldos,D,En millones de ARS,ML
1225,2008-03-04,21330.0,Adelantos transitorios del BCRA al Gobierno Nacional,Informe Monetario Diario,Saldos,D,En millones de ARS,ML
1225,2008-03-05,21330.0,Adelantos transitorios del BCRA al Gobierno Nacional,Informe Monetario Diario,Saldos,D,En millones de ARS,ML
1225,2008-03-06,21330.0,Adelantos transitorios del BCRA al Gobierno Nacional,Informe Monetario Diario,Saldos,D,En millones de ARS,ML
1225,2008-03-07,19630.0,Adelantos transitorios del BCRA al Gobierno Nacional,Informe Monetario Diario,Saldos,D,En millones de ARS,ML
1225,2008-03-10,19630.0,Adelantos transitorios del BCRA al Gobierno Nacional,Informe Monetario Diario,Saldos,D,En millones de ARS,ML
1225,2008-03-11,19630.0,Adelantos transitorios del BCRA al Gobierno Nacional,Informe Monetario Diario,Saldos,D,En millones de ARS,ML
1225,2008-03-12,19630.0,Adelantos transitorios del BCRA al Gobierno Nacional,Informe Monetario Diario,Saldos,D,En millones de ARS,ML
1225,2008-03-13,19630.0,Adelantos transitorios del BCRA al Gobierno Nacional,Informe Monetario Diario,Saldos,D,En millones de ARS,ML
1225,2008-03-14,21330.0,Adelantos transitorios del BCRA al Gobierno Nacional,Informe Monetario Diario,Saldos,D,En millones de ARS,ML
1225,2008-03-17,21330.0,Adelantos transitorios del BCRA al Gobierno Nacional,Informe Monetario Diario,Saldos,D,En millones de ARS,ML
1225,2008-03-18,21330.0,Adelantos transitorios del BCRA al Gobierno Nacional,Informe Monetario Diario,Saldos,D,En millones de ARS,ML
1225,2008-03-19,20630.0,Adelantos transitorios del BCRA al Gobierno Nacional,Informe Monetario Diario,Saldos,D,En millones de ARS,ML
1225,2008-03-25,20630.0,Adelantos transitorios del BCRA al Gobierno Nacional,Informe Monetario Diario,Saldos,D,En millones de ARS,ML
1225,2008-03-26,20630.0,Adelantos transitorios del BCRA al Gobierno Nacional,Informe Monetario Diario,Saldos,D,En millones de ARS,ML
1225,2008-03-27,20630.0,Adelantos transitorios del BCRA al Gobierno Nacional,Informe Monetario Diario,Saldos,D,En millones de ARS,ML
1225,2008-03-28,20630.0,Adelantos transitorios del BCRA al Gobierno Nacional,Informe Monetario Diario,Saldos,D,En millones de ARS,ML
1225,2008-03-31,21330.0,Adelantos transitorios del BCRA al Gobierno Nacional,Informe Monetario Diario,Saldos,D,En millones de ARS,ML
1225,2008-04-01,21330.0,Adelantos transitorios del BCRA al Gobierno Nacional,Informe Monetario Diario,Saldos,D,En millones de ARS,ML
1225,2008-04-03,21330.0,Adelantos transitorios del BCRA al Gobierno Nacional,Informe Monetario Diario,Saldos,D,En millones de ARS,ML
1225,2008-04-04,21330.0,Adelantos transitorios del BCRA al Gobierno Nacional,Informe Monetario Diario,Saldos,D,En millones de ARS,ML
1225,2008-04-07,21330.0,Adelantos transitorios del BCRA al Gobierno Nacional,Informe Monetario Diario,Saldos,D,En millones de ARS,ML
1225,2008-04-08,21330.0,Adelantos transitorios del BCRA al Gobierno Nacional,Informe Monetario Diario,Saldos,D,En millones de ARS,ML
1225,2008-04-09,21330.0,Adelantos transitorios del BCRA al Gobierno Nacional,Informe Monetario Diario,Saldos,D,En millones de ARS,ML
1225,2008-04-10,21330.0,Adelantos transitorios del BCRA al Gobierno Nacional,Informe Monetario Diario,Saldos,D,En millones de ARS,ML
1225,2008-04-11,21330.0,Adelantos transitorios del BCRA al Gobierno Nacional,Informe Monetario Diario,Saldos,D,En millones de ARS,ML
1225,2008-04-14,21330.0,Adelantos transitorios del BCRA al Gobierno Nacional,Informe Monetario Diario,Saldos,D,En millones de ARS,ML
1225,2008-04-15,21330.0,Adelantos transitorios del BCRA al Gobierno Nacional,Informe Monetario Diario,Saldos,D,En millones de ARS,ML
1225,2008-04-16,21330.0,Adelantos transitorios del BCRA al Gobierno Nacional,Informe Monetario Diario,Saldos,D,En millones de ARS,ML
1225,2008-04-17,21330.0,Adelantos transitorios del BCRA al Gobierno Nacional,Informe Monetario Diario,Saldos,D,En millones de ARS,ML
1225,2008-04-18,21330.0,Adelantos transitorios del BCRA al Gobierno Nacional,Informe Monetario Diario,Saldos,D,En millones de ARS,ML
1225,2008-04-21,21330.0,Adelantos transitorios del BCRA al Gobierno Nacional,Informe Monetario Diario,Saldos,D,En millones de ARS,ML
1225,2008-04-22,21330.0,Adelantos transitorios del BCRA al Gobierno Nacional,Informe Monetario Diario,Saldos,D,En millones de ARS,ML
1225,2008-04-23,21330.0,Adelantos transitorios del BCRA al Gobierno Nacional,Informe Monetario Diario,Saldos,D,En millones de ARS,ML
1225,2008-04-24,21330.0,Adelantos transitorios del BCRA al Gobierno Nacional,Informe Monetario Diario,Saldos,D,En millones de ARS,ML
1225,2008-04-25,21330.0,Adelantos transitorios del BCRA al Gobierno Nacional,Informe Monetario Diario,Saldos,D,En millones de ARS,ML
1225,2008-04-28,21330.0,Adelantos transitorios del BCRA al Gobierno Nacional,Informe Monetario Diario,Saldos,D,En millones de ARS,ML
1225,2008-04-29,21330.0,Adelantos transitorios del BCRA al Gobierno Nacional,Informe Monetario Diario,Saldos,D,En millones de ARS,ML
1225,2008-04-30,21330.0,Adelantos transitorios del BCRA al Gobierno Nacional,Informe Monetario Diario,Saldos,D,En millones de ARS,ML
1225,2008-05-02,21330.0,Adelantos transitorios del BCRA al Gobierno Nacional,Informe Monetario Diario,Saldos,D,En millones de ARS,ML
1225,2008-05-05,21330.0,Adelantos transitorios del BCRA al Gobierno Nacional,Informe Monetario Diario,Saldos,D,En millones de ARS,ML
1225,2008-05-06,21330.0,Adelantos transitorios del BCRA al Gobierno Nacional,Informe Monetario Diario,Saldos,D,En millones de ARS,ML
1225,2008-05-07,21330.0,Adelantos transitorios del BCRA al Gobierno Nacional,Informe Monetario Diario,Saldos,D,En millones de ARS,ML
1225,2008-05-08,21330.0,Adelantos transitorios del BCRA al Gobierno Nacional,Informe Monetario Diario,Saldos,D,En millones de ARS,ML
1225,2008-05-09,21330.0,Adelantos transitorios del BCRA al Gobierno Nacional,Informe Monetario Diario,Saldos,D,En millones de ARS,ML
1225,2008-05-12,21330.0,Adelantos transitorios del BCRA al Gobierno Nacional,Informe Monetario Diario,Saldos,D,En millones de ARS,ML
1225,2008-05-13,21330.0,Adelantos transitorios del BCRA al Gobierno Nacional,Informe Monetario Diario,Saldos,D,En millones de ARS,ML
1225,2008-05-14,21330.0,Adelantos transitorios del BCRA al Gobierno Nacional,Informe Monetario Diario,Saldos,D,En millones de ARS,ML
1225,2008-05-15,21330.0,Adelantos transitorios del BCRA al Gobierno Nacional,Informe Monetario Diario,Saldos,D,En millones de ARS,ML
1225,2008-05-16,21330.0,Adelantos transitorios del BCRA al Gobierno Nacional,Informe Monetario Diario,Saldos,D,En millones de ARS,ML
1225,2008-05-19,21330.0,Adelantos transitorios del BCRA al Gobierno Nacional,Informe Monetario Diario,Saldos,D,En millones de ARS,ML
1225,2008-05-20,21330.0,Adelantos transitorios del BCRA al Gobierno Nacional,Informe Monetario Diario,Saldos,D,En millones de ARS,ML
1225,2008-05-21,21330.0,Adelantos transitorios del BCRA al Gobierno Nacional,Informe Monetario Diario,Saldos,D,En millones de ARS,ML
1225,2008-05-22,21330.0,Adelantos transitorios del BCRA al Gobierno Nacional,Informe Monetario Diario,Saldos,D,En millones de ARS,ML
1225,2008-05-23,21330.0,Adelantos transitorios del BCRA al Gobierno Nacional,Informe Monetario Diario,Saldos,D,En millones de ARS,ML
1225,2008-05-26,21330.0,Adelantos transitorios del BCRA al Gobierno Nacional,Informe Monetario Diario,Saldos,D,En millones de ARS,ML
1225,2008-05-27,21330.0,Adelantos transitorios del BCRA al Gobierno Nacional,Informe Monetario Diario,Saldos,D,En millones de ARS,ML
1225,2008-05-28,21330.0,Adelantos transitorios del BCRA al Gobierno Nacional,Informe Monetario Diario,Saldos,D,En millones de ARS,ML
1225,2008-05-29,21330.0,Adelantos transitorios del BCRA al Gobierno Nacional,Informe Monetario Diario,Saldos,D,En millones de ARS,ML
1225,2008-05-30,21330.0,Adelantos transitorios del BCRA al Gobierno Nacional,Informe Monetario Diario,Saldos,D,En millones de ARS,ML
1225,2008-06-02,21330.0,Adelantos transitorios del BCRA al Gobierno Nacional,Informe Monetario Diario,Saldos,D,En millones de ARS,ML
1225,2008-06-03,21330.0,Adelantos transitorios del BCRA al Gobierno Nacional,Informe Monetario Diario,Saldos,D,En millones de ARS,ML
1225,2008-06-04,21330.0,Adelantos transitorios del BCRA al Gobierno Nacional,Informe Monetario Diario,Saldos,D,En millones de ARS,ML
1225,2008-06-05,21330.0,Adelantos transitorios del BCRA al Gobierno Nacional,Informe Monetario Diario,Saldos,D,En millones de ARS,ML
1225,2008-06-06,21330.0,Adelantos transitorios del BCRA al Gobierno Nacional,Informe Monetario Diario,Saldos,D,En millones de ARS,ML
1225,2008-06-09,21330.0,Adelantos transitorios del BCRA al Gobierno Nacional,Informe Monetario Diario,Saldos,D,En millones de ARS,ML
1225,2008-06-10,21330.0,Adelantos transitorios del BCRA al Gobierno Nacional,Informe Monetario Diario,Saldos,D,En millones de ARS,ML
1225,2008-06-11,21330.0,Adelantos transitorios del BCRA al Gobierno Nacional,Informe Monetario Diario,Saldos,D,En millones de ARS,ML
1225,2008-06-12,21330.0,Adelantos transitorios del BCRA al Gobierno Nacional,Informe Monetario Diario,Saldos,D,En millones de ARS,ML
1225,2008-06-13,21330.0,Adelantos transitorios del BCRA al Gobierno Nacional,Informe Monetario Diario,Saldos,D,En millones de ARS,ML
1225,2008-06-17,21330.0,Adelantos transitorios del BCRA al Gobierno Nacional,Informe Monetario Diario,Saldos,D,En millones de ARS,ML
1225,2008-06-18,21330.0,Adelantos transitorios del BCRA al Gobierno Nacional,Informe Monetario Diario,Saldos,D,En millones de ARS,ML
1225,2008-06-19,21330.0,Adelantos transitorios del BCRA al Gobierno Nacional,Informe Monetario Diario,Saldos,D,En millones de ARS,ML
1225,2008-06-20,21330.0,Adelantos transitorios del BCRA al Gobierno Nacional,Informe Monetario Diario,Saldos,D,En millones de ARS,ML
1225,2008-06-23,21330.0,Adelantos transitorios del BCRA al Gobierno Nacional,Informe Monetario Diario,Saldos,D,En millones de ARS,ML
1225,2008-06-24,21330.0,Adelantos transitorios del BCRA al Gobierno Nacional,Informe Monetario Diario,Saldos,D,En millones de ARS,ML
1225,2008-06-25,21330.0,Adelantos transitorios del BCRA al Gobierno Nacional,Informe Monetario Diario,Saldos,D,En millones de ARS,ML
1225,2008-06-26,21330.0,Adelantos transitorios del BCRA al Gobierno Nacional,Informe Monetario Diario,Saldos,D,En millones de ARS,ML
1225,2008-06-27,21330.0,Adelantos transitorios del BCRA al Gobierno Nacional,Informe Monetario Diario,Saldos,D,En millones de ARS,ML
1225,2008-06-30,21330.0,Adelantos transitorios del BCRA al Gobierno Nacional,Informe Monetario Diario,Saldos,D,En millones de ARS,ML
1225,2008-07-01,21330.0,Adelantos transitorios del BCRA al Gobierno Nacional,Informe Monetario Diario,Saldos,D,En millones de ARS,ML
1225,2008-07-02,21330.0,Adelantos transitorios del BCRA al Gobierno Nacional,Informe Monetario Diario,Saldos,D,En millones de ARS,ML
1225,2008-07-03,21330.0,Adelantos transitorios del BCRA al Gobierno Nacional,Informe Monetario Diario,Saldos,D,En millones de ARS,ML
1225,2008-07-04,21330.0,Adelantos transitorios del BCRA al Gobierno Nacional,Informe Monetario Diario,Saldos,D,En millones de ARS,ML
1225,2008-07-07,20330.0,Adelantos transitorios del BCRA al Gobierno Nacional,Informe Monetario Diario,Saldos,D,En millones de ARS,ML
1225,2008-07-08,20330.0,Adelantos transitorios del BCRA al Gobierno Nacional,Informe Monetario Diario,Saldos,D,En millones de ARS,ML
1225,2008-07-10,20330.0,Adelantos transitorios del BCRA al Gobierno Nacional,Informe Monetario Diario,Saldos,D,En millones de ARS,ML
1225,2008-07-11,19380.0,Adelantos transitorios del BCRA al Gobierno Nacional,Informe Monetario Diario,Saldos,D,En millones de ARS,ML
1225,2008-07-14,19380.0,Adelantos transitorios del BCRA al Gobierno Nacional,Informe Monetario Diario,Saldos,D,En millones de ARS,ML
1225,2008-07-15,19380.0,Adelantos transitorios del BCRA al Gobierno Nacional,Informe Monetario Diario,Saldos,D,En millones de ARS,ML
1225,2008-07-16,19380.0,Adelantos transitorios del BCRA al Gobierno Nacional,Informe Monetario Diario,Saldos,D,En millones de ARS,ML
1225,2008-07-17,19380.0,Adelantos transitorios del BCRA al Gobierno Nacional,Informe Monetario Diario,Saldos,D,En millones de ARS,ML
1225,2008-07-18,21330.0,Adelantos transitorios del BCRA al Gobierno Nacional,Informe Monetario Diario,Saldos,D,En millones de ARS,ML
1225,2008-07-21,21330.0,Adelantos transitorios del BCRA al Gobierno Nacional,Informe Monetario Diario,Saldos,D,En millones de ARS,ML
1225,2008-07-22,21330.0,Adelantos transitorios del BCRA al Gobierno Nacional,Informe Monetario Diario,Saldos,D,En millones de ARS,ML
1225,2008-07-23,21330.0,Adelantos transitorios del BCRA al Gobierno Nacional,Informe Monetario Diario,Saldos,D,En millones de ARS,ML
1225,2008-07-24,21330.0,Adelantos transitorios del BCRA al Gobierno Nacional,Informe Monetario Diario,Saldos,D,En millones de ARS,ML
1225,2008-07-25,21330.0,Adelantos transitorios del BCRA al Gobierno Nacional,Informe Monetario Diario,Saldos,D,En millones de ARS,ML
1225,2008-07-28,21330.0,Adelantos transitorios del BCRA al Gobierno Nacional,Informe Monetario Diario,Saldos,D,En millones de ARS,ML
1225,2008-07-29,21330.0,Adelantos transitorios del BCRA al Gobierno Nacional,Informe Monetario Diario,Saldos,D,En millones de ARS,ML
1225,2008-07-30,21330.0,Adelantos transitorios del BCRA al Gobierno Nacional,Informe Monetario Diario,Saldos,D,En millones de ARS,ML
1225,2008-07-31,21330.0,Adelantos transitorios del BCRA al Gobierno Nacional,Informe Monetario Diario,Saldos,D,En millones de ARS,ML
1225,2008-08-01,21330.0,Adelantos transitorios del BCRA al Gobierno Nacional,Informe Monetario Diario,Saldos,D,En millones de ARS,ML
1225,2008-08-04,21330.0,Adelantos transitorios del BCRA al Gobierno Nacional,Informe Monetario Diario,Saldos,D,En millones de ARS,ML
1225,2008-08-05,21330.0,Adelantos transitorios del BCRA al Gobierno Nacional,Informe Monetario Diario,Saldos,D,En millones de ARS,ML
1225,2008-08-06,21330.0,Adelantos transitorios del BCRA al Gobierno Nacional,Informe Monetario Diario,Saldos,D,En millones de ARS,ML
1225,2008-08-07,21330.0,Adelantos transitorios del BCRA al Gobierno Nacional,Informe Monetario Diario,Saldos,D,En millones de ARS,ML
1225,2008-08-08,21330.0,Adelantos transitorios del BCRA al Gobierno Nacional,Informe Monetario Diario,Saldos,D,En millones de ARS,ML
1225,2008-08-11,21330.0,Adelantos transitorios del BCRA al Gobierno Nacional,Informe Monetario Diario,Saldos,D,En millones de ARS,ML
1225,2008-08-12,21330.0,Adelantos transitorios del BCRA al Gobierno Nacional,Informe Monetario Diario,Saldos,D,En millones de ARS,ML
1225,2008-08-13,21330.0,Adelantos transitorios del BCRA al Gobierno Nacional,Informe Monetario Diario,Saldos,D,En millones de ARS,ML
1225,2008-08-14,21330.0,Adelantos transitorios del BCRA al Gobierno Nacional,Informe Monetario Diario,Saldos,D,En millones de ARS,ML
1225,2008-08-15,21330.0,Adelantos transitorios del BCRA al Gobierno Nacional,Informe Monetario Diario,Saldos,D,En millones de ARS,ML
1225,2008-08-19,21330.0,Adelantos transitorios del BCRA al Gobierno Nacional,Informe Monetario Diario,Saldos,D,En millones de ARS,ML
1225,2008-08-20,21330.0,Adelantos transitorios del BCRA al Gobierno Nacional,Informe Monetario Diario,Saldos,D,En millones de ARS,ML
1225,2008-08-21,21330.0,Adelantos transitorios del BCRA al Gobierno Nacional,Informe Monetario Diario,Saldos,D,En millones de ARS,ML
1225,2008-08-22,21330.0,Adelantos transitorios del BCRA al Gobierno Nacional,Informe Monetario Diario,Saldos,D,En millones de ARS,ML
1225,2008-08-25,21330.0,Adelantos transitorios del BCRA al Gobierno Nacional,Informe Monetario Diario,Saldos,D,En millones de ARS,ML
1225,2008-08-26,21330.0,Adelantos transitorios del BCRA al Gobierno Nacional,Informe Monetario Diario,Saldos,D,En millones de ARS,ML
1225,2008-08-27,21330.0,Adelantos transitorios del BCRA al Gobierno Nacional,Informe Monetario Diario,Saldos,D,En millones de ARS,ML
1225,2008-08-28,21330.0,Adelantos transitorios del BCRA al Gobierno Nacional,Informe Monetario Diario,Saldos,D,En millones de ARS,ML
1225,2008-08-29,21330.0,Adelantos transitorios del BCRA al Gobierno Nacional,Informe Monetario Diario,Saldos,D,En millones de ARS,ML
1225,2008-09-01,21330.0,Adelantos transitorios del BCRA al Gobierno Nacional,Informe Monetario Diario,Saldos,D,En millones de ARS,ML
1225,2008-09-02,21330.0,Adelantos transitorios del BCRA al Gobierno Nacional,Informe Monetario Diario,Saldos,D,En millones de ARS,ML
1225,2008-09-03,21330.0,Adelantos transitorios del BCRA al Gobierno Nacional,Informe Monetario Diario,Saldos,D,En millones de ARS,ML
1225,2008-09-04,21330.0,Adelantos transitorios del BCRA al Gobierno Nacional,Informe Monetario Diario,Saldos,D,En millones de ARS,ML
1225,2008-09-05,21330.0,Adelantos transitorios del BCRA al Gobierno Nacional,Informe Monetario Diario,Saldos,D,En millones de ARS,ML
1225,2008-09-08,21330.0,Adelantos transitorios del BCRA al Gobierno Nacional,Informe Monetario Diario,Saldos,D,En millones de ARS,ML
1225,2008-09-09,21330.0,Adelantos transitorios del BCRA al Gobierno Nacional,Informe Monetario Diario,Saldos,D,En millones de ARS,ML
1225,2008-09-10,21330.0,Adelantos transitorios del BCRA al Gobierno Nacional,Informe Monetario Diario,Saldos,D,En millones de ARS,ML
1225,2008-09-11,21330.0,Adelantos transitorios del BCRA al Gobierno Nacional,Informe Monetario Diario,Saldos,D,En millones de ARS,ML
1225,2008-09-12,21330.0,Adelantos transitorios del BCRA al Gobierno Nacional,Informe Monetario Diario,Saldos,D,En millones de ARS,ML
1225,2008-09-15,21330.0,Adelantos transitorios del BCRA al Gobierno Nacional,Informe Monetario Diario,Saldos,D,En millones de ARS,ML
1225,2008-09-16,21330.0,Adelantos transitorios del BCRA al Gobierno Nacional,Informe Monetario Diario,Saldos,D,En millones de ARS,ML
1225,2008-09-17,21330.0,Adelantos transitorios del BCRA al Gobierno Nacional,Informe Monetario Diario,Saldos,D,En millones de ARS,ML
1225,2008-09-18,21330.0,Adelantos transitorios del BCRA al Gobierno Nacional,Informe Monetario Diario,Saldos,D,En millones de ARS,ML
1225,2008-09-19,20800.0,Adelantos transitorios del BCRA al Gobierno Nacional,Informe Monetario Diario,Saldos,D,En millones de ARS,ML
1225,2008-09-22,20800.0,Adelantos transitorios del BCRA al Gobierno Nacional,Informe Monetario Diario,Saldos,D,En millones de ARS,ML
1225,2008-09-23,20800.0,Adelantos transitorios del BCRA al Gobierno Nacional,Informe Monetario Diario,Saldos,D,En millones de ARS,ML
1225,2008-09-24,20800.0,Adelantos transitorios del BCRA al Gobierno Nacional,Informe Monetario Diario,Saldos,D,En millones de ARS,ML
1225,2008-09-25,20800.0,Adelantos transitorios del BCRA al Gobierno Nacional,Informe Monetario Diario,Saldos,D,En millones de ARS,ML
1225,2008-09-26,20800.0,Adelantos transitorios del BCRA al Gobierno Nacional,Informe Monetario Diario,Saldos,D,En millones de ARS,ML
1225,2008-09-29,21330.0,Adelantos transitorios del BCRA al Gobierno Nacional,Informe Monetario Diario,Saldos,D,En millones de ARS,ML
1225,2008-09-30,21330.0,Adelantos transitorios del BCRA al Gobierno Nacional,Informe Monetario Diario,Saldos,D,En millones de ARS,ML
1225,2008-10-01,21330.0,Adelantos transitorios del BCRA al Gobierno Nacional,Informe Monetario Diario,Saldos,D,En millones de ARS,ML
1225,2008-10-02,21330.0,Adelantos transitorios del BCRA al Gobierno Nacional,Informe Monetario Diario,Saldos,D,En millones de ARS,ML
1225,2008-10-03,20330.0,Adelantos transitorios del BCRA al Gobierno Nacional,Informe Monetario Diario,Saldos,D,En millones de ARS,ML
1225,2008-10-06,20330.0,Adelantos transitorios del BCRA al Gobierno Nacional,Informe Monetario Diario,Saldos,D,En millones de ARS,ML
1225,2008-10-07,20330.0,Adelantos transitorios del BCRA al Gobierno Nacional,Informe Monetario Diario,Saldos,D,En millones de ARS,ML
1225,2008-10-08,20330.0,Adelantos transitorios del BCRA al Gobierno Nacional,Informe Monetario Diario,Saldos,D,En millones de ARS,ML
1225,2008-10-09,20330.0,Adelantos transitorios del BCRA al Gobierno Nacional,Informe Monetario Diario,Saldos,D,En millones de ARS,ML
1225,2008-10-10,21330.0,Adelantos transitorios del BCRA al Gobierno Nacional,Informe Monetario Diario,Saldos,D,En millones de ARS,ML
1225,2008-10-14,21330.0,Adelantos transitorios del BCRA al Gobierno Nacional,Informe Monetario Diario,Saldos,D,En millones de ARS,ML
1225,2008-10-15,21330.0,Adelantos transitorios del BCRA al Gobierno Nacional,Informe Monetario Diario,Saldos,D,En millones de ARS,ML
1225,2008-10-16,21330.0,Adelantos transitorios del BCRA al Gobierno Nacional,Informe Monetario Diario,Saldos,D,En millones de ARS,ML
1225,2008-10-17,21330.0,Adelantos transitorios del BCRA al Gobierno Nacional,Informe Monetario Diario,Saldos,D,En millones de ARS,ML
1225,2008-10-20,21330.0,Adelantos transitorios del BCRA al Gobierno Nacional,Informe Monetario Diario,Saldos,D,En millones de ARS,ML
1225,2008-10-21,20330.0,Adelantos transitorios del BCRA al Gobierno Nacional,Informe Monetario Diario,Saldos,D,En millones de ARS,ML
1225,2008-10-22,20330.0,Adelantos transitorios del BCRA al Gobierno Nacional,Informe Monetario Diario,Saldos,D,En millones de ARS,ML
1225,2008-10-23,21330.0,Adelantos transitorios del BCRA al Gobierno Nacional,Informe Monetario Diario,Saldos,D,En millones de ARS,ML
1225,2008-10-24,21330.0,Adelantos transitorios del BCRA al Gobierno Nacional,Informe Monetario Diario,Saldos,D,En millones de ARS,ML
1225,2008-10-27,21330.0,Adelantos transitorios del BCRA al Gobierno Nacional,Informe Monetario Diario,Saldos,D,En millones de ARS,ML
1225,2008-10-28,21330.0,Adelantos transitorios del BCRA al Gobierno Nacional,Informe Monetario Diario,Saldos,D,En millones de ARS,ML
1225,2008-10-29,21330.0,Adelantos transitorios del BCRA al Gobierno Nacional,Informe Monetario Diario,Saldos,D,En millones de ARS,ML
1225,2008-10-30,21330.0,Adelantos transitorios del BCRA al Gobierno Nacional,Informe Monetario Diario,Saldos,D,En millones de ARS,ML
1225,2008-10-31,21330.0,Adelantos transitorios del BCRA al Gobierno Nacional,Informe Monetario Diario,Saldos,D,En millones de ARS,ML
1225,2008-11-03,21330.0,Adelantos transitorios del BCRA al Gobierno Nacional,Informe Monetario Diario,Saldos,D,En millones de ARS,ML
1225,2008-11-04,21330.0,Adelantos transitorios del BCRA al Gobierno Nacional,Informe Monetario Diario,Saldos,D,En millones de ARS,ML
1225,2008-11-05,21330.0,Adelantos transitorios del BCRA al Gobierno Nacional,Informe Monetario Diario,Saldos,D,En millones de ARS,ML
1225,2008-11-07,21330.0,Adelantos transitorios del BCRA al Gobierno Nacional,Informe Monetario Diario,Saldos,D,En millones de ARS,ML
1225,2008-11-10,20730.0,Adelantos transitorios del BCRA al Gobierno Nacional,Informe Monetario Diario,Saldos,D,En millones de ARS,ML
1225,2008-11-11,20730.0,Adelantos transitorios del BCRA al Gobierno Nacional,Informe Monetario Diario,Saldos,D,En millones de ARS,ML
1225,2008-11-12,20730.0,Adelantos transitorios del BCRA al Gobierno Nacional,Informe Monetario Diario,Saldos,D,En millones de ARS,ML
1225,2008-11-13,20730.0,Adelantos transitorios del BCRA al Gobierno Nacional,Informe Monetario Diario,Saldos,D,En millones de ARS,ML
1225,2008-11-14,20730.0,Adelantos transitorios del BCRA al Gobierno Nacional,Informe Monetario Diario,Saldos,D,En millones de ARS,ML
1225,2008-11-17,20730.0,Adelantos transitorios del BCRA al Gobierno Nacional,Informe Monetario Diario,Saldos,D,En millones de ARS,ML
1225,2008-11-18,20730.0,Adelantos transitorios del BCRA al Gobierno Nacional,Informe Monetario Diario,Saldos,D,En millones de ARS,ML
1225,2008-11-19,20730.0,Adelantos transitorios del BCRA al Gobierno Nacional,Informe Monetario Diario,Saldos,D,En millones de ARS,ML
1225,2008-11-20,19030.0,Adelantos transitorios del BCRA al Gobierno Nacional,Informe Monetario Diario,Saldos,D,En millones de ARS,ML
1225,2008-11-21,20730.0,Adelantos transitorios del BCRA al Gobierno Nacional,Informe Monetario Diario,Saldos,D,En millones de ARS,ML
1225,2008-11-24,20730.0,Adelantos transitorios del BCRA al Gobierno Nacional,Informe Monetario Diario,Saldos,D,En millones de ARS,ML
1225,2008-11-25,20730.0,Adelantos transitorios del BCRA al Gobierno Nacional,Informe Monetario Diario,Saldos,D,En millones de ARS,ML
1225,2008-11-26,20730.0,Adelantos transitorios del BCRA al Gobierno Nacional,Informe Monetario Diario,Saldos,D,En millones de ARS,ML
1225,2008-11-27,20730.0,Adelantos transitorios del BCRA al Gobierno Nacional,Informe Monetario Diario,Saldos,D,En millones de ARS,ML
1225,2008-11-28,20730.0,Adelantos transitorios del BCRA al Gobierno Nacional,Informe Monetario Diario,Saldos,D,En millones de ARS,ML
1225,2008-12-01,19530.0,Adelantos transitorios del BCRA al Gobierno Nacional,Informe Monetario Diario,Saldos,D,En millones de ARS,ML
1225,2008-12-02,19530.0,Adelantos transitorios del BCRA al Gobierno Nacional,Informe Monetario Diario,Saldos,D,En millones de ARS,ML
1225,2008-12-03,19530.0,Adelantos transitorios del BCRA al Gobierno Nacional,Informe Monetario Diario,Saldos,D,En millones de ARS,ML
1225,2008-12-04,19530.0,Adelantos transitorios del BCRA al Gobierno Nacional,Informe Monetario Diario,Saldos,D,En millones de ARS,ML
1225,2008-12-05,20830.0,Adelantos transitorios del BCRA al Gobierno Nacional,Informe Monetario Diario,Saldos,D,En millones de ARS,ML
1225,2008-12-09,18280.0,Adelantos transitorios del BCRA al Gobierno Nacional,Informe Monetario Diario,Saldos,D,En millones de ARS,ML
1225,2008-12-10,18280.0,Adelantos transitorios del BCRA al Gobierno Nacional,Informe Monetario Diario,Saldos,D,En millones de ARS,ML
1225,2008-12-11,20930.0,Adelantos transitorios del BCRA al Gobierno Nacional,Informe Monetario Diario,Saldos,D,En millones de ARS,ML
1225,2008-12-12,20930.0,Adelantos transitorios del BCRA al Gobierno Nacional,Informe Monetario Diario,Saldos,D,En millones de ARS,ML
1225,2008-12-15,20930.0,Adelantos transitorios del BCRA al Gobierno Nacional,Informe Monetario Diario,Saldos,D,En millones de ARS,ML
1225,2008-12-16,20930.0,Adelantos transitorios del BCRA al Gobierno Nacional,Informe Monetario Diario,Saldos,D,En millones de ARS,ML
1225,2008-12-17,18430.0,Adelantos transitorios del BCRA al Gobierno Nacional,Informe Monetario Diario,Saldos,D,En millones de ARS,ML
1225,2008-12-18,21080.0,Adelantos transitorios del BCRA al Gobierno Nacional,Informe Monetario Diario,Saldos,D,En millones de ARS,ML
1225,2008-12-19,21280.0,Adelantos transitorios del BCRA al Gobierno Nacional,Informe Monetario Diario,Saldos,D,En millones de ARS,ML
1225,2008-12-22,21280.0,Adelantos transitorios del BCRA al Gobierno Nacional,Informe Monetario Diario,Saldos,D,En millones de ARS,ML
1225,2008-12-23,18780.0,Adelantos transitorios del BCRA al Gobierno Nacional,Informe Monetario Diario,Saldos,D,En millones de ARS,ML
1225,2008-12-24,21480.0,Adelantos transitorios del BCRA al Gobierno Nacional,Informe Monetario Diario,Saldos,D,En millones de ARS,ML
1225,2008-12-26,21480.0,Adelantos transitorios del BCRA al Gobierno Nacional,Informe Monetario Diario,Saldos,D,En millones de ARS,ML
1225,2008-12-29,23980.0,Adelantos transitorios del BCRA al Gobierno Nacional,Informe Monetario Diario,Saldos,D,En millones de ARS,ML
1225,2008-12-30,26580.0,Adelantos transitorios del BCRA al Gobierno Nacional,Informe Monetario Diario,Saldos,D,En millones de ARS,ML
1225,2008-12-31,26580.0,Adelantos transitorios del BCRA al Gobierno Nacional,Informe Monetario Diario,Saldos,D,En millones de ARS,ML
1225,2009-01-02,26580.0,Adelantos transitorios del BCRA al Gobierno Nacional,Informe Monetario Diario,Saldos,D,En millones de ARS,ML
1225,2009-01-05,24080.0,Adelantos transitorios del BCRA al Gobierno Nacional,Informe Monetario Diario,Saldos,D,En millones de ARS,ML
1225,2009-01-06,21480.0,Adelantos transitorios del BCRA al Gobierno Nacional,Informe Monetario Diario,Saldos,D,En millones de ARS,ML
1225,2009-01-07,21480.0,Adelantos transitorios del BCRA al Gobierno Nacional,Informe Monetario Diario,Saldos,D,En millones de ARS,ML
1225,2009-01-08,21480.0,Adelantos transitorios del BCRA al Gobierno Nacional,Informe Monetario Diario,Saldos,D,En millones de ARS,ML
1225,2009-01-09,21480.0,Adelantos transitorios del BCRA al Gobierno Nacional,Informe Monetario Diario,Saldos,D,En millones de ARS,ML
1225,2009-01-12,21480.0,Adelantos transitorios del BCRA al Gobierno Nacional,Informe Monetario Diario,Saldos,D,En millones de ARS,ML
1225,2009-01-13,21480.0,Adelantos transitorios del BCRA al Gobierno Nacional,Informe Monetario Diario,Saldos,D,En millones de ARS,ML
1225,2009-01-14,21480.0,Adelantos transitorios del BCRA al Gobierno Nacional,Informe Monetario Diario,Saldos,D,En millones de ARS,ML
1225,2009-01-15,21480.0,Adelantos transitorios del BCRA al Gobierno Nacional,Informe Monetario Diario,Saldos,D,En millones de ARS,ML
1225,2009-01-16,21480.0,Adelantos transitorios del BCRA al Gobierno Nacional,Informe Monetario Diario,Saldos,D,En millones de ARS,ML
1225,2009-01-19,21480.0,Adelantos transitorios del BCRA al Gobierno Nacional,Informe Monetario Diario,Saldos,D,En millones de ARS,ML
1225,2009-01-20,21480.0,Adelantos transitorios del BCRA al Gobierno Nacional,Informe Monetario Diario,Saldos,D,En millones de ARS,ML
1225,2009-01-21,21480.0,Adelantos transitorios del BCRA al Gobierno Nacional,Informe Monetario Diario,Saldos,D,En millones de ARS,ML
1225,2009-01-22,21480.0,Adelantos transitorios del BCRA al Gobierno Nacional,Informe Monetario Diario,Saldos,D,En millones de ARS,ML
1225,2009-01-23,21480.0,Adelantos transitorios del BCRA al Gobierno Nacional,Informe Monetario Diario,Saldos,D,En millones de ARS,ML
1225,2009-01-26,21480.0,Adelantos transitorios del BCRA al Gobierno Nacional,Informe Monetario Diario,Saldos,D,En millones de ARS,ML
1225,2009-01-27,21480.0,Adelantos transitorios del BCRA al Gobierno Nacional,Informe Monetario Diario,Saldos,D,En millones de ARS,ML
1225,2009-01-28,19780.0,Adelantos transitorios del BCRA al Gobierno Nacional,Informe Monetario Diario,Saldos,D,En millones de ARS,ML
1225,2009-01-29,19780.0,Adelantos transitorios del BCRA al Gobierno Nacional,Informe Monetario Diario,Saldos,D,En millones de ARS,ML
1225,2009-01-30,21580.0,Adelantos transitorios del BCRA al Gobierno Nacional,Informe Monetario Diario,Saldos,D,En millones de ARS,ML
1225,2009-02-02,21580.0,Adelantos transitorios del BCRA al Gobierno Nacional,Informe Monetario Diario,Saldos,D,En millones de ARS,ML
1225,2009-02-03,21580.0,Adelantos transitorios del BCRA al Gobierno Nacional,Informe Monetario Diario,Saldos,D,En millones de ARS,ML
1225,2009-02-04,21580.0,Adelantos transitorios del BCRA al Gobierno Nacional,Informe Monetario Diario,Saldos,D,En millones de ARS,ML
1225,2009-02-05,21580.0,Adelantos transitorios del BCRA al Gobierno Nacional,Informe Monetario Diario,Saldos,D,En millones de ARS,ML
1225,2009-02-06,21580.0,Adelantos transitorios del BCRA al Gobierno Nacional,Informe Monetario Diario,Saldos,D,En millones de ARS,ML
1225,2009-02-09,21580.0,Adelantos transitorios del BCRA al Gobierno Nacional,Informe Monetario Diario,Saldos,D,En millones de ARS,ML
1225,2009-02-10,21580.0,Adelantos transitorios del BCRA al Gobierno Nacional,Informe Monetario Diario,Saldos,D,En millones de ARS,ML
1225,2009-02-11,21580.0,Adelantos transitorios del BCRA al Gobierno Nacional,Informe Monetario Diario,Saldos,D,En millones de ARS,ML
1225,2009-02-12,21580.0,Adelantos transitorios del BCRA al Gobierno Nacional,Informe Monetario Diario,Saldos,D,En millones de ARS,ML
1225,2009-02-13,21580.0,Adelantos transitorios del BCRA al Gobierno Nacional,Informe Monetario Diario,Saldos,D,En millones de ARS,ML
1225,2009-02-16,21580.0,Adelantos transitorios del BCRA al Gobierno Nacional,Informe Monetario Diario,Saldos,D,En millones de ARS,ML
1225,2009-02-17,19880.0,Adelantos transitorios del BCRA al Gobierno Nacional,Informe Monetario Diario,Saldos,D,En millones de ARS,ML
1225,2009-02-18,19880.0,Adelantos transitorios del BCRA al Gobierno Nacional,Informe Monetario Diario,Saldos,D,En millones de ARS,ML
1225,2009-02-19,21480.0,Adelantos transitorios del BCRA al Gobierno Nacional,Informe Monetario Diario,Saldos,D,En millones de ARS,ML
1225,2009-02-20,21480.0,Adelantos transitorios del BCRA al Gobierno Nacional,Informe Monetario Diario,Saldos,D,En millones de ARS,ML
1225,2009-02-23,21480.0,Adelantos transitorios del BCRA al Gobierno Nacional,Informe Monetario Diario,Saldos,D,En millones de ARS,ML
1225,2009-02-24,21480.0,Adelantos transitorios del BCRA al Gobierno Nacional,Informe Monetario Diario,Saldos,D,En millones de ARS,ML
1225,2009-02-25,21480.0,Adelantos transitorios del BCRA al Gobierno Nacional,Informe Monetario Diario,Saldos,D,En millones de ARS,ML
1225,2009-02-26,21480.0,Adelantos transitorios del BCRA al Gobierno Nacional,Informe Monetario Diario,Saldos,D,En millones de ARS,ML
1225,2009-02-27,21480.0,Adelantos transitorios del BCRA al Gobierno Nacional,Informe Monetario Diario,Saldos,D,En millones de ARS,ML
1225,2009-03-02,21480.0,Adelantos transitorios del BCRA al Gobierno Nacional,Informe Monetario Diario,Saldos,D,En millones de ARS,ML
1225,2009-03-03,21480.0,Adelantos transitorios del BCRA al Gobierno Nacional,Informe Monetario Diario,Saldos,D,En millones de ARS,ML
1225,2009-03-04,21480.0,Adelantos transitorios del BCRA al Gobierno Nacional,Informe Monetario Diario,Saldos,D,En millones de ARS,ML
1225,2009-03-05,21480.0,Adelantos transitorios del BCRA al Gobierno Nacional,Informe Monetario Diario,Saldos,D,En millones de ARS,ML
1225,2009-03-06,22980.0,Adelantos transitorios del BCRA al Gobierno Nacional,Informe Monetario Diario,Saldos,D,En millones de ARS,ML
1225,2009-03-09,22980.0,Adelantos transitorios del BCRA al Gobierno Nacional,Informe Monetario Diario,Saldos,D,En millones de ARS,ML
1225,2009-03-10,21280.0,Adelantos transitorios del BCRA al Gobierno Nacional,Informe Monetario Diario,Saldos,D,En millones de ARS,ML
1225,2009-03-11,21280.0,Adelantos transitorios del BCRA al Gobierno Nacional,Informe Monetario Diario,Saldos,D,En millones de ARS,ML
1225,2009-03-12,21280.0,Adelantos transitorios del BCRA al Gobierno Nacional,Informe Monetario Diario,Saldos,D,En millones de ARS,ML
1225,2009-03-13,22880.0,Adelantos transitorios del BCRA al Gobierno Nacional,Informe Monetario Diario,Saldos,D,En millones de ARS,ML
1225,2009-03-16,22880.0,Adelantos transitorios del BCRA al Gobierno Nacional,Informe Monetario Diario,Saldos,D,En millones de ARS,ML
1225,2009-03-17,22880.0,Adelantos transitorios del BCRA al Gobierno Nacional,Informe Monetario Diario,Saldos,D,En millones de ARS,ML
1225,2009-03-18,22880.0,Adelantos transitorios del BCRA al Gobierno Nacional,Informe Monetario Diario,Saldos,D,En millones de ARS,ML
1225,2009-03-19,22880.0,Adelantos transitorios del BCRA al Gobierno Nacional,Informe Monetario Diario,Saldos,D,En millones de ARS,ML
1225,2009-03-20,24380.0,Adelantos transitorios del BCRA al Gobierno Nacional,Informe Monetario Diario,Saldos,D,En millones de ARS,ML
1225,2009-03-23,24380.0,Adelantos transitorios del BCRA al Gobierno Nacional,Informe Monetario Diario,Saldos,D,En millones de ARS,ML
1225,2009-03-25,24380.0,Adelantos transitorios del BCRA al Gobierno Nacional,Informe Monetario Diario,Saldos,D,En millones de ARS,ML
1225,2009-03-26,24380.0,Adelantos transitorios del BCRA al Gobierno Nacional,Informe Monetario Diario,Saldos,D,En millones de ARS,ML
1225,2009-03-27,24380.0,Adelantos transitorios del BCRA al Gobierno Nacional,Informe Monetario Diario,Saldos,D,En millones de ARS,ML
1225,2009-03-30,24380.0,Adelantos transitorios del BCRA al Gobierno Nacional,Informe Monetario Diario,Saldos,D,En millones de ARS,ML
1225,2009-03-31,23680.0,Adelantos transitorios del BCRA al Gobierno Nacional,Informe Monetario Diario,Saldos,D,En millones de ARS,ML
1225,2009-04-01,23680.0,Adelantos transitorios del BCRA al Gobierno Nacional,Informe Monetario Diario,Saldos,D,En millones de ARS,ML
1225,2009-04-03,24480.0,Adelantos transitorios del BCRA al Gobierno Nacional,Informe Monetario Diario,Saldos,D,En millones de ARS,ML
1225,2009-04-06,24480.0,Adelantos transitorios del BCRA al Gobierno Nacional,Informe Monetario Diario,Saldos,D,En millones de ARS,ML
1225,2009-04-07,24480.0,Adelantos transitorios del BCRA al Gobierno Nacional,Informe Monetario Diario,Saldos,D,En millones de ARS,ML
1225,2009-04-08,24480.0,Adelantos transitorios del BCRA al Gobierno Nacional,Informe Monetario Diario,Saldos,D,En millones de ARS,ML
1225,2009-04-13,24480.0,Adelantos transitorios del BCRA al Gobierno Nacional,Informe Monetario Diario,Saldos,D,En millones de ARS,ML
1225,2009-04-14,24480.0,Adelantos transitorios del BCRA al Gobierno Nacional,Informe Monetario Diario,Saldos,D,En millones de ARS,ML
1225,2009-04-15,24480.0,Adelantos transitorios del BCRA al Gobierno Nacional,Informe Monetario Diario,Saldos,D,En millones de ARS,ML
1225,2009-04-16,24480.0,Adelantos transitorios del BCRA al Gobierno Nacional,Informe Monetario Diario,Saldos,D,En millones de ARS,ML
1225,2009-04-17,24480.0,Adelantos transitorios del BCRA al Gobierno Nacional,Informe Monetario Diario,Saldos,D,En millones de ARS,ML
1225,2009-04-20,24480.0,Adelantos transitorios del BCRA al Gobierno Nacional,Informe Monetario Diario,Saldos,D,En millones de ARS,ML
1225,2009-04-21,24480.0,Adelantos transitorios del BCRA al Gobierno Nacional,Informe Monetario Diario,Saldos,D,En millones de ARS,ML
1225,2009-04-22,24480.0,Adelantos transitorios del BCRA al Gobierno Nacional,Informe Monetario Diario,Saldos,D,En millones de ARS,ML
1225,2009-04-23,24480.0,Adelantos transitorios del BCRA al Gobierno Nacional,Informe Monetario Diario,Saldos,D,En millones de ARS,ML
1225,2009-04-24,26980.0,Adelantos transitorios del BCRA al Gobierno Nacional,Informe Monetario Diario,Saldos,D,En millones de ARS,ML
1225,2009-04-27,26980.0,Adelantos transitorios del BCRA al Gobierno Nacional,Informe Monetario Diario,Saldos,D,En millones de ARS,ML
1225,2009-04-28,26980.0,Adelantos transitorios del BCRA al Gobierno Nacional,Informe Monetario Diario,Saldos,D,En millones de ARS,ML
1225,2009-04-29,26980.0,Adelantos transitorios del BCRA al Gobierno Nacional,Informe Monetario Diario,Saldos,D,En millones de ARS,ML
1225,2009-04-30,26980.0,Adelantos transitorios del BCRA al Gobierno Nacional,Informe Monetario Diario,Saldos,D,En millones de ARS,ML
1225,2009-05-04,26980.0,Adelantos transitorios del BCRA al Gobierno Nacional,Informe Monetario Diario,Saldos,D,En millones de ARS,ML
1225,2009-05-05,26980.0,Adelantos transitorios del BCRA al Gobierno Nacional,Informe Monetario Diario,Saldos,D,En millones de ARS,ML
1225,2009-05-06,26980.0,Adelantos transitorios del BCRA al Gobierno Nacional,Informe Monetario Diario,Saldos,D,En millones de ARS,ML
1225,2009-05-07,26980.0,Adelantos transitorios del BCRA al Gobierno Nacional,Informe Monetario Diario,Saldos,D,En millones de ARS,ML
1225,2009-05-08,29480.0,Adelantos transitorios del BCRA al Gobierno Nacional,Informe Monetario Diario,Saldos,D,En millones de ARS,ML
1225,2009-05-11,29480.0,Adelantos transitorios del BCRA al Gobierno Nacional,Informe Monetario Diario,Saldos,D,En millones de ARS,ML
1225,2009-05-12,29480.0,Adelantos transitorios del BCRA al Gobierno Nacional,Informe Monetario Diario,Saldos,D,En millones de ARS,ML
1225,2009-05-13,29480.0,Adelantos transitorios del BCRA al Gobierno Nacional,Informe Monetario Diario,Saldos,D,En millones de ARS,ML
1225,2009-05-14,29480.0,Adelantos transitorios del BCRA al Gobierno Nacional,Informe Monetario Diario,Saldos,D,En millones de ARS,ML
1225,2009-05-15,29480.0,Adelantos transitorios del BCRA al Gobierno Nacional,Informe Monetario Diario,Saldos,D,En millones de ARS,ML
1225,2009-05-18,29480.0,Adelantos transitorios del BCRA al Gobierno Nacional,Informe Monetario Diario,Saldos,D,En millones de ARS,ML
1225,2009-05-19,29480.0,Adelantos transitorios del BCRA al Gobierno Nacional,Informe Monetario Diario,Saldos,D,En millones de ARS,ML
1225,2009-05-20,29480.0,Adelantos transitorios del BCRA al Gobierno Nacional,Informe Monetario Diario,Saldos,D,En millones de ARS,ML
1225,2009-05-21,29480.0,Adelantos transitorios del BCRA al Gobierno Nacional,Informe Monetario Diario,Saldos,D,En millones de ARS,ML
1225,2009-05-22,29480.0,Adelantos transitorios del BCRA al Gobierno Nacional,Informe Monetario Diario,Saldos,D,En millones de ARS,ML
1225,2009-05-26,29480.0,Adelantos transitorios del BCRA al Gobierno Nacional,Informe Monetario Diario,Saldos,D,En millones de ARS,ML
1225,2009-05-27,29480.0,Adelantos transitorios del BCRA al Gobierno Nacional,Informe Monetario Diario,Saldos,D,En millones de ARS,ML
1225,2009-05-28,29480.0,Adelantos transitorios del BCRA al Gobierno Nacional,Informe Monetario Diario,Saldos,D,En millones de ARS,ML
1225,2009-05-29,29480.0,Adelantos transitorios del BCRA al Gobierno Nacional,Informe Monetario Diario,Saldos,D,En millones de ARS,ML
1225,2009-06-01,29480.0,Adelantos transitorios del BCRA al Gobierno Nacional,Informe Monetario Diario,Saldos,D,En millones de ARS,ML
1225,2009-06-02,29480.0,Adelantos transitorios del BCRA al Gobierno Nacional,Informe Monetario Diario,Saldos,D,En millones de ARS,ML
1225,2009-06-03,29480.0,Adelantos transitorios del BCRA al Gobierno Nacional,Informe Monetario Diario,Saldos,D,En millones de ARS,ML
1225,2009-06-04,31880.0,Adelantos transitorios del BCRA al Gobierno Nacional,Informe Monetario Diario,Saldos,D,En millones de ARS,ML
1225,2009-06-05,31880.0,Adelantos transitorios del BCRA al Gobierno Nacional,Informe Monetario Diario,Saldos,D,En millones de ARS,ML
1225,2009-06-08,31880.0,Adelantos transitorios del BCRA al Gobierno Nacional,Informe Monetario Diario,Saldos,D,En millones de ARS,ML
1225,2009-06-09,31880.0,Adelantos transitorios del BCRA al Gobierno Nacional,Informe Monetario Diario,Saldos,D,En millones de ARS,ML
1225,2009-06-10,31880.0,Adelantos transitorios del BCRA al Gobierno Nacional,Informe Monetario Diario,Saldos,D,En millones de ARS,ML
1225,2009-06-11,31880.0,Adelantos transitorios del BCRA al Gobierno Nacional,Informe Monetario Diario,Saldos,D,En millones de ARS,ML
1225,2009-06-12,31880.0,Adelantos transitorios del BCRA al Gobierno Nacional,Informe Monetario Diario,Saldos,D,En millones de ARS,ML
1225,2009-06-16,31880.0,Adelantos transitorios del BCRA al Gobierno Nacional,Informe Monetario Diario,Saldos,D,En millones de ARS,ML
1225,2009-06-17,31880.0,Adelantos transitorios del BCRA al Gobierno Nacional,Informe Monetario Diario,Saldos,D,En millones de ARS,ML
1225,2009-06-18,31880.0,Adelantos transitorios del BCRA al Gobierno Nacional,Informe Monetario Diario,Saldos,D,En millones de ARS,ML
1225,2009-06-19,31880.0,Adelantos transitorios del BCRA al Gobierno Nacional,Informe Monetario Diario,Saldos,D,En millones de ARS,ML
1225,2009-06-22,31880.0,Adelantos transitorios del BCRA al Gobierno Nacional,Informe Monetario Diario,Saldos,D,En millones de ARS,ML
1225,2009-06-23,31880.0,Adelantos transitorios del BCRA al Gobierno Nacional,Informe Monetario Diario,Saldos,D,En millones de ARS,ML
1225,2009-06-24,31880.0,Adelantos transitorios del BCRA al Gobierno Nacional,Informe Monetario Diario,Saldos,D,En millones de ARS,ML
1225,2009-06-25,31880.0,Adelantos transitorios del BCRA al Gobierno Nacional,Informe Monetario Diario,Saldos,D,En millones de ARS,ML
1225,2009-06-26,31880.0,Adelantos transitorios del BCRA al Gobierno Nacional,Informe Monetario Diario,Saldos,D,En millones de ARS,ML
1225,2009-06-29,31880.0,Adelantos transitorios del BCRA al Gobierno Nacional,Informe Monetario Diario,Saldos,D,En millones de ARS,ML
1225,2009-06-30,31880.0,Adelantos transitorios del BCRA al Gobierno Nacional,Informe Monetario Diario,Saldos,D,En millones de ARS,ML
1225,2009-07-01,31880.0,Adelantos transitorios del BCRA al Gobierno Nacional,Informe Monetario Diario,Saldos,D,En millones de ARS,ML
1225,2009-07-02,31880.0,Adelantos transitorios del BCRA al Gobierno Nacional,Informe Monetario Diario,Saldos,D,En millones de ARS,ML
1225,2009-07-03,31880.0,Adelantos transitorios del BCRA al Gobierno Nacional,Informe Monetario Diario,Saldos,D,En millones de ARS,ML
1225,2009-07-06,31880.0,Adelantos transitorios del BCRA al Gobierno Nacional,Informe Monetario Diario,Saldos,D,En millones de ARS,ML
1225,2009-07-07,31880.0,Adelantos transitorios del BCRA al Gobierno Nacional,Informe Monetario Diario,Saldos,D,En millones de ARS,ML
1225,2009-07-08,31880.0,Adelantos transitorios del BCRA al Gobierno Nacional,Informe Monetario Diario,Saldos,D,En millones de ARS,ML
1225,2009-07-13,31880.0,Adelantos transitorios del BCRA al Gobierno Nacional,Informe Monetario Diario,Saldos,D,En millones de ARS,ML
1225,2009-07-14,31880.0,Adelantos transitorios del BCRA al Gobierno Nacional,Informe Monetario Diario,Saldos,D,En millones de ARS,ML
1225,2009-07-15,31880.0,Adelantos transitorios del BCRA al Gobierno Nacional,Informe Monetario Diario,Saldos,D,En millones de ARS,ML
1225,2009-07-16,31880.0,Adelantos transitorios del BCRA al Gobierno Nacional,Informe Monetario Diario,Saldos,D,En millones de ARS,ML
1225,2009-07-17,29930.0,Adelantos transitorios del BCRA al Gobierno Nacional,Informe Monetario Diario,Saldos,D,En millones de ARS,ML
1225,2009-07-20,29930.0,Adelantos transitorios del BCRA al Gobierno Nacional,Informe Monetario Diario,Saldos,D,En millones de ARS,ML
1225,2009-07-21,29930.0,Adelantos transitorios del BCRA al Gobierno Nacional,Informe Monetario Diario,Saldos,D,En millones de ARS,ML
1225,2009-07-22,29930.0,Adelantos transitorios del BCRA al Gobierno Nacional,Informe Monetario Diario,Saldos,D,En millones de ARS,ML
1225,2009-07-23,29930.0,Adelantos transitorios del BCRA al Gobierno Nacional,Informe Monetario Diario,Saldos,D,En millones de ARS,ML
1225,2009-07-24,31930.0,Adelantos transitorios del BCRA al Gobierno Nacional,Informe Monetario Diario,Saldos,D,En millones de ARS,ML
1225,2009-07-27,31930.0,Adelantos transitorios del BCRA al Gobierno Nacional,Informe Monetario Diario,Saldos,D,En millones de ARS,ML
1225,2009-07-28,31930.0,Adelantos transitorios del BCRA al Gobierno Nacional,Informe Monetario Diario,Saldos,D,En millones de ARS,ML
1225,2009-07-29,31930.0,Adelantos transitorios del BCRA al Gobierno Nacional,Informe Monetario Diario,Saldos,D,En millones de ARS,ML
1225,2009-07-30,31930.0,Adelantos transitorios del BCRA al Gobierno Nacional,Informe Monetario Diario,Saldos,D,En millones de ARS,ML
1225,2009-07-31,31930.0,Adelantos transitorios del BCRA al Gobierno Nacional,Informe Monetario Diario,Saldos,D,En millones de ARS,ML
1225,2009-08-03,31930.0,Adelantos transitorios del BCRA al Gobierno Nacional,Informe Monetario Diario,Saldos,D,En millones de ARS,ML
1225,2009-08-04,31930.0,Adelantos transitorios del BCRA al Gobierno Nacional,Informe Monetario Diario,Saldos,D,En millones de ARS,ML
1225,2009-08-05,31930.0,Adelantos transitorios del BCRA al Gobierno Nacional,Informe Monetario Diario,Saldos,D,En millones de ARS,ML
1225,2009-08-06,31930.0,Adelantos transitorios del BCRA al Gobierno Nacional,Informe Monetario Diario,Saldos,D,En millones de ARS,ML
1225,2009-08-07,31930.0,Adelantos transitorios del BCRA al Gobierno Nacional,Informe Monetario Diario,Saldos,D,En millones de ARS,ML
1225,2009-08-10,31930.0,Adelantos transitorios del BCRA al Gobierno Nacional,Informe Monetario Diario,Saldos,D,En millones de ARS,ML
1225,2009-08-11,31930.0,Adelantos transitorios del BCRA al Gobierno Nacional,Informe Monetario Diario,Saldos,D,En millones de ARS,ML
1225,2009-08-12,31930.0,Adelantos transitorios del BCRA al Gobierno Nacional,Informe Monetario Diario,Saldos,D,En millones de ARS,ML
1225,2009-08-13,31930.0,Adelantos transitorios del BCRA al Gobierno Nacional,Informe Monetario Diario,Saldos,D,En millones de ARS,ML
1225,2009-08-14,31930.0,Adelantos transitorios del BCRA al Gobierno Nacional,Informe Monetario Diario,Saldos,D,En millones de ARS,ML
1225,2009-08-18,31930.0,Adelantos transitorios del BCRA al Gobierno Nacional,Informe Monetario Diario,Saldos,D,En millones de ARS,ML
1225,2009-08-19,31930.0,Adelantos transitorios del BCRA al Gobierno Nacional,Informe Monetario Diario,Saldos,D,En millones de ARS,ML
1225,2009-08-20,31930.0,Adelantos transitorios del BCRA al Gobierno Nacional,Informe Monetario Diario,Saldos,D,En millones de ARS,ML
1225,2009-08-21,31930.0,Adelantos transitorios del BCRA al Gobierno Nacional,Informe Monetario Diario,Saldos,D,En millones de ARS,ML
1225,2009-08-24,31930.0,Adelantos transitorios del BCRA al Gobierno Nacional,Informe Monetario Diario,Saldos,D,En millones de ARS,ML
1225,2009-08-25,31930.0,Adelantos transitorios del BCRA al Gobierno Nacional,Informe Monetario Diario,Saldos,D,En millones de ARS,ML
1225,2009-08-26,31930.0,Adelantos transitorios del BCRA al Gobierno Nacional,Informe Monetario Diario,Saldos,D,En millones de ARS,ML
1225,2009-08-27,31930.0,Adelantos transitorios del BCRA al Gobierno Nacional,Informe Monetario Diario,Saldos,D,En millones de ARS,ML
1225,2009-08-28,31930.0,Adelantos transitorios del BCRA al Gobierno Nacional,Informe Monetario Diario,Saldos,D,En millones de ARS,ML
1225,2009-08-31,31930.0,Adelantos transitorios del BCRA al Gobierno Nacional,Informe Monetario Diario,Saldos,D,En millones de ARS,ML
1225,2009-09-01,31930.0,Adelantos transitorios del BCRA al Gobierno Nacional,Informe Monetario Diario,Saldos,D,En millones de ARS,ML
1225,2009-09-02,31930.0,Adelantos transitorios del BCRA al Gobierno Nacional,Informe Monetario Diario,Saldos,D,En millones de ARS,ML
1225,2009-09-03,31930.0,Adelantos transitorios del BCRA al Gobierno Nacional,Informe Monetario Diario,Saldos,D,En millones de ARS,ML
1225,2009-09-04,31930.0,Adelantos transitorios del BCRA al Gobierno Nacional,Informe Monetario Diario,Saldos,D,En millones de ARS,ML
1225,2009-09-07,31930.0,Adelantos transitorios del BCRA al Gobierno Nacional,Informe Monetario Diario,Saldos,D,En millones de ARS,ML
1225,2009-09-08,31930.0,Adelantos transitorios del BCRA al Gobierno Nacional,Informe Monetario Diario,Saldos,D,En millones de ARS,ML
1225,2009-09-09,31930.0,Adelantos transitorios del BCRA al Gobierno Nacional,Informe Monetario Diario,Saldos,D,En millones de ARS,ML
1225,2009-09-10,31930.0,Adelantos transitorios del BCRA al Gobierno Nacional,Informe Monetario Diario,Saldos,D,En millones de ARS,ML
1225,2009-09-11,31930.0,Adelantos transitorios del BCRA al Gobierno Nacional,Informe Monetario Diario,Saldos,D,En millones de ARS,ML
1225,2009-09-14,31930.0,Adelantos transitorios del BCRA al Gobierno Nacional,Informe Monetario Diario,Saldos,D,En millones de ARS,ML
1225,2009-09-15,31930.0,Adelantos transitorios del BCRA al Gobierno Nacional,Informe Monetario Diario,Saldos,D,En millones de ARS,ML
1225,2009-09-16,31930.0,Adelantos transitorios del BCRA al Gobierno Nacional,Informe Monetario Diario,Saldos,D,En millones de ARS,ML
1225,2009-09-17,31930.0,Adelantos transitorios del BCRA al Gobierno Nacional,Informe Monetario Diario,Saldos,D,En millones de ARS,ML
1225,2009-09-18,31930.0,Adelantos transitorios del BCRA al Gobierno Nacional,Informe Monetario Diario,Saldos,D,En millones de ARS,ML
1225,2009-09-21,31930.0,Adelantos transitorios del BCRA al Gobierno Nacional,Informe Monetario Diario,Saldos,D,En millones de ARS,ML
1225,2009-09-22,31930.0,Adelantos transitorios del BCRA al Gobierno Nacional,Informe Monetario Diario,Saldos,D,En millones de ARS,ML
1225,2009-09-23,31930.0,Adelantos transitorios del BCRA al Gobierno Nacional,Informe Monetario Diario,Saldos,D,En millones de ARS,ML
1225,2009-09-24,31400.0,Adelantos transitorios del BCRA al Gobierno Nacional,Informe Monetario Diario,Saldos,D,En millones de ARS,ML
1225,2009-09-25,31400.0,Adelantos transitorios del BCRA al Gobierno Nacional,Informe Monetario Diario,Saldos,D,En millones de ARS,ML
1225,2009-09-28,31400.0,Adelantos transitorios del BCRA al Gobierno Nacional,Informe Monetario Diario,Saldos,D,En millones de ARS,ML
1225,2009-09-29,31400.0,Adelantos transitorios del BCRA al Gobierno Nacional,Informe Monetario Diario,Saldos,D,En millones de ARS,ML
1225,2009-09-30,31400.0,Adelantos transitorios del BCRA al Gobierno Nacional,Informe Monetario Diario,Saldos,D,En millones de ARS,ML
1225,2009-10-01,32000.0,Adelantos transitorios del BCRA al Gobierno Nacional,Informe Monetario Diario,Saldos,D,En millones de ARS,ML
1225,2009-10-02,32000.0,Adelantos transitorios del BCRA al Gobierno Nacional,Informe Monetario Diario,Saldos,D,En millones de ARS,ML
1225,2009-10-05,32000.0,Adelantos transitorios del BCRA al Gobierno Nacional,Informe Monetario Diario,Saldos,D,En millones de ARS,ML
1225,2009-10-06,32000.0,Adelantos transitorios del BCRA al Gobierno Nacional,Informe Monetario Diario,Saldos,D,En millones de ARS,ML
1225,2009-10-07,32000.0,Adelantos transitorios del BCRA al Gobierno Nacional,Informe Monetario Diario,Saldos,D,En millones de ARS,ML
1225,2009-10-08,32000.0,Adelantos transitorios del BCRA al Gobierno Nacional,Informe Monetario Diario,Saldos,D,En millones de ARS,ML
1225,2009-10-09,31000.0,Adelantos transitorios del BCRA al Gobierno Nacional,Informe Monetario Diario,Saldos,D,En millones de ARS,ML
1225,2009-10-13,31000.0,Adelantos transitorios del BCRA al Gobierno Nacional,Informe Monetario Diario,Saldos,D,En millones de ARS,ML
1225,2009-10-14,31000.0,Adelantos transitorios del BCRA al Gobierno Nacional,Informe Monetario Diario,Saldos,D,En millones de ARS,ML
1225,2009-10-15,31000.0,Adelantos transitorios del BCRA al Gobierno Nacional,Informe Monetario Diario,Saldos,D,En millones de ARS,ML
1225,2009-10-16,31930.0,Adelantos transitorios del BCRA al Gobierno Nacional,Informe Monetario Diario,Saldos,D,En millones de ARS,ML
1225,2009-10-19,31930.0,Adelantos transitorios del BCRA al Gobierno Nacional,Informe Monetario Diario,Saldos,D,En millones de ARS,ML
1225,2009-10-20,31930.0,Adelantos transitorios del BCRA al Gobierno Nacional,Informe Monetario Diario,Saldos,D,En millones de ARS,ML
1225,2009-10-21,31930.0,Adelantos transitorios del BCRA al Gobierno Nacional,Informe Monetario Diario,Saldos,D,En millones de ARS,ML
1225,2009-10-22,31930.0,Adelantos transitorios del BCRA al Gobierno Nacional,Informe Monetario Diario,Saldos,D,En millones de ARS,ML
1225,2009-10-23,30930.0,Adelantos transitorios del BCRA al Gobierno Nacional,Informe Monetario Diario,Saldos,D,En millones de ARS,ML
1225,2009-10-26,30930.0,Adelantos transitorios del BCRA al Gobierno Nacional,Informe Monetario Diario,Saldos,D,En millones de ARS,ML
1225,2009-10-27,30930.0,Adelantos transitorios del BCRA al Gobierno Nacional,Informe Monetario Diario,Saldos,D,En millones de ARS,ML
1225,2009-10-28,30930.0,Adelantos transitorios del BCRA al Gobierno Nacional,Informe Monetario Diario,Saldos,D,En millones de ARS,ML
1225,2009-10-29,31980.0,Adelantos transitorios del BCRA al Gobierno Nacional,Informe Monetario Diario,Saldos,D,En millones de ARS,ML
1225,2009-10-30,31980.0,Adelantos transitorios del BCRA al Gobierno Nacional,Informe Monetario Diario,Saldos,D,En millones de ARS,ML
1225,2009-11-02,31980.0,Adelantos transitorios del BCRA al Gobierno Nacional,Informe Monetario Diario,Saldos,D,En millones de ARS,ML
1225,2009-11-03,31980.0,Adelantos transitorios del BCRA al Gobierno Nacional,Informe Monetario Diario,Saldos,D,En millones de ARS,ML
1225,2009-11-04,31980.0,Adelantos transitorios del BCRA al Gobierno Nacional,Informe Monetario Diario,Saldos,D,En millones de ARS,ML
1225,2009-11-05,31980.0,Adelantos transitorios del BCRA al Gobierno Nacional,Informe Monetario Diario,Saldos,D,En millones de ARS,ML
1225,2009-11-09,31980.0,Adelantos transitorios del BCRA al Gobierno Nacional,Informe Monetario Diario,Saldos,D,En millones de ARS,ML
1225,2009-11-10,31980.0,Adelantos transitorios del BCRA al Gobierno Nacional,Informe Monetario Diario,Saldos,D,En millones de ARS,ML
1225,2009-11-11,31980.0,Adelantos transitorios del BCRA al Gobierno Nacional,Informe Monetario Diario,Saldos,D,En millones de ARS,ML
1225,2009-11-12,31980.0,Adelantos transitorios del BCRA al Gobierno Nacional,Informe Monetario Diario,Saldos,D,En millones de ARS,ML
1225,2009-11-13,31980.0,Adelantos transitorios del BCRA al Gobierno Nacional,Informe Monetario Diario,Saldos,D,En millones de ARS,ML
1225,2009-11-16,31980.0,Adelantos transitorios del BCRA al Gobierno Nacional,Informe Monetario Diario,Saldos,D,En millones de ARS,ML
1225,2009-11-17,31980.0,Adelantos transitorios del BCRA al Gobierno Nacional,Informe Monetario Diario,Saldos,D,En millones de ARS,ML
1225,2009-11-18,31980.0,Adelantos transitorios del BCRA al Gobierno Nacional,Informe Monetario Diario,Saldos,D,En millones de ARS,ML
1225,2009-11-19,31980.0,Adelantos transitorios del BCRA al Gobierno Nacional,Informe Monetario Diario,Saldos,D,En millones de ARS,ML
1225,2009-11-20,30280.0,Adelantos transitorios del BCRA al Gobierno Nacional,Informe Monetario Diario,Saldos,D,En millones de ARS,ML
1225,2009-11-23,30280.0,Adelantos transitorios del BCRA al Gobierno Nacional,Informe Monetario Diario,Saldos,D,En millones de ARS,ML
1225,2009-11-24,33080.0,Adelantos transitorios del BCRA al Gobierno Nacional,Informe Monetario Diario,Saldos,D,En millones de ARS,ML
1225,2009-11-25,33080.0,Adelantos transitorios del BCRA al Gobierno Nacional,Informe Monetario Diario,Saldos,D,En millones de ARS,ML
1225,2009-11-26,34730.0,Adelantos transitorios del BCRA al Gobierno Nacional,Informe Monetario Diario,Saldos,D,En millones de ARS,ML
1225,2009-11-27,34730.0,Adelantos transitorios del BCRA al Gobierno Nacional,Informe Monetario Diario,Saldos,D,En millones de ARS,ML
1225,2009-11-30,34730.0,Adelantos transitorios del BCRA al Gobierno Nacional,Informe Monetario Diario,Saldos,D,En millones de ARS,ML
1225,2009-12-01,36580.0,Adelantos transitorios del BCRA al Gobierno Nacional,Informe Monetario Diario,Saldos,D,En millones de ARS,ML
1225,2009-12-02,36580.0,Adelantos transitorios del BCRA al Gobierno Nacional,Informe Monetario Diario,Saldos,D,En millones de ARS,ML
1225,2009-12-03,36580.0,Adelantos transitorios del BCRA al Gobierno Nacional,Informe Monetario Diario,Saldos,D,En millones de ARS,ML
1225,2009-12-04,35280.0,Adelantos transitorios del BCRA al Gobierno Nacional,Informe Monetario Diario,Saldos,D,En millones de ARS,ML
1225,2009-12-07,35280.0,Adelantos transitorios del BCRA al Gobierno Nacional,Informe Monetario Diario,Saldos,D,En millones de ARS,ML
1225,2009-12-09,35280.0,Adelantos transitorios del BCRA al Gobierno Nacional,Informe Monetario Diario,Saldos,D,En millones de ARS,ML
1225,2009-12-10,35280.0,Adelantos transitorios del BCRA al Gobierno Nacional,Informe Monetario Diario,Saldos,D,En millones de ARS,ML
1225,2009-12-11,36630.0,Adelantos transitorios del BCRA al Gobierno Nacional,Informe Monetario Diario,Saldos,D,En millones de ARS,ML
1225,2009-12-14,36630.0,Adelantos transitorios del BCRA al Gobierno Nacional,Informe Monetario Diario,Saldos,D,En millones de ARS,ML
1225,2009-12-15,36630.0,Adelantos transitorios del BCRA al Gobierno Nacional,Informe Monetario Diario,Saldos,D,En millones de ARS,ML
1225,2009-12-16,36630.0,Adelantos transitorios del BCRA al Gobierno Nacional,Informe Monetario Diario,Saldos,D,En millones de ARS,ML
1225,2009-12-17,36480.0,Adelantos transitorios del BCRA al Gobierno Nacional,Informe Monetario Diario,Saldos,D,En millones de ARS,ML
1225,2009-12-18,36480.0,Adelantos transitorios del BCRA al Gobierno Nacional,Informe Monetario Diario,Saldos,D,En millones de ARS,ML
1225,2009-12-21,36480.0,Adelantos transitorios del BCRA al Gobierno Nacional,Informe Monetario Diario,Saldos,D,En millones de ARS,ML
1225,2009-12-22,36480.0,Adelantos transitorios del BCRA al Gobierno Nacional,Informe Monetario Diario,Saldos,D,En millones de ARS,ML
1225,2009-12-23,36580.0,Adelantos transitorios del BCRA al Gobierno Nacional,Informe Monetario Diario,Saldos,D,En millones de ARS,ML
1225,2009-12-24,36580.0,Adelantos transitorios del BCRA al Gobierno Nacional,Informe Monetario Diario,Saldos,D,En millones de ARS,ML
1225,2009-12-28,36580.0,Adelantos transitorios del BCRA al Gobierno Nacional,Informe Monetario Diario,Saldos,D,En millones de ARS,ML
1225,2009-12-29,36580.0,Adelantos transitorios del BCRA al Gobierno Nacional,Informe Monetario Diario,Saldos,D,En millones de ARS,ML
1225,2009-12-30,36580.0,Adelantos transitorios del BCRA al Gobierno Nacional,Informe Monetario Diario,Saldos,D,En millones de ARS,ML
1225,2009-12-31,36580.0,Adelantos transitorios del BCRA al Gobierno Nacional,Informe Monetario Diario,Saldos,D,En millones de ARS,ML
1225,2010-01-04,36580.0,Adelantos transitorios del BCRA al Gobierno Nacional,Informe Monetario Diario,Saldos,D,En millones de ARS,ML
1225,2010-01-05,36580.0,Adelantos transitorios del BCRA al Gobierno Nacional,Informe Monetario Diario,Saldos,D,En millones de ARS,ML
1225,2010-01-06,36580.0,Adelantos transitorios del BCRA al Gobierno Nacional,Informe Monetario Diario,Saldos,D,En millones de ARS,ML
1225,2010-01-07,36580.0,Adelantos transitorios del BCRA al Gobierno Nacional,Informe Monetario Diario,Saldos,D,En millones de ARS,ML
1225,2010-01-08,36580.0,Adelantos transitorios del BCRA al Gobierno Nacional,Informe Monetario Diario,Saldos,D,En millones de ARS,ML
1225,2010-01-11,36580.0,Adelantos transitorios del BCRA al Gobierno Nacional,Informe Monetario Diario,Saldos,D,En millones de ARS,ML
1225,2010-01-12,36580.0,Adelantos transitorios del BCRA al Gobierno Nacional,Informe Monetario Diario,Saldos,D,En millones de ARS,ML
1225,2010-01-13,36580.0,Adelantos transitorios del BCRA al Gobierno Nacional,Informe Monetario Diario,Saldos,D,En millones de ARS,ML
1225,2010-01-14,36580.0,Adelantos transitorios del BCRA al Gobierno Nacional,Informe Monetario Diario,Saldos,D,En millones de ARS,ML
1225,2010-01-15,36580.0,Adelantos transitorios del BCRA al Gobierno Nacional,Informe Monetario Diario,Saldos,D,En millones de ARS,ML
1225,2010-01-18,36580.0,Adelantos transitorios del BCRA al Gobierno Nacional,Informe Monetario Diario,Saldos,D,En millones de ARS,ML
1225,2010-01-19,36580.0,Adelantos transitorios del BCRA al Gobierno Nacional,Informe Monetario Diario,Saldos,D,En millones de ARS,ML
1225,2010-01-20,36580.0,Adelantos transitorios del BCRA al Gobierno Nacional,Informe Monetario Diario,Saldos,D,En millones de ARS,ML
1225,2010-01-21,36580.0,Adelantos transitorios del BCRA al Gobierno Nacional,Informe Monetario Diario,Saldos,D,En millones de ARS,ML
1225,2010-01-22,38380.0,Adelantos transitorios del BCRA al Gobierno Nacional,Informe Monetario Diario,Saldos,D,En millones de ARS,ML
1225,2010-01-25,36580.0,Adelantos transitorios del BCRA al Gobierno Nacional,Informe Monetario Diario,Saldos,D,En millones de ARS,ML
1225,2010-01-26,36580.0,Adelantos transitorios del BCRA al Gobierno Nacional,Informe Monetario Diario,Saldos,D,En millones de ARS,ML
1225,2010-01-27,36580.0,Adelantos transitorios del BCRA al Gobierno Nacional,Informe Monetario Diario,Saldos,D,En millones de ARS,ML
1225,2010-01-28,36580.0,Adelantos transitorios del BCRA al Gobierno Nacional,Informe Monetario Diario,Saldos,D,En millones de ARS,ML
1225,2010-01-29,38380.0,Adelantos transitorios del BCRA al Gobierno Nacional,Informe Monetario Diario,Saldos,D,En millones de ARS,ML
1225,2010-02-01,38380.0,Adelantos transitorios del BCRA al Gobierno Nacional,Informe Monetario Diario,Saldos,D,En millones de ARS,ML
1225,2010-02-02,38380.0,Adelantos transitorios del BCRA al Gobierno Nacional,Informe Monetario Diario,Saldos,D,En millones de ARS,ML
1225,2010-02-03,38380.0,Adelantos transitorios del BCRA al Gobierno Nacional,Informe Monetario Diario,Saldos,D,En millones de ARS,ML
1225,2010-02-04,38380.0,Adelantos transitorios del BCRA al Gobierno Nacional,Informe Monetario Diario,Saldos,D,En millones de ARS,ML
1225,2010-02-05,38380.0,Adelantos transitorios del BCRA al Gobierno Nacional,Informe Monetario Diario,Saldos,D,En millones de ARS,ML
1225,2010-02-08,38380.0,Adelantos transitorios del BCRA al Gobierno Nacional,Informe Monetario Diario,Saldos,D,En millones de ARS,ML
1225,2010-02-09,38380.0,Adelantos transitorios del BCRA al Gobierno Nacional,Informe Monetario Diario,Saldos,D,En millones de ARS,ML
1225,2010-02-10,38380.0,Adelantos transitorios del BCRA al Gobierno Nacional,Informe Monetario Diario,Saldos,D,En millones de ARS,ML
1225,2010-02-11,38380.0,Adelantos transitorios del BCRA al Gobierno Nacional,Informe Monetario Diario,Saldos,D,En millones de ARS,ML
1225,2010-02-12,38380.0,Adelantos transitorios del BCRA al Gobierno Nacional,Informe Monetario Diario,Saldos,D,En millones de ARS,ML
1225,2010-02-15,38380.0,Adelantos transitorios del BCRA al Gobierno Nacional,Informe Monetario Diario,Saldos,D,En millones de ARS,ML
1225,2010-02-16,38380.0,Adelantos transitorios del BCRA al Gobierno Nacional,Informe Monetario Diario,Saldos,D,En millones de ARS,ML
1225,2010-02-17,38380.0,Adelantos transitorios del BCRA al Gobierno Nacional,Informe Monetario Diario,Saldos,D,En millones de ARS,ML
1225,2010-02-18,38380.0,Adelantos transitorios del BCRA al Gobierno Nacional,Informe Monetario Diario,Saldos,D,En millones de ARS,ML
1225,2010-02-19,36780.0,Adelantos transitorios del BCRA al Gobierno Nacional,Informe Monetario Diario,Saldos,D,En millones de ARS,ML
1225,2010-02-22,36780.0,Adelantos transitorios del BCRA al Gobierno Nacional,Informe Monetario Diario,Saldos,D,En millones de ARS,ML
1225,2010-02-23,36780.0,Adelantos transitorios del BCRA al Gobierno Nacional,Informe Monetario Diario,Saldos,D,En millones de ARS,ML
1225,2010-02-24,36780.0,Adelantos transitorios del BCRA al Gobierno Nacional,Informe Monetario Diario,Saldos,D,En millones de ARS,ML
1225,2010-02-25,36780.0,Adelantos transitorios del BCRA al Gobierno Nacional,Informe Monetario Diario,Saldos,D,En millones de ARS,ML
1225,2010-02-26,38430.0,Adelantos transitorios del BCRA al Gobierno Nacional,Informe Monetario Diario,Saldos,D,En millones de ARS,ML
1225,2010-03-01,38430.0,Adelantos transitorios del BCRA al Gobierno Nacional,Informe Monetario Diario,Saldos,D,En millones de ARS,ML
1225,2010-03-02,38430.0,Adelantos transitorios del BCRA al Gobierno Nacional,Informe Monetario Diario,Saldos,D,En millones de ARS,ML
1225,2010-03-03,38430.0,Adelantos transitorios del BCRA al Gobierno Nacional,Informe Monetario Diario,Saldos,D,En millones de ARS,ML
1225,2010-03-04,38430.0,Adelantos transitorios del BCRA al Gobierno Nacional,Informe Monetario Diario,Saldos,D,En millones de ARS,ML
1225,2010-03-05,36930.0,Adelantos transitorios del BCRA al Gobierno Nacional,Informe Monetario Diario,Saldos,D,En millones de ARS,ML
1225,2010-03-08,36930.0,Adelantos transitorios del BCRA al Gobierno Nacional,Informe Monetario Diario,Saldos,D,En millones de ARS,ML
1225,2010-03-09,36930.0,Adelantos transitorios del BCRA al Gobierno Nacional,Informe Monetario Diario,Saldos,D,En millones de ARS,ML
1225,2010-03-10,36930.0,Adelantos transitorios del BCRA al Gobierno Nacional,Informe Monetario Diario,Saldos,D,En millones de ARS,ML
1225,2010-03-11,36930.0,Adelantos transitorios del BCRA al Gobierno Nacional,Informe Monetario Diario,Saldos,D,En millones de ARS,ML
1225,2010-03-12,36780.0,Adelantos transitorios del BCRA al Gobierno Nacional,Informe Monetario Diario,Saldos,D,En millones de ARS,ML
1225,2010-03-15,36780.0,Adelantos transitorios del BCRA al Gobierno Nacional,Informe Monetario Diario,Saldos,D,En millones de ARS,ML
1225,2010-03-16,36780.0,Adelantos transitorios del BCRA al Gobierno Nacional,Informe Monetario Diario,Saldos,D,En millones de ARS,ML
1225,2010-03-17,36780.0,Adelantos transitorios del BCRA al Gobierno Nacional,Informe Monetario Diario,Saldos,D,En millones de ARS,ML
1225,2010-03-18,38430.0,Adelantos transitorios del BCRA al Gobierno Nacional,Informe Monetario Diario,Saldos,D,En millones de ARS,ML
1225,2010-03-19,36930.0,Adelantos transitorios del BCRA al Gobierno Nacional,Informe Monetario Diario,Saldos,D,En millones de ARS,ML
1225,2010-03-22,36930.0,Adelantos transitorios del BCRA al Gobierno Nacional,Informe Monetario Diario,Saldos,D,En millones de ARS,ML
1225,2010-03-23,36930.0,Adelantos transitorios del BCRA al Gobierno Nacional,Informe Monetario Diario,Saldos,D,En millones de ARS,ML
1225,2010-03-25,36930.0,Adelantos transitorios del BCRA al Gobierno Nacional,Informe Monetario Diario,Saldos,D,En millones de ARS,ML
1225,2010-03-26,38380.0,Adelantos transitorios del BCRA al Gobierno Nacional,Informe Monetario Diario,Saldos,D,En millones de ARS,ML
1225,2010-03-29,38380.0,Adelantos transitorios del BCRA al Gobierno Nacional,Informe Monetario Diario,Saldos,D,En millones de ARS,ML
1225,2010-03-30,38380.0,Adelantos transitorios del BCRA al Gobierno Nacional,Informe Monetario Diario,Saldos,D,En millones de ARS,ML
1225,2010-03-31,38380.0,Adelantos transitorios del BCRA al Gobierno Nacional,Informe Monetario Diario,Saldos,D,En millones de ARS,ML
1225,2010-04-05,40180.0,Adelantos transitorios del BCRA al Gobierno Nacional,Informe Monetario Diario,Saldos,D,En millones de ARS,ML
1225,2010-04-06,40180.0,Adelantos transitorios del BCRA al Gobierno Nacional,Informe Monetario Diario,Saldos,D,En millones de ARS,ML
1225,2010-04-07,40180.0,Adelantos transitorios del BCRA al Gobierno Nacional,Informe Monetario Diario,Saldos,D,En millones de ARS,ML
1225,2010-04-08,40180.0,Adelantos transitorios del BCRA al Gobierno Nacional,Informe Monetario Diario,Saldos,D,En millones de ARS,ML
1225,2010-04-09,40180.0,Adelantos transitorios del BCRA al Gobierno Nacional,Informe Monetario Diario,Saldos,D,En millones de ARS,ML
1225,2010-04-12,40180.0,Adelantos transitorios del BCRA al Gobierno Nacional,Informe Monetario Diario,Saldos,D,En millones de ARS,ML
1225,2010-04-13,40180.0,Adelantos transitorios del BCRA al Gobierno Nacional,Informe Monetario Diario,Saldos,D,En millones de ARS,ML
1225,2010-04-14,40180.0,Adelantos transitorios del BCRA al Gobierno Nacional,Informe Monetario Diario,Saldos,D,En millones de ARS,ML
1225,2010-04-15,40180.0,Adelantos transitorios del BCRA al Gobierno Nacional,Informe Monetario Diario,Saldos,D,En millones de ARS,ML
1225,2010-04-16,40180.0,Adelantos transitorios del BCRA al Gobierno Nacional,Informe Monetario Diario,Saldos,D,En millones de ARS,ML
1225,2010-04-19,40180.0,Adelantos transitorios del BCRA al Gobierno Nacional,Informe Monetario Diario,Saldos,D,En millones de ARS,ML
1225,2010-04-20,40180.0,Adelantos transitorios del BCRA al Gobierno Nacional,Informe Monetario Diario,Saldos,D,En millones de ARS,ML
1225,2010-04-21,40180.0,Adelantos transitorios del BCRA al Gobierno Nacional,Informe Monetario Diario,Saldos,D,En millones de ARS,ML
1225,2010-04-22,40180.0,Adelantos transitorios del BCRA al Gobierno Nacional,Informe Monetario Diario,Saldos,D,En millones de ARS,ML
1225,2010-04-23,37680.0,Adelantos transitorios del BCRA al Gobierno Nacional,Informe Monetario Diario,Saldos,D,En millones de ARS,ML
1225,2010-04-26,37680.0,Adelantos transitorios del BCRA al Gobierno Nacional,Informe Monetario Diario,Saldos,D,En millones de ARS,ML
1225,2010-04-27,37680.0,Adelantos transitorios del BCRA al Gobierno Nacional,Informe Monetario Diario,Saldos,D,En millones de ARS,ML
1225,2010-04-28,37680.0,Adelantos transitorios del BCRA al Gobierno Nacional,Informe Monetario Diario,Saldos,D,En millones de ARS,ML
1225,2010-04-29,37680.0,Adelantos transitorios del BCRA al Gobierno Nacional,Informe Monetario Diario,Saldos,D,En millones de ARS,ML
1225,2010-04-30,40180.0,Adelantos transitorios del BCRA al Gobierno Nacional,Informe Monetario Diario,Saldos,D,En millones de ARS,ML
1225,2010-05-03,40180.0,Adelantos transitorios del BCRA al Gobierno Nacional,Informe Monetario Diario,Saldos,D,En millones de ARS,ML
1225,2010-05-04,40180.0,Adelantos transitorios del BCRA al Gobierno Nacional,Informe Monetario Diario,Saldos,D,En millones de ARS,ML
1225,2010-05-05,40180.0,Adelantos transitorios del BCRA al Gobierno Nacional,Informe Monetario Diario,Saldos,D,En millones de ARS,ML
1225,2010-05-06,40180.0,Adelantos transitorios del BCRA al Gobierno Nacional,Informe Monetario Diario,Saldos,D,En millones de ARS,ML
1225,2010-05-07,40130.0,Adelantos transitorios del BCRA al Gobierno Nacional,Informe Monetario Diario,Saldos,D,En millones de ARS,ML
1225,2010-05-10,40130.0,Adelantos transitorios del BCRA al Gobierno Nacional,Informe Monetario Diario,Saldos,D,En millones de ARS,ML
1225,2010-05-11,40130.0,Adelantos transitorios del BCRA al Gobierno Nacional,Informe Monetario Diario,Saldos,D,En millones de ARS,ML
1225,2010-05-12,40130.0,Adelantos transitorios del BCRA al Gobierno Nacional,Informe Monetario Diario,Saldos,D,En millones de ARS,ML
1225,2010-05-13,40130.0,Adelantos transitorios del BCRA al Gobierno Nacional,Informe Monetario Diario,Saldos,D,En millones de ARS,ML
1225,2010-05-14,40130.0,Adelantos transitorios del BCRA al Gobierno Nacional,Informe Monetario Diario,Saldos,D,En millones de ARS,ML
1225,2010-05-17,40130.0,Adelantos transitorios del BCRA al Gobierno Nacional,Informe Monetario Diario,Saldos,D,En millones de ARS,ML
1225,2010-05-18,40130.0,Adelantos transitorios del BCRA al Gobierno Nacional,Informe Monetario Diario,Saldos,D,En millones de ARS,ML
1225,2010-05-19,40130.0,Adelantos transitorios del BCRA al Gobierno Nacional,Informe Monetario Diario,Saldos,D,En millones de ARS,ML
1225,2010-05-20,40130.0,Adelantos transitorios del BCRA al Gobierno Nacional,Informe Monetario Diario,Saldos,D,En millones de ARS,ML
1225,2010-05-21,40130.0,Adelantos transitorios del BCRA al Gobierno Nacional,Informe Monetario Diario,Saldos,D,En millones de ARS,ML
1225,2010-05-26,40130.0,Adelantos transitorios del BCRA al Gobierno Nacional,Informe Monetario Diario,Saldos,D,En millones de ARS,ML
1225,2010-05-27,40130.0,Adelantos transitorios del BCRA al Gobierno Nacional,Informe Monetario Diario,Saldos,D,En millones de ARS,ML
1225,2010-05-28,40130.0,Adelantos transitorios del BCRA al Gobierno Nacional,Informe Monetario Diario,Saldos,D,En millones de ARS,ML
1225,2010-05-31,40130.0,Adelantos transitorios del BCRA al Gobierno Nacional,Informe Monetario Diario,Saldos,D,En millones de ARS,ML
1225,2010-06-01,40130.0,Adelantos transitorios del BCRA al Gobierno Nacional,Informe Monetario Diario,Saldos,D,En millones de ARS,ML
1225,2010-06-02,40130.0,Adelantos transitorios del BCRA al Gobierno Nacional,Informe Monetario Diario,Saldos,D,En millones de ARS,ML
1225,2010-06-03,40130.0,Adelantos transitorios del BCRA al Gobierno Nacional,Informe Monetario Diario,Saldos,D,En millones de ARS,ML
1225,2010-06-04,37730.0,Adelantos transitorios del BCRA al Gobierno Nacional,Informe Monetario Diario,Saldos,D,En millones de ARS,ML
1225,2010-06-07,37730.0,Adelantos transitorios del BCRA al Gobierno Nacional,Informe Monetario Diario,Saldos,D,En millones de ARS,ML
1225,2010-06-08,37730.0,Adelantos transitorios del BCRA al Gobierno Nacional,Informe Monetario Diario,Saldos,D,En millones de ARS,ML
1225,2010-06-09,37730.0,Adelantos transitorios del BCRA al Gobierno Nacional,Informe Monetario Diario,Saldos,D,En millones de ARS,ML
1225,2010-06-10,37730.0,Adelantos transitorios del BCRA al Gobierno Nacional,Informe Monetario Diario,Saldos,D,En millones de ARS,ML
1225,2010-06-11,40180.0,Adelantos transitorios del BCRA al Gobierno Nacional,Informe Monetario Diario,Saldos,D,En millones de ARS,ML
1225,2010-06-14,40180.0,Adelantos transitorios del BCRA al Gobierno Nacional,Informe Monetario Diario,Saldos,D,En millones de ARS,ML
1225,2010-06-15,40180.0,Adelantos transitorios del BCRA al Gobierno Nacional,Informe Monetario Diario,Saldos,D,En millones de ARS,ML
1225,2010-06-16,40180.0,Adelantos transitorios del BCRA al Gobierno Nacional,Informe Monetario Diario,Saldos,D,En millones de ARS,ML
1225,2010-06-17,40180.0,Adelantos transitorios del BCRA al Gobierno Nacional,Informe Monetario Diario,Saldos,D,En millones de ARS,ML
1225,2010-06-18,40180.0,Adelantos transitorios del BCRA al Gobierno Nacional,Informe Monetario Diario,Saldos,D,En millones de ARS,ML
1225,2010-06-22,40180.0,Adelantos transitorios del BCRA al Gobierno Nacional,Informe Monetario Diario,Saldos,D,En millones de ARS,ML
1225,2010-06-23,40180.0,Adelantos transitorios del BCRA al Gobierno Nacional,Informe Monetario Diario,Saldos,D,En millones de ARS,ML
1225,2010-06-24,40180.0,Adelantos transitorios del BCRA al Gobierno Nacional,Informe Monetario Diario,Saldos,D,En millones de ARS,ML
1225,2010-06-25,40180.0,Adelantos transitorios del BCRA al Gobierno Nacional,Informe Monetario Diario,Saldos,D,En millones de ARS,ML
1225,2010-06-28,40180.0,Adelantos transitorios del BCRA al Gobierno Nacional,Informe Monetario Diario,Saldos,D,En millones de ARS,ML
1225,2010-06-29,40180.0,Adelantos transitorios del BCRA al Gobierno Nacional,Informe Monetario Diario,Saldos,D,En millones de ARS,ML
1225,2010-06-30,40180.0,Adelantos transitorios del BCRA al Gobierno Nacional,Informe Monetario Diario,Saldos,D,En millones de ARS,ML
1225,2010-07-01,40180.0,Adelantos transitorios del BCRA al Gobierno Nacional,Informe Monetario Diario,Saldos,D,En millones de ARS,ML
1225,2010-07-02,40180.0,Adelantos transitorios del BCRA al Gobierno Nacional,Informe Monetario Diario,Saldos,D,En millones de ARS,ML
1225,2010-07-05,40180.0,Adelantos transitorios del BCRA al Gobierno Nacional,Informe Monetario Diario,Saldos,D,En millones de ARS,ML
1225,2010-07-06,40180.0,Adelantos transitorios del BCRA al Gobierno Nacional,Informe Monetario Diario,Saldos,D,En millones de ARS,ML
1225,2010-07-07,40180.0,Adelantos transitorios del BCRA al Gobierno Nacional,Informe Monetario Diario,Saldos,D,En millones de ARS,ML
1225,2010-07-08,40180.0,Adelantos transitorios del BCRA al Gobierno Nacional,Informe Monetario Diario,Saldos,D,En millones de ARS,ML
1225,2010-07-12,40180.0,Adelantos transitorios del BCRA al Gobierno Nacional,Informe Monetario Diario,Saldos,D,En millones de ARS,ML
1225,2010-07-13,40180.0,Adelantos transitorios del BCRA al Gobierno Nacional,Informe Monetario Diario,Saldos,D,En millones de ARS,ML
1225,2010-07-14,40180.0,Adelantos transitorios del BCRA al Gobierno Nacional,Informe Monetario Diario,Saldos,D,En millones de ARS,ML
1225,2010-07-15,40180.0,Adelantos transitorios del BCRA al Gobierno Nacional,Informe Monetario Diario,Saldos,D,En millones de ARS,ML
1225,2010-07-16,40180.0,Adelantos transitorios del BCRA al Gobierno Nacional,Informe Monetario Diario,Saldos,D,En millones de ARS,ML
1225,2010-07-19,40180.0,Adelantos transitorios del BCRA al Gobierno Nacional,Informe Monetario Diario,Saldos,D,En millones de ARS,ML
1225,2010-07-20,40180.0,Adelantos transitorios del BCRA al Gobierno Nacional,Informe Monetario Diario,Saldos,D,En millones de ARS,ML
1225,2010-07-21,40180.0,Adelantos transitorios del BCRA al Gobierno Nacional,Informe Monetario Diario,Saldos,D,En millones de ARS,ML
1225,2010-07-22,40180.0,Adelantos transitorios del BCRA al Gobierno Nacional,Informe Monetario Diario,Saldos,D,En millones de ARS,ML
1225,2010-07-23,38180.0,Adelantos transitorios del BCRA al Gobierno Nacional,Informe Monetario Diario,Saldos,D,En millones de ARS,ML
1225,2010-07-26,38180.0,Adelantos transitorios del BCRA al Gobierno Nacional,Informe Monetario Diario,Saldos,D,En millones de ARS,ML
1225,2010-07-27,38180.0,Adelantos transitorios del BCRA al Gobierno Nacional,Informe Monetario Diario,Saldos,D,En millones de ARS,ML
1225,2010-07-28,38180.0,Adelantos transitorios del BCRA al Gobierno Nacional,Informe Monetario Diario,Saldos,D,En millones de ARS,ML
1225,2010-07-29,40130.0,Adelantos transitorios del BCRA al Gobierno Nacional,Informe Monetario Diario,Saldos,D,En millones de ARS,ML
1225,2010-07-30,40130.0,Adelantos transitorios del BCRA al Gobierno Nacional,Informe Monetario Diario,Saldos,D,En millones de ARS,ML
1225,2010-08-02,40130.0,Adelantos transitorios del BCRA al Gobierno Nacional,Informe Monetario Diario,Saldos,D,En millones de ARS,ML
1225,2010-08-03,40130.0,Adelantos transitorios del BCRA al Gobierno Nacional,Informe Monetario Diario,Saldos,D,En millones de ARS,ML
1225,2010-08-04,40130.0,Adelantos transitorios del BCRA al Gobierno Nacional,Informe Monetario Diario,Saldos,D,En millones de ARS,ML
1225,2010-08-05,40130.0,Adelantos transitorios del BCRA al Gobierno Nacional,Informe Monetario Diario,Saldos,D,En millones de ARS,ML
1225,2010-08-06,40130.0,Adelantos transitorios del BCRA al Gobierno Nacional,Informe Monetario Diario,Saldos,D,En millones de ARS,ML
1225,2010-08-09,40130.0,Adelantos transitorios del BCRA al Gobierno Nacional,Informe Monetario Diario,Saldos,D,En millones de ARS,ML
1225,2010-08-10,40130.0,Adelantos transitorios del BCRA al Gobierno Nacional,Informe Monetario Diario,Saldos,D,En millones de ARS,ML
1225,2010-08-11,40130.0,Adelantos transitorios del BCRA al Gobierno Nacional,Informe Monetario Diario,Saldos,D,En millones de ARS,ML
1225,2010-08-12,40130.0,Adelantos transitorios del BCRA al Gobierno Nacional,Informe Monetario Diario,Saldos,D,En millones de ARS,ML
1225,2010-08-13,40130.0,Adelantos transitorios del BCRA al Gobierno Nacional,Informe Monetario Diario,Saldos,D,En millones de ARS,ML
1225,2010-08-17,40130.0,Adelantos transitorios del BCRA al Gobierno Nacional,Informe Monetario Diario,Saldos,D,En millones de ARS,ML
1225,2010-08-18,40130.0,Adelantos transitorios del BCRA al Gobierno Nacional,Informe Monetario Diario,Saldos,D,En millones de ARS,ML
1225,2010-08-19,40130.0,Adelantos transitorios del BCRA al Gobierno Nacional,Informe Monetario Diario,Saldos,D,En millones de ARS,ML
1225,2010-08-20,40130.0,Adelantos transitorios del BCRA al Gobierno Nacional,Informe Monetario Diario,Saldos,D,En millones de ARS,ML
1225,2010-08-23,40130.0,Adelantos transitorios del BCRA al Gobierno Nacional,Informe Monetario Diario,Saldos,D,En millones de ARS,ML
1225,2010-08-24,40130.0,Adelantos transitorios del BCRA al Gobierno Nacional,Informe Monetario Diario,Saldos,D,En millones de ARS,ML
1225,2010-08-25,40130.0,Adelantos transitorios del BCRA al Gobierno Nacional,Informe Monetario Diario,Saldos,D,En millones de ARS,ML
1225,2010-08-26,40130.0,Adelantos transitorios del BCRA al Gobierno Nacional,Informe Monetario Diario,Saldos,D,En millones de ARS,ML
1225,2010-08-27,40130.0,Adelantos transitorios del BCRA al Gobierno Nacional,Informe Monetario Diario,Saldos,D,En millones de ARS,ML
1225,2010-08-30,40130.0,Adelantos transitorios del BCRA al Gobierno Nacional,Informe Monetario Diario,Saldos,D,En millones de ARS,ML
1225,2010-08-31,40130.0,Adelantos transitorios del BCRA al Gobierno Nacional,Informe Monetario Diario,Saldos,D,En millones de ARS,ML
1225,2010-09-01,40130.0,Adelantos transitorios del BCRA al Gobierno Nacional,Informe Monetario Diario,Saldos,D,En millones de ARS,ML
1225,2010-09-02,40130.0,Adelantos transitorios del BCRA al Gobierno Nacional,Informe Monetario Diario,Saldos,D,En millones de ARS,ML
1225,2010-09-03,40130.0,Adelantos transitorios del BCRA al Gobierno Nacional,Informe Monetario Diario,Saldos,D,En millones de ARS,ML
1225,2010-09-06,40130.0,Adelantos transitorios del BCRA al Gobierno Nacional,Informe Monetario Diario,Saldos,D,En millones de ARS,ML
1225,2010-09-07,40130.0,Adelantos transitorios del BCRA al Gobierno Nacional,Informe Monetario Diario,Saldos,D,En millones de ARS,ML
1225,2010-09-08,40130.0,Adelantos transitorios del BCRA al Gobierno Nacional,Informe Monetario Diario,Saldos,D,En millones de ARS,ML
1225,2010-09-09,40130.0,Adelantos transitorios del BCRA al Gobierno Nacional,Informe Monetario Diario,Saldos,D,En millones de ARS,ML
1225,2010-09-10,40130.0,Adelantos transitorios del BCRA al Gobierno Nacional,Informe Monetario Diario,Saldos,D,En millones de ARS,ML
1225,2010-09-13,40130.0,Adelantos transitorios del BCRA al Gobierno Nacional,Informe Monetario Diario,Saldos,D,En millones de ARS,ML
1225,2010-09-14,40130.0,Adelantos transitorios del BCRA al Gobierno Nacional,Informe Monetario Diario,Saldos,D,En millones de ARS,ML
1225,2010-09-15,40130.0,Adelantos transitorios del BCRA al Gobierno Nacional,Informe Monetario Diario,Saldos,D,En millones de ARS,ML
1225,2010-09-16,40130.0,Adelantos transitorios del BCRA al Gobierno Nacional,Informe Monetario Diario,Saldos,D,En millones de ARS,ML
1225,2010-09-17,40130.0,Adelantos transitorios del BCRA al Gobierno Nacional,Informe Monetario Diario,Saldos,D,En millones de ARS,ML
1225,2010-09-20,40130.0,Adelantos transitorios del BCRA al Gobierno Nacional,Informe Monetario Diario,Saldos,D,En millones de ARS,ML
1225,2010-09-21,40130.0,Adelantos transitorios del BCRA al Gobierno Nacional,Informe Monetario Diario,Saldos,D,En millones de ARS,ML
1225,2010-09-22,40130.0,Adelantos transitorios del BCRA al Gobierno Nacional,Informe Monetario Diario,Saldos,D,En millones de ARS,ML
1225,2010-09-23,40130.0,Adelantos transitorios del BCRA al Gobierno Nacional,Informe Monetario Diario,Saldos,D,En millones de ARS,ML
1225,2010-09-24,40130.0,Adelantos transitorios del BCRA al Gobierno Nacional,Informe Monetario Diario,Saldos,D,En millones de ARS,ML
1225,2010-09-27,40130.0,Adelantos transitorios del BCRA al Gobierno Nacional,Informe Monetario Diario,Saldos,D,En millones de ARS,ML
1225,2010-09-28,40130.0,Adelantos transitorios del BCRA al Gobierno Nacional,Informe Monetario Diario,Saldos,D,En millones de ARS,ML
1225,2010-09-29,40130.0,Adelantos transitorios del BCRA al Gobierno Nacional,Informe Monetario Diario,Saldos,D,En millones de ARS,ML
1225,2010-09-30,40130.0,Adelantos transitorios del BCRA al Gobierno Nacional,Informe Monetario Diario,Saldos,D,En millones de ARS,ML
1225,2010-10-01,39530.0,Adelantos transitorios del BCRA al Gobierno Nacional,Informe Monetario Diario,Saldos,D,En millones de ARS,ML
1225,2010-10-04,39530.0,Adelantos transitorios del BCRA al Gobierno Nacional,Informe Monetario Diario,Saldos,D,En millones de ARS,ML
1225,2010-10-05,39530.0,Adelantos transitorios del BCRA al Gobierno Nacional,Informe Monetario Diario,Saldos,D,En millones de ARS,ML
1225,2010-10-06,39530.0,Adelantos transitorios del BCRA al Gobierno Nacional,Informe Monetario Diario,Saldos,D,En millones de ARS,ML
1225,2010-10-07,40180.0,Adelantos transitorios del BCRA al Gobierno Nacional,Informe Monetario Diario,Saldos,D,En millones de ARS,ML
1225,2010-10-08,40180.0,Adelantos transitorios del BCRA al Gobierno Nacional,Informe Monetario Diario,Saldos,D,En millones de ARS,ML
1225,2010-10-12,40180.0,Adelantos transitorios del BCRA al Gobierno Nacional,Informe Monetario Diario,Saldos,D,En millones de ARS,ML
1225,2010-10-13,40180.0,Adelantos transitorios del BCRA al Gobierno Nacional,Informe Monetario Diario,Saldos,D,En millones de ARS,ML
1225,2010-10-14,40180.0,Adelantos transitorios del BCRA al Gobierno Nacional,Informe Monetario Diario,Saldos,D,En millones de ARS,ML
1225,2010-10-15,39250.0,Adelantos transitorios del BCRA al Gobierno Nacional,Informe Monetario Diario,Saldos,D,En millones de ARS,ML
1225,2010-10-18,39250.0,Adelantos transitorios del BCRA al Gobierno Nacional,Informe Monetario Diario,Saldos,D,En millones de ARS,ML
1225,2010-10-19,39250.0,Adelantos transitorios del BCRA al Gobierno Nacional,Informe Monetario Diario,Saldos,D,En millones de ARS,ML
1225,2010-10-20,39250.0,Adelantos transitorios del BCRA al Gobierno Nacional,Informe Monetario Diario,Saldos,D,En millones de ARS,ML
1225,2010-10-21,39250.0,Adelantos transitorios del BCRA al Gobierno Nacional,Informe Monetario Diario,Saldos,D,En millones de ARS,ML
1225,2010-10-22,39080.0,Adelantos transitorios del BCRA al Gobierno Nacional,Informe Monetario Diario,Saldos,D,En millones de ARS,ML
1225,2010-10-25,39080.0,Adelantos transitorios del BCRA al Gobierno Nacional,Informe Monetario Diario,Saldos,D,En millones de ARS,ML
1225,2010-10-26,39080.0,Adelantos transitorios del BCRA al Gobierno Nacional,Informe Monetario Diario,Saldos,D,En millones de ARS,ML
1225,2010-10-28,39080.0,Adelantos transitorios del BCRA al Gobierno Nacional,Informe Monetario Diario,Saldos,D,En millones de ARS,ML
1225,2010-10-29,40180.0,Adelantos transitorios del BCRA al Gobierno Nacional,Informe Monetario Diario,Saldos,D,En millones de ARS,ML
1225,2010-11-01,40180.0,Adelantos transitorios del BCRA al Gobierno Nacional,Informe Monetario Diario,Saldos,D,En millones de ARS,ML
1225,2010-11-02,40180.0,Adelantos transitorios del BCRA al Gobierno Nacional,Informe Monetario Diario,Saldos,D,En millones de ARS,ML
1225,2010-11-03,40180.0,Adelantos transitorios del BCRA al Gobierno Nacional,Informe Monetario Diario,Saldos,D,En millones de ARS,ML
1225,2010-11-04,40180.0,Adelantos transitorios del BCRA al Gobierno Nacional,Informe Monetario Diario,Saldos,D,En millones de ARS,ML
1225,2010-11-05,40180.0,Adelantos transitorios del BCRA al Gobierno Nacional,Informe Monetario Diario,Saldos,D,En millones de ARS,ML
1225,2010-11-08,40180.0,Adelantos transitorios del BCRA al Gobierno Nacional,Informe Monetario Diario,Saldos,D,En millones de ARS,ML
1225,2010-11-09,40180.0,Adelantos transitorios del BCRA al Gobierno Nacional,Informe Monetario Diario,Saldos,D,En millones de ARS,ML
1225,2010-11-10,40180.0,Adelantos transitorios del BCRA al Gobierno Nacional,Informe Monetario Diario,Saldos,D,En millones de ARS,ML
1225,2010-11-11,40180.0,Adelantos transitorios del BCRA al Gobierno Nacional,Informe Monetario Diario,Saldos,D,En millones de ARS,ML
1225,2010-11-12,40180.0,Adelantos transitorios del BCRA al Gobierno Nacional,Informe Monetario Diario,Saldos,D,En millones de ARS,ML
1225,2010-11-15,40180.0,Adelantos transitorios del BCRA al Gobierno Nacional,Informe Monetario Diario,Saldos,D,En millones de ARS,ML
1225,2010-11-16,37380.0,Adelantos transitorios del BCRA al Gobierno Nacional,Informe Monetario Diario,Saldos,D,En millones de ARS,ML
1225,2010-11-17,37380.0,Adelantos transitorios del BCRA al Gobierno Nacional,Informe Monetario Diario,Saldos,D,En millones de ARS,ML
1225,2010-11-18,37380.0,Adelantos transitorios del BCRA al Gobierno Nacional,Informe Monetario Diario,Saldos,D,En millones de ARS,ML
1225,2010-11-19,40130.0,Adelantos transitorios del BCRA al Gobierno Nacional,Informe Monetario Diario,Saldos,D,En millones de ARS,ML
1225,2010-11-23,38480.0,Adelantos transitorios del BCRA al Gobierno Nacional,Informe Monetario Diario,Saldos,D,En millones de ARS,ML
1225,2010-11-24,40180.0,Adelantos transitorios del BCRA al Gobierno Nacional,Informe Monetario Diario,Saldos,D,En millones de ARS,ML
1225,2010-11-25,40180.0,Adelantos transitorios del BCRA al Gobierno Nacional,Informe Monetario Diario,Saldos,D,En millones de ARS,ML
1225,2010-11-26,38330.0,Adelantos transitorios del BCRA al Gobierno Nacional,Informe Monetario Diario,Saldos,D,En millones de ARS,ML
1225,2010-11-29,38330.0,Adelantos transitorios del BCRA al Gobierno Nacional,Informe Monetario Diario,Saldos,D,En millones de ARS,ML
1225,2010-11-30,40130.0,Adelantos transitorios del BCRA al Gobierno Nacional,Informe Monetario Diario,Saldos,D,En millones de ARS,ML
1225,2010-12-01,40130.0,Adelantos transitorios del BCRA al Gobierno Nacional,Informe Monetario Diario,Saldos,D,En millones de ARS,ML
1225,2010-12-02,40130.0,Adelantos transitorios del BCRA al Gobierno Nacional,Informe Monetario Diario,Saldos,D,En millones de ARS,ML
1225,2010-12-03,40130.0,Adelantos transitorios del BCRA al Gobierno Nacional,Informe Monetario Diario,Saldos,D,En millones de ARS,ML
1225,2010-12-06,40130.0,Adelantos transitorios del BCRA al Gobierno Nacional,Informe Monetario Diario,Saldos,D,En millones de ARS,ML
1225,2010-12-07,40130.0,Adelantos transitorios del BCRA al Gobierno Nacional,Informe Monetario Diario,Saldos,D,En millones de ARS,ML
1225,2010-12-09,40130.0,Adelantos transitorios del BCRA al Gobierno Nacional,Informe Monetario Diario,Saldos,D,En millones de ARS,ML
1225,2010-12-10,39430.0,Adelantos transitorios del BCRA al Gobierno Nacional,Informe Monetario Diario,Saldos,D,En millones de ARS,ML
1225,2010-12-13,39430.0,Adelantos transitorios del BCRA al Gobierno Nacional,Informe Monetario Diario,Saldos,D,En millones de ARS,ML
1225,2010-12-14,39430.0,Adelantos transitorios del BCRA al Gobierno Nacional,Informe Monetario Diario,Saldos,D,En millones de ARS,ML
1225,2010-12-15,39430.0,Adelantos transitorios del BCRA al Gobierno Nacional,Informe Monetario Diario,Saldos,D,En millones de ARS,ML
1225,2010-12-16,39430.0,Adelantos transitorios del BCRA al Gobierno Nacional,Informe Monetario Diario,Saldos,D,En millones de ARS,ML
1225,2010-12-17,39430.0,Adelantos transitorios del BCRA al Gobierno Nacional,Informe Monetario Diario,Saldos,D,En millones de ARS,ML
1225,2010-12-20,40180.0,Adelantos transitorios del BCRA al Gobierno Nacional,Informe Monetario Diario,Saldos,D,En millones de ARS,ML
1225,2010-12-21,40180.0,Adelantos transitorios del BCRA al Gobierno Nacional,Informe Monetario Diario,Saldos,D,En millones de ARS,ML
1225,2010-12-22,40180.0,Adelantos transitorios del BCRA al Gobierno Nacional,Informe Monetario Diario,Saldos,D,En millones de ARS,ML
1225,2010-12-23,40180.0,Adelantos transitorios del BCRA al Gobierno Nacional,Informe Monetario Diario,Saldos,D,En millones de ARS,ML
1225,2010-12-27,40180.0,Adelantos transitorios del BCRA al Gobierno Nacional,Informe Monetario Diario,Saldos,D,En millones de ARS,ML
1225,2010-12-28,40180.0,Adelantos transitorios del BCRA al Gobierno Nacional,Informe Monetario Diario,Saldos,D,En millones de ARS,ML
1225,2010-12-29,40180.0,Adelantos transitorios del BCRA al Gobierno Nacional,Informe Monetario Diario,Saldos,D,En millones de ARS,ML
1225,2010-12-30,46180.0,Adelantos transitorios del BCRA al Gobierno Nacional,Informe Monetario Diario,Saldos,D,En millones de ARS,ML
1225,2011-01-03,46180.0,Adelantos transitorios del BCRA al Gobierno Nacional,Informe Monetario Diario,Saldos,D,En millones de ARS,ML
1225,2011-01-04,46180.0,Adelantos transitorios del BCRA al Gobierno Nacional,Informe Monetario Diario,Saldos,D,En millones de ARS,ML
1225,2011-01-05,46180.0,Adelantos transitorios del BCRA al Gobierno Nacional,Informe Monetario Diario,Saldos,D,En millones de ARS,ML
1225,2011-01-06,46180.0,Adelantos transitorios del BCRA al Gobierno Nacional,Informe Monetario Diario,Saldos,D,En millones de ARS,ML
1225,2011-01-07,46180.0,Adelantos transitorios del BCRA al Gobierno Nacional,Informe Monetario Diario,Saldos,D,En millones de ARS,ML
1225,2011-01-10,46180.0,Adelantos transitorios del BCRA al Gobierno Nacional,Informe Monetario Diario,Saldos,D,En millones de ARS,ML
1225,2011-01-11,46180.0,Adelantos transitorios del BCRA al Gobierno Nacional,Informe Monetario Diario,Saldos,D,En millones de ARS,ML
1225,2011-01-12,46180.0,Adelantos transitorios del BCRA al Gobierno Nacional,Informe Monetario Diario,Saldos,D,En millones de ARS,ML
1225,2011-01-13,46180.0,Adelantos transitorios del BCRA al Gobierno Nacional,Informe Monetario Diario,Saldos,D,En millones de ARS,ML
1225,2011-01-14,46180.0,Adelantos transitorios del BCRA al Gobierno Nacional,Informe Monetario Diario,Saldos,D,En millones de ARS,ML
1225,2011-01-17,46180.0,Adelantos transitorios del BCRA al Gobierno Nacional,Informe Monetario Diario,Saldos,D,En millones de ARS,ML
1225,2011-01-18,46180.0,Adelantos transitorios del BCRA al Gobierno Nacional,Informe Monetario Diario,Saldos,D,En millones de ARS,ML
1225,2011-01-19,46180.0,Adelantos transitorios del BCRA al Gobierno Nacional,Informe Monetario Diario,Saldos,D,En millones de ARS,ML
1225,2011-01-20,46180.0,Adelantos transitorios del BCRA al Gobierno Nacional,Informe Monetario Diario,Saldos,D,En millones de ARS,ML
1225,2011-01-21,44380.0,Adelantos transitorios del BCRA al Gobierno Nacional,Informe Monetario Diario,Saldos,D,En millones de ARS,ML
1225,2011-01-24,44380.0,Adelantos transitorios del BCRA al Gobierno Nacional,Informe Monetario Diario,Saldos,D,En millones de ARS,ML
1225,2011-01-25,44380.0,Adelantos transitorios del BCRA al Gobierno Nacional,Informe Monetario Diario,Saldos,D,En millones de ARS,ML
1225,2011-01-26,44380.0,Adelantos transitorios del BCRA al Gobierno Nacional,Informe Monetario Diario,Saldos,D,En millones de ARS,ML
1225,2011-01-27,44380.0,Adelantos transitorios del BCRA al Gobierno Nacional,Informe Monetario Diario,Saldos,D,En millones de ARS,ML
1225,2011-01-28,44430.0,Adelantos transitorios del BCRA al Gobierno Nacional,Informe Monetario Diario,Saldos,D,En millones de ARS,ML
1225,2011-01-31,44430.0,Adelantos transitorios del BCRA al Gobierno Nacional,Informe Monetario Diario,Saldos,D,En millones de ARS,ML
1225,2011-02-01,44430.0,Adelantos transitorios del BCRA al Gobierno Nacional,Informe Monetario Diario,Saldos,D,En millones de ARS,ML
1225,2011-02-02,44430.0,Adelantos transitorios del BCRA al Gobierno Nacional,Informe Monetario Diario,Saldos,D,En millones de ARS,ML
1225,2011-02-03,44430.0,Adelantos transitorios del BCRA al Gobierno Nacional,Informe Monetario Diario,Saldos,D,En millones de ARS,ML
1225,2011-02-04,46180.0,Adelantos transitorios del BCRA al Gobierno Nacional,Informe Monetario Diario,Saldos,D,En millones de ARS,ML
1225,2011-02-07,46180.0,Adelantos transitorios del BCRA al Gobierno Nacional,Informe Monetario Diario,Saldos,D,En millones de ARS,ML
1225,2011-02-08,46180.0,Adelantos transitorios del BCRA al Gobierno Nacional,Informe Monetario Diario,Saldos,D,En millones de ARS,ML
1225,2011-02-09,46180.0,Adelantos transitorios del BCRA al Gobierno Nacional,Informe Monetario Diario,Saldos,D,En millones de ARS,ML
1225,2011-02-10,46180.0,Adelantos transitorios del BCRA al Gobierno Nacional,Informe Monetario Diario,Saldos,D,En millones de ARS,ML
1225,2011-02-11,46180.0,Adelantos transitorios del BCRA al Gobierno Nacional,Informe Monetario Diario,Saldos,D,En millones de ARS,ML
1225,2011-02-14,46180.0,Adelantos transitorios del BCRA al Gobierno Nacional,Informe Monetario Diario,Saldos,D,En millones de ARS,ML
1225,2011-02-15,46180.0,Adelantos transitorios del BCRA al Gobierno Nacional,Informe Monetario Diario,Saldos,D,En millones de ARS,ML
1225,2011-02-16,46180.0,Adelantos transitorios del BCRA al Gobierno Nacional,Informe Monetario Diario,Saldos,D,En millones de ARS,ML
1225,2011-02-17,46180.0,Adelantos transitorios del BCRA al Gobierno Nacional,Informe Monetario Diario,Saldos,D,En millones de ARS,ML
1225,2011-02-18,46180.0,Adelantos transitorios del BCRA al Gobierno Nacional,Informe Monetario Diario,Saldos,D,En millones de ARS,ML
1225,2011-02-21,46180.0,Adelantos transitorios del BCRA al Gobierno Nacional,Informe Monetario Diario,Saldos,D,En millones de ARS,ML
1225,2011-02-22,46180.0,Adelantos transitorios del BCRA al Gobierno Nacional,Informe Monetario Diario,Saldos,D,En millones de ARS,ML
1225,2011-02-23,46180.0,Adelantos transitorios del BCRA al Gobierno Nacional,Informe Monetario Diario,Saldos,D,En millones de ARS,ML
1225,2011-02-24,46180.0,Adelantos transitorios del BCRA al Gobierno Nacional,Informe Monetario Diario,Saldos,D,En millones de ARS,ML
1225,2011-02-25,44530.0,Adelantos transitorios del BCRA al Gobierno Nacional,Informe Monetario Diario,Saldos,D,En millones de ARS,ML
1225,2011-02-28,44530.0,Adelantos transitorios del BCRA al Gobierno Nacional,Informe Monetario Diario,Saldos,D,En millones de ARS,ML
1225,2011-03-01,44530.0,Adelantos transitorios del BCRA al Gobierno Nacional,Informe Monetario Diario,Saldos,D,En millones de ARS,ML
1225,2011-03-02,44530.0,Adelantos transitorios del BCRA al Gobierno Nacional,Informe Monetario Diario,Saldos,D,En millones de ARS,ML
1225,2011-03-03,44530.0,Adelantos transitorios del BCRA al Gobierno Nacional,Informe Monetario Diario,Saldos,D,En millones de ARS,ML
1225,2011-03-04,46230.0,Adelantos transitorios del BCRA al Gobierno Nacional,Informe Monetario Diario,Saldos,D,En millones de ARS,ML
1225,2011-03-09,46230.0,Adelantos transitorios del BCRA al Gobierno Nacional,Informe Monetario Diario,Saldos,D,En millones de ARS,ML
1225,2011-03-10,46230.0,Adelantos transitorios del BCRA al Gobierno Nacional,Informe Monetario Diario,Saldos,D,En millones de ARS,ML
1225,2011-03-11,44780.0,Adelantos transitorios del BCRA al Gobierno Nacional,Informe Monetario Diario,Saldos,D,En millones de ARS,ML
1225,2011-03-14,44780.0,Adelantos transitorios del BCRA al Gobierno Nacional,Informe Monetario Diario,Saldos,D,En millones de ARS,ML
1225,2011-03-15,44780.0,Adelantos transitorios del BCRA al Gobierno Nacional,Informe Monetario Diario,Saldos,D,En millones de ARS,ML
1225,2011-03-16,44780.0,Adelantos transitorios del BCRA al Gobierno Nacional,Informe Monetario Diario,Saldos,D,En millones de ARS,ML
1225,2011-03-17,44780.0,Adelantos transitorios del BCRA al Gobierno Nacional,Informe Monetario Diario,Saldos,D,En millones de ARS,ML
1225,2011-03-18,44530.0,Adelantos transitorios del BCRA al Gobierno Nacional,Informe Monetario Diario,Saldos,D,En millones de ARS,ML
1225,2011-03-21,44530.0,Adelantos transitorios del BCRA al Gobierno Nacional,Informe Monetario Diario,Saldos,D,En millones de ARS,ML
1225,2011-03-22,44530.0,Adelantos transitorios del BCRA al Gobierno Nacional,Informe Monetario Diario,Saldos,D,En millones de ARS,ML
1225,2011-03-23,44780.0,Adelantos transitorios del BCRA al Gobierno Nacional,Informe Monetario Diario,Saldos,D,En millones de ARS,ML
1225,2011-03-28,44780.0,Adelantos transitorios del BCRA al Gobierno Nacional,Informe Monetario Diario,Saldos,D,En millones de ARS,ML
1225,2011-03-29,44780.0,Adelantos transitorios del BCRA al Gobierno Nacional,Informe Monetario Diario,Saldos,D,En millones de ARS,ML
1225,2011-03-30,44780.0,Adelantos transitorios del BCRA al Gobierno Nacional,Informe Monetario Diario,Saldos,D,En millones de ARS,ML
1225,2011-03-31,44780.0,Adelantos transitorios del BCRA al Gobierno Nacional,Informe Monetario Diario,Saldos,D,En millones de ARS,ML
1225,2011-04-01,46180.0,Adelantos transitorios del BCRA al Gobierno Nacional,Informe Monetario Diario,Saldos,D,En millones de ARS,ML
1225,2011-04-04,46180.0,Adelantos transitorios del BCRA al Gobierno Nacional,Informe Monetario Diario,Saldos,D,En millones de ARS,ML
1225,2011-04-05,43580.0,Adelantos transitorios del BCRA al Gobierno Nacional,Informe Monetario Diario,Saldos,D,En millones de ARS,ML
1225,2011-04-06,43580.0,Adelantos transitorios del BCRA al Gobierno Nacional,Informe Monetario Diario,Saldos,D,En millones de ARS,ML
1225,2011-04-07,43580.0,Adelantos transitorios del BCRA al Gobierno Nacional,Informe Monetario Diario,Saldos,D,En millones de ARS,ML
1225,2011-04-08,43580.0,Adelantos transitorios del BCRA al Gobierno Nacional,Informe Monetario Diario,Saldos,D,En millones de ARS,ML
1225,2011-04-11,43580.0,Adelantos transitorios del BCRA al Gobierno Nacional,Informe Monetario Diario,Saldos,D,En millones de ARS,ML
1225,2011-04-12,43580.0,Adelantos transitorios del BCRA al Gobierno Nacional,Informe Monetario Diario,Saldos,D,En millones de ARS,ML
1225,2011-04-13,43580.0,Adelantos transitorios del BCRA al Gobierno Nacional,Informe Monetario Diario,Saldos,D,En millones de ARS,ML
1225,2011-04-14,46230.0,Adelantos transitorios del BCRA al Gobierno Nacional,Informe Monetario Diario,Saldos,D,En millones de ARS,ML
1225,2011-04-15,46230.0,Adelantos transitorios del BCRA al Gobierno Nacional,Informe Monetario Diario,Saldos,D,En millones de ARS,ML
1225,2011-04-18,46230.0,Adelantos transitorios del BCRA al Gobierno Nacional,Informe Monetario Diario,Saldos,D,En millones de ARS,ML
1225,2011-04-19,46230.0,Adelantos transitorios del BCRA al Gobierno Nacional,Informe Monetario Diario,Saldos,D,En millones de ARS,ML
1225,2011-04-20,43730.0,Adelantos transitorios del BCRA al Gobierno Nacional,Informe Monetario Diario,Saldos,D,En millones de ARS,ML
1225,2011-04-25,43730.0,Adelantos transitorios del BCRA al Gobierno Nacional,Informe Monetario Diario,Saldos,D,En millones de ARS,ML
1225,2011-04-26,43730.0,Adelantos transitorios del BCRA al Gobierno Nacional,Informe Monetario Diario,Saldos,D,En millones de ARS,ML
1225,2011-04-27,43730.0,Adelantos transitorios del BCRA al Gobierno Nacional,Informe Monetario Diario,Saldos,D,En millones de ARS,ML
1225,2011-04-28,43730.0,Adelantos transitorios del BCRA al Gobierno Nacional,Informe Monetario Diario,Saldos,D,En millones de ARS,ML
1225,2011-04-29,46180.0,Adelantos transitorios del BCRA al Gobierno Nacional,Informe Monetario Diario,Saldos,D,En millones de ARS,ML
1225,2011-05-02,46180.0,Adelantos transitorios del BCRA al Gobierno Nacional,Informe Monetario Diario,Saldos,D,En millones de ARS,ML
1225,2011-05-03,46180.0,Adelantos transitorios del BCRA al Gobierno Nacional,Informe Monetario Diario,Saldos,D,En millones de ARS,ML
1225,2011-05-04,46180.0,Adelantos transitorios del BCRA al Gobierno Nacional,Informe Monetario Diario,Saldos,D,En millones de ARS,ML
1225,2011-05-05,46180.0,Adelantos transitorios del BCRA al Gobierno Nacional,Informe Monetario Diario,Saldos,D,En millones de ARS,ML
1225,2011-05-06,43730.0,Adelantos transitorios del BCRA al Gobierno Nacional,Informe Monetario Diario,Saldos,D,En millones de ARS,ML
1225,2011-05-09,43730.0,Adelantos transitorios del BCRA al Gobierno Nacional,Informe Monetario Diario,Saldos,D,En millones de ARS,ML
1225,2011-05-10,43730.0,Adelantos transitorios del BCRA al Gobierno Nacional,Informe Monetario Diario,Saldos,D,En millones de ARS,ML
1225,2011-05-11,43730.0,Adelantos transitorios del BCRA al Gobierno Nacional,Informe Monetario Diario,Saldos,D,En millones de ARS,ML
1225,2011-05-12,43730.0,Adelantos transitorios del BCRA al Gobierno Nacional,Informe Monetario Diario,Saldos,D,En millones de ARS,ML
1225,2011-05-13,46230.0,Adelantos transitorios del BCRA al Gobierno Nacional,Informe Monetario Diario,Saldos,D,En millones de ARS,ML
1225,2011-05-16,46230.0,Adelantos transitorios del BCRA al Gobierno Nacional,Informe Monetario Diario,Saldos,D,En millones de ARS,ML
1225,2011-05-17,46230.0,Adelantos transitorios del BCRA al Gobierno Nacional,Informe Monetario Diario,Saldos,D,En millones de ARS,ML
1225,2011-05-18,46230.0,Adelantos transitorios del BCRA al Gobierno Nacional,Informe Monetario Diario,Saldos,D,En millones de ARS,ML
1225,2011-05-19,46230.0,Adelantos transitorios del BCRA al Gobierno Nacional,Informe Monetario Diario,Saldos,D,En millones de ARS,ML
1225,2011-05-20,46230.0,Adelantos transitorios del BCRA al Gobierno Nacional,Informe Monetario Diario,Saldos,D,En millones de ARS,ML
1225,2011-05-23,46230.0,Adelantos transitorios del BCRA al Gobierno Nacional,Informe Monetario Diario,Saldos,D,En millones de ARS,ML
1225,2011-05-24,46230.0,Adelantos transitorios del BCRA al Gobierno Nacional,Informe Monetario Diario,Saldos,D,En millones de ARS,ML
1225,2011-05-26,46230.0,Adelantos transitorios del BCRA al Gobierno Nacional,Informe Monetario Diario,Saldos,D,En millones de ARS,ML
1225,2011-05-27,46230.0,Adelantos transitorios del BCRA al Gobierno Nacional,Informe Monetario Diario,Saldos,D,En millones de ARS,ML
1225,2011-05-30,46230.0,Adelantos transitorios del BCRA al Gobierno Nacional,Informe Monetario Diario,Saldos,D,En millones de ARS,ML
1225,2011-05-31,46230.0,Adelantos transitorios del BCRA al Gobierno Nacional,Informe Monetario Diario,Saldos,D,En millones de ARS,ML
1225,2011-06-01,46230.0,Adelantos transitorios del BCRA al Gobierno Nacional,Informe Monetario Diario,Saldos,D,En millones de ARS,ML
1225,2011-06-02,46230.0,Adelantos transitorios del BCRA al Gobierno Nacional,Informe Monetario Diario,Saldos,D,En millones de ARS,ML
1225,2011-06-03,46230.0,Adelantos transitorios del BCRA al Gobierno Nacional,Informe Monetario Diario,Saldos,D,En millones de ARS,ML
1225,2011-06-06,46230.0,Adelantos transitorios del BCRA al Gobierno Nacional,Informe Monetario Diario,Saldos,D,En millones de ARS,ML
1225,2011-06-07,46230.0,Adelantos transitorios del BCRA al Gobierno Nacional,Informe Monetario Diario,Saldos,D,En millones de ARS,ML
1225,2011-06-08,46230.0,Adelantos transitorios del BCRA al Gobierno Nacional,Informe Monetario Diario,Saldos,D,En millones de ARS,ML
1225,2011-06-09,46230.0,Adelantos transitorios del BCRA al Gobierno Nacional,Informe Monetario Diario,Saldos,D,En millones de ARS,ML
1225,2011-06-10,43780.0,Adelantos transitorios del BCRA al Gobierno Nacional,Informe Monetario Diario,Saldos,D,En millones de ARS,ML
1225,2011-06-13,43780.0,Adelantos transitorios del BCRA al Gobierno Nacional,Informe Monetario Diario,Saldos,D,En millones de ARS,ML
1225,2011-06-14,43780.0,Adelantos transitorios del BCRA al Gobierno Nacional,Informe Monetario Diario,Saldos,D,En millones de ARS,ML
1225,2011-06-15,43780.0,Adelantos transitorios del BCRA al Gobierno Nacional,Informe Monetario Diario,Saldos,D,En millones de ARS,ML
1225,2011-06-16,43780.0,Adelantos transitorios del BCRA al Gobierno Nacional,Informe Monetario Diario,Saldos,D,En millones de ARS,ML
1225,2011-06-17,46180.0,Adelantos transitorios del BCRA al Gobierno Nacional,Informe Monetario Diario,Saldos,D,En millones de ARS,ML
1225,2011-06-21,46180.0,Adelantos transitorios del BCRA al Gobierno Nacional,Informe Monetario Diario,Saldos,D,En millones de ARS,ML
1225,2011-06-22,46180.0,Adelantos transitorios del BCRA al Gobierno Nacional,Informe Monetario Diario,Saldos,D,En millones de ARS,ML
1225,2011-06-23,46180.0,Adelantos transitorios del BCRA al Gobierno Nacional,Informe Monetario Diario,Saldos,D,En millones de ARS,ML
1225,2011-06-24,46180.0,Adelantos transitorios del BCRA al Gobierno Nacional,Informe Monetario Diario,Saldos,D,En millones de ARS,ML
1225,2011-06-27,46180.0,Adelantos transitorios del BCRA al Gobierno Nacional,Informe Monetario Diario,Saldos,D,En millones de ARS,ML
1225,2011-06-28,46180.0,Adelantos transitorios del BCRA al Gobierno Nacional,Informe Monetario Diario,Saldos,D,En millones de ARS,ML
1225,2011-06-29,46180.0,Adelantos transitorios del BCRA al Gobierno Nacional,Informe Monetario Diario,Saldos,D,En millones de ARS,ML
1225,2011-06-30,46180.0,Adelantos transitorios del BCRA al Gobierno Nacional,Informe Monetario Diario,Saldos,D,En millones de ARS,ML
1225,2011-07-01,46180.0,Adelantos transitorios del BCRA al Gobierno Nacional,Informe Monetario Diario,Saldos,D,En millones de ARS,ML
1225,2011-07-04,46180.0,Adelantos transitorios del BCRA al Gobierno Nacional,Informe Monetario Diario,Saldos,D,En millones de ARS,ML
1225,2011-07-05,46180.0,Adelantos transitorios del BCRA al Gobierno Nacional,Informe Monetario Diario,Saldos,D,En millones de ARS,ML
1225,2011-07-06,46180.0,Adelantos transitorios del BCRA al Gobierno Nacional,Informe Monetario Diario,Saldos,D,En millones de ARS,ML
1225,2011-07-07,46180.0,Adelantos transitorios del BCRA al Gobierno Nacional,Informe Monetario Diario,Saldos,D,En millones de ARS,ML
1225,2011-07-08,46180.0,Adelantos transitorios del BCRA al Gobierno Nacional,Informe Monetario Diario,Saldos,D,En millones de ARS,ML
1225,2011-07-11,46180.0,Adelantos transitorios del BCRA al Gobierno Nacional,Informe Monetario Diario,Saldos,D,En millones de ARS,ML
1225,2011-07-12,46180.0,Adelantos transitorios del BCRA al Gobierno Nacional,Informe Monetario Diario,Saldos,D,En millones de ARS,ML
1225,2011-07-13,46180.0,Adelantos transitorios del BCRA al Gobierno Nacional,Informe Monetario Diario,Saldos,D,En millones de ARS,ML
1225,2011-07-14,46180.0,Adelantos transitorios del BCRA al Gobierno Nacional,Informe Monetario Diario,Saldos,D,En millones de ARS,ML
1225,2011-07-15,46180.0,Adelantos transitorios del BCRA al Gobierno Nacional,Informe Monetario Diario,Saldos,D,En millones de ARS,ML
1225,2011-07-18,46180.0,Adelantos transitorios del BCRA al Gobierno Nacional,Informe Monetario Diario,Saldos,D,En millones de ARS,ML
1225,2011-07-19,46180.0,Adelantos transitorios del BCRA al Gobierno Nacional,Informe Monetario Diario,Saldos,D,En millones de ARS,ML
1225,2011-07-20,46180.0,Adelantos transitorios del BCRA al Gobierno Nacional,Informe Monetario Diario,Saldos,D,En millones de ARS,ML
1225,2011-07-21,46180.0,Adelantos transitorios del BCRA al Gobierno Nacional,Informe Monetario Diario,Saldos,D,En millones de ARS,ML
1225,2011-07-22,44230.0,Adelantos transitorios del BCRA al Gobierno Nacional,Informe Monetario Diario,Saldos,D,En millones de ARS,ML
1225,2011-07-25,44230.0,Adelantos transitorios del BCRA al Gobierno Nacional,Informe Monetario Diario,Saldos,D,En millones de ARS,ML
1225,2011-07-26,44230.0,Adelantos transitorios del BCRA al Gobierno Nacional,Informe Monetario Diario,Saldos,D,En millones de ARS,ML
1225,2011-07-27,44230.0,Adelantos transitorios del BCRA al Gobierno Nacional,Informe Monetario Diario,Saldos,D,En millones de ARS,ML
1225,2011-07-28,44230.0,Adelantos transitorios del BCRA al Gobierno Nacional,Informe Monetario Diario,Saldos,D,En millones de ARS,ML
1225,2011-07-29,46230.0,Adelantos transitorios del BCRA al Gobierno Nacional,Informe Monetario Diario,Saldos,D,En millones de ARS,ML
1225,2011-08-01,46230.0,Adelantos transitorios del BCRA al Gobierno Nacional,Informe Monetario Diario,Saldos,D,En millones de ARS,ML
1225,2011-08-02,46230.0,Adelantos transitorios del BCRA al Gobierno Nacional,Informe Monetario Diario,Saldos,D,En millones de ARS,ML
1225,2011-08-03,46230.0,Adelantos transitorios del BCRA al Gobierno Nacional,Informe Monetario Diario,Saldos,D,En millones de ARS,ML
1225,2011-08-04,46230.0,Adelantos transitorios del BCRA al Gobierno Nacional,Informe Monetario Diario,Saldos,D,En millones de ARS,ML
1225,2011-08-05,46230.0,Adelantos transitorios del BCRA al Gobierno Nacional,Informe Monetario Diario,Saldos,D,En millones de ARS,ML
1225,2011-08-08,46230.0,Adelantos transitorios del BCRA al Gobierno Nacional,Informe Monetario Diario,Saldos,D,En millones de ARS,ML
1225,2011-08-09,46230.0,Adelantos transitorios del BCRA al Gobierno Nacional,Informe Monetario Diario,Saldos,D,En millones de ARS,ML
1225,2011-08-10,46230.0,Adelantos transitorios del BCRA al Gobierno Nacional,Informe Monetario Diario,Saldos,D,En millones de ARS,ML
1225,2011-08-11,46230.0,Adelantos transitorios del BCRA al Gobierno Nacional,Informe Monetario Diario,Saldos,D,En millones de ARS,ML
1225,2011-08-12,46230.0,Adelantos transitorios del BCRA al Gobierno Nacional,Informe Monetario Diario,Saldos,D,En millones de ARS,ML
1225,2011-08-15,46230.0,Adelantos transitorios del BCRA al Gobierno Nacional,Informe Monetario Diario,Saldos,D,En millones de ARS,ML
1225,2011-08-16,46230.0,Adelantos transitorios del BCRA al Gobierno Nacional,Informe Monetario Diario,Saldos,D,En millones de ARS,ML
1225,2011-08-17,46230.0,Adelantos transitorios del BCRA al Gobierno Nacional,Informe Monetario Diario,Saldos,D,En millones de ARS,ML
1225,2011-08-18,46230.0,Adelantos transitorios del BCRA al Gobierno Nacional,Informe Monetario Diario,Saldos,D,En millones de ARS,ML
1225,2011-08-19,46230.0,Adelantos transitorios del BCRA al Gobierno Nacional,Informe Monetario Diario,Saldos,D,En millones de ARS,ML
1225,2011-08-23,46230.0,Adelantos transitorios del BCRA al Gobierno Nacional,Informe Monetario Diario,Saldos,D,En millones de ARS,ML
1225,2011-08-24,46230.0,Adelantos transitorios del BCRA al Gobierno Nacional,Informe Monetario Diario,Saldos,D,En millones de ARS,ML
1225,2011-08-25,46230.0,Adelantos transitorios del BCRA al Gobierno Nacional,Informe Monetario Diario,Saldos,D,En millones de ARS,ML
1225,2011-08-26,46230.0,Adelantos transitorios del BCRA al Gobierno Nacional,Informe Monetario Diario,Saldos,D,En millones de ARS,ML
1225,2011-08-29,46230.0,Adelantos transitorios del BCRA al Gobierno Nacional,Informe Monetario Diario,Saldos,D,En millones de ARS,ML
1225,2011-08-30,46230.0,Adelantos transitorios del BCRA al Gobierno Nacional,Informe Monetario Diario,Saldos,D,En millones de ARS,ML
1225,2011-08-31,46230.0,Adelantos transitorios del BCRA al Gobierno Nacional,Informe Monetario Diario,Saldos,D,En millones de ARS,ML
1225,2011-09-01,46230.0,Adelantos transitorios del BCRA al Gobierno Nacional,Informe Monetario Diario,Saldos,D,En millones de ARS,ML
1225,2011-09-02,46230.0,Adelantos transitorios del BCRA al Gobierno Nacional,Informe Monetario Diario,Saldos,D,En millones de ARS,ML
1225,2011-09-05,46230.0,Adelantos transitorios del BCRA al Gobierno Nacional,Informe Monetario Diario,Saldos,D,En millones de ARS,ML
1225,2011-09-06,46230.0,Adelantos transitorios del BCRA al Gobierno Nacional,Informe Monetario Diario,Saldos,D,En millones de ARS,ML
1225,2011-09-07,46230.0,Adelantos transitorios del BCRA al Gobierno Nacional,Informe Monetario Diario,Saldos,D,En millones de ARS,ML
1225,2011-09-08,46230.0,Adelantos transitorios del BCRA al Gobierno Nacional,Informe Monetario Diario,Saldos,D,En millones de ARS,ML
1225,2011-09-09,46230.0,Adelantos transitorios del BCRA al Gobierno Nacional,Informe Monetario Diario,Saldos,D,En millones de ARS,ML
1225,2011-09-12,46230.0,Adelantos transitorios del BCRA al Gobierno Nacional,Informe Monetario Diario,Saldos,D,En millones de ARS,ML
1225,2011-09-13,46230.0,Adelantos transitorios del BCRA al Gobierno Nacional,Informe Monetario Diario,Saldos,D,En millones de ARS,ML
1225,2011-09-14,46230.0,Adelantos transitorios del BCRA al Gobierno Nacional,Informe Monetario Diario,Saldos,D,En millones de ARS,ML
1225,2011-09-15,46230.0,Adelantos transitorios del BCRA al Gobierno Nacional,Informe Monetario Diario,Saldos,D,En millones de ARS,ML
1225,2011-09-16,46230.0,Adelantos transitorios del BCRA al Gobierno Nacional,Informe Monetario Diario,Saldos,D,En millones de ARS,ML
1225,2011-09-19,46230.0,Adelantos transitorios del BCRA al Gobierno Nacional,Informe Monetario Diario,Saldos,D,En millones de ARS,ML
1225,2011-09-20,46230.0,Adelantos transitorios del BCRA al Gobierno Nacional,Informe Monetario Diario,Saldos,D,En millones de ARS,ML
1225,2011-09-21,46230.0,Adelantos transitorios del BCRA al Gobierno Nacional,Informe Monetario Diario,Saldos,D,En millones de ARS,ML
1225,2011-09-22,46230.0,Adelantos transitorios del BCRA al Gobierno Nacional,Informe Monetario Diario,Saldos,D,En millones de ARS,ML
1225,2011-09-23,46230.0,Adelantos transitorios del BCRA al Gobierno Nacional,Informe Monetario Diario,Saldos,D,En millones de ARS,ML
1225,2011-09-26,46230.0,Adelantos transitorios del BCRA al Gobierno Nacional,Informe Monetario Diario,Saldos,D,En millones de ARS,ML
1225,2011-09-27,46230.0,Adelantos transitorios del BCRA al Gobierno Nacional,Informe Monetario Diario,Saldos,D,En millones de ARS,ML
1225,2011-09-28,46230.0,Adelantos transitorios del BCRA al Gobierno Nacional,Informe Monetario Diario,Saldos,D,En millones de ARS,ML
1225,2011-09-29,50230.0,Adelantos transitorios del BCRA al Gobierno Nacional,Informe Monetario Diario,Saldos,D,En millones de ARS,ML
1225,2011-09-30,50230.0,Adelantos transitorios del BCRA al Gobierno Nacional,Informe Monetario Diario,Saldos,D,En millones de ARS,ML
1225,2011-10-03,50230.0,Adelantos transitorios del BCRA al Gobierno Nacional,Informe Monetario Diario,Saldos,D,En millones de ARS,ML
1225,2011-10-04,50230.0,Adelantos transitorios del BCRA al Gobierno Nacional,Informe Monetario Diario,Saldos,D,En millones de ARS,ML
1225,2011-10-05,50230.0,Adelantos transitorios del BCRA al Gobierno Nacional,Informe Monetario Diario,Saldos,D,En millones de ARS,ML
1225,2011-10-06,50230.0,Adelantos transitorios del BCRA al Gobierno Nacional,Informe Monetario Diario,Saldos,D,En millones de ARS,ML
1225,2011-10-07,50580.0,Adelantos transitorios del BCRA al Gobierno Nacional,Informe Monetario Diario,Saldos,D,En millones de ARS,ML
1225,2011-10-11,50580.0,Adelantos transitorios del BCRA al Gobierno Nacional,Informe Monetario Diario,Saldos,D,En millones de ARS,ML
1225,2011-10-12,50580.0,Adelantos transitorios del BCRA al Gobierno Nacional,Informe Monetario Diario,Saldos,D,En millones de ARS,ML
1225,2011-10-13,50580.0,Adelantos transitorios del BCRA al Gobierno Nacional,Informe Monetario Diario,Saldos,D,En millones de ARS,ML
1225,2011-10-14,51180.0,Adelantos transitorios del BCRA al Gobierno Nacional,Informe Monetario Diario,Saldos,D,En millones de ARS,ML
1225,2011-10-17,51180.0,Adelantos transitorios del BCRA al Gobierno Nacional,Informe Monetario Diario,Saldos,D,En millones de ARS,ML
1225,2011-10-18,51180.0,Adelantos transitorios del BCRA al Gobierno Nacional,Informe Monetario Diario,Saldos,D,En millones de ARS,ML
1225,2011-10-19,51180.0,Adelantos transitorios del BCRA al Gobierno Nacional,Informe Monetario Diario,Saldos,D,En millones de ARS,ML
1225,2011-10-20,51180.0,Adelantos transitorios del BCRA al Gobierno Nacional,Informe Monetario Diario,Saldos,D,En millones de ARS,ML
1225,2011-10-21,49200.0,Adelantos transitorios del BCRA al Gobierno Nacional,Informe Monetario Diario,Saldos,D,En millones de ARS,ML
1225,2011-10-24,49200.0,Adelantos transitorios del BCRA al Gobierno Nacional,Informe Monetario Diario,Saldos,D,En millones de ARS,ML
1225,2011-10-25,49200.0,Adelantos transitorios del BCRA al Gobierno Nacional,Informe Monetario Diario,Saldos,D,En millones de ARS,ML
1225,2011-10-26,49200.0,Adelantos transitorios del BCRA al Gobierno Nacional,Informe Monetario Diario,Saldos,D,En millones de ARS,ML
1225,2011-10-27,49200.0,Adelantos transitorios del BCRA al Gobierno Nacional,Informe Monetario Diario,Saldos,D,En millones de ARS,ML
1225,2011-10-28,51180.0,Adelantos transitorios del BCRA al Gobierno Nacional,Informe Monetario Diario,Saldos,D,En millones de ARS,ML
1225,2011-10-31,51180.0,Adelantos transitorios del BCRA al Gobierno Nacional,Informe Monetario Diario,Saldos,D,En millones de ARS,ML
1225,2011-11-01,53180.0,Adelantos transitorios del BCRA al Gobierno Nacional,Informe Monetario Diario,Saldos,D,En millones de ARS,ML
1225,2011-11-02,53180.0,Adelantos transitorios del BCRA al Gobierno Nacional,Informe Monetario Diario,Saldos,D,En millones de ARS,ML
1225,2011-11-03,53180.0,Adelantos transitorios del BCRA al Gobierno Nacional,Informe Monetario Diario,Saldos,D,En millones de ARS,ML
1225,2011-11-04,53180.0,Adelantos transitorios del BCRA al Gobierno Nacional,Informe Monetario Diario,Saldos,D,En millones de ARS,ML
1225,2011-11-07,53180.0,Adelantos transitorios del BCRA al Gobierno Nacional,Informe Monetario Diario,Saldos,D,En millones de ARS,ML
1225,2011-11-08,53180.0,Adelantos transitorios del BCRA al Gobierno Nacional,Informe Monetario Diario,Saldos,D,En millones de ARS,ML
1225,2011-11-09,53180.0,Adelantos transitorios del BCRA al Gobierno Nacional,Informe Monetario Diario,Saldos,D,En millones de ARS,ML
1225,2011-11-10,53180.0,Adelantos transitorios del BCRA al Gobierno Nacional,Informe Monetario Diario,Saldos,D,En millones de ARS,ML
1225,2011-11-11,53180.0,Adelantos transitorios del BCRA al Gobierno Nacional,Informe Monetario Diario,Saldos,D,En millones de ARS,ML
1225,2011-11-14,50430.0,Adelantos transitorios del BCRA al Gobierno Nacional,Informe Monetario Diario,Saldos,D,En millones de ARS,ML
1225,2011-11-15,50430.0,Adelantos transitorios del BCRA al Gobierno Nacional,Informe Monetario Diario,Saldos,D,En millones de ARS,ML
1225,2011-11-16,50430.0,Adelantos transitorios del BCRA al Gobierno Nacional,Informe Monetario Diario,Saldos,D,En millones de ARS,ML
1225,2011-11-17,50430.0,Adelantos transitorios del BCRA al Gobierno Nacional,Informe Monetario Diario,Saldos,D,En millones de ARS,ML
1225,2011-11-18,51530.0,Adelantos transitorios del BCRA al Gobierno Nacional,Informe Monetario Diario,Saldos,D,En millones de ARS,ML
1225,2011-11-21,51530.0,Adelantos transitorios del BCRA al Gobierno Nacional,Informe Monetario Diario,Saldos,D,En millones de ARS,ML
1225,2011-11-22,51530.0,Adelantos transitorios del BCRA al Gobierno Nacional,Informe Monetario Diario,Saldos,D,En millones de ARS,ML
1225,2011-11-23,51530.0,Adelantos transitorios del BCRA al Gobierno Nacional,Informe Monetario Diario,Saldos,D,En millones de ARS,ML
1225,2011-11-24,51380.0,Adelantos transitorios del BCRA al Gobierno Nacional,Informe Monetario Diario,Saldos,D,En millones de ARS,ML
1225,2011-11-25,51380.0,Adelantos transitorios del BCRA al Gobierno Nacional,Informe Monetario Diario,Saldos,D,En millones de ARS,ML
1225,2011-11-29,51380.0,Adelantos transitorios del BCRA al Gobierno Nacional,Informe Monetario Diario,Saldos,D,En millones de ARS,ML
1225,2011-11-30,53230.0,Adelantos transitorios del BCRA al Gobierno Nacional,Informe Monetario Diario,Saldos,D,En millones de ARS,ML
1225,2011-12-01,53230.0,Adelantos transitorios del BCRA al Gobierno Nacional,Informe Monetario Diario,Saldos,D,En millones de ARS,ML
1225,2011-12-02,53230.0,Adelantos transitorios del BCRA al Gobierno Nacional,Informe Monetario Diario,Saldos,D,En millones de ARS,ML
1225,2011-12-05,53230.0,Adelantos transitorios del BCRA al Gobierno Nacional,Informe Monetario Diario,Saldos,D,En millones de ARS,ML
1225,2011-12-06,53230.0,Adelantos transitorios del BCRA al Gobierno Nacional,Informe Monetario Diario,Saldos,D,En millones de ARS,ML
1225,2011-12-07,56780.0,Adelantos transitorios del BCRA al Gobierno Nacional,Informe Monetario Diario,Saldos,D,En millones de ARS,ML
1225,2011-12-12,53230.0,Adelantos transitorios del BCRA al Gobierno Nacional,Informe Monetario Diario,Saldos,D,En millones de ARS,ML
1225,2011-12-13,53230.0,Adelantos transitorios del BCRA al Gobierno Nacional,Informe Monetario Diario,Saldos,D,En millones de ARS,ML
1225,2011-12-14,53230.0,Adelantos transitorios del BCRA al Gobierno Nacional,Informe Monetario Diario,Saldos,D,En millones de ARS,ML
1225,2011-12-15,60130.0,Adelantos transitorios del BCRA al Gobierno Nacional,Informe Monetario Diario,Saldos,D,En millones de ARS,ML
1225,2011-12-16,66130.0,Adelantos transitorios del BCRA al Gobierno Nacional,Informe Monetario Diario,Saldos,D,En millones de ARS,ML
1225,2011-12-19,60130.0,Adelantos transitorios del BCRA al Gobierno Nacional,Informe Monetario Diario,Saldos,D,En millones de ARS,ML
1225,2011-12-20,60130.0,Adelantos transitorios del BCRA al Gobierno Nacional,Informe Monetario Diario,Saldos,D,En millones de ARS,ML
1225,2011-12-21,60130.0,Adelantos transitorios del BCRA al Gobierno Nacional,Informe Monetario Diario,Saldos,D,En millones de ARS,ML
1225,2011-12-22,60130.0,Adelantos transitorios del BCRA al Gobierno Nacional,Informe Monetario Diario,Saldos,D,En millones de ARS,ML
1225,2011-12-23,60130.0,Adelantos transitorios del BCRA al Gobierno Nacional,Informe Monetario Diario,Saldos,D,En millones de ARS,ML
1225,2011-12-27,60130.0,Adelantos transitorios del BCRA al Gobierno Nacional,Informe Monetario Diario,Saldos,D,En millones de ARS,ML
1225,2011-12-28,67130.0,Adelantos transitorios del BCRA al Gobierno Nacional,Informe Monetario Diario,Saldos,D,En millones de ARS,ML
1225,2011-12-29,67130.0,Adelantos transitorios del BCRA al Gobierno Nacional,Informe Monetario Diario,Saldos,D,En millones de ARS,ML
1225,2011-12-30,67130.0,Adelantos transitorios del BCRA al Gobierno Nacional,Informe Monetario Diario,Saldos,D,En millones de ARS,ML
1225,2012-01-03,67130.0,Adelantos transitorios del BCRA al Gobierno Nacional,Informe Monetario Diario,Saldos,D,En millones de ARS,ML
1225,2012-01-04,67130.0,Adelantos transitorios del BCRA al Gobierno Nacional,Informe Monetario Diario,Saldos,D,En millones de ARS,ML
1225,2012-01-05,67130.0,Adelantos transitorios del BCRA al Gobierno Nacional,Informe Monetario Diario,Saldos,D,En millones de ARS,ML
1225,2012-01-06,67130.0,Adelantos transitorios del BCRA al Gobierno Nacional,Informe Monetario Diario,Saldos,D,En millones de ARS,ML
1225,2012-01-09,67130.0,Adelantos transitorios del BCRA al Gobierno Nacional,Informe Monetario Diario,Saldos,D,En millones de ARS,ML
1225,2012-01-10,67130.0,Adelantos transitorios del BCRA al Gobierno Nacional,Informe Monetario Diario,Saldos,D,En millones de ARS,ML
1225,2012-01-11,67130.0,Adelantos transitorios del BCRA al Gobierno Nacional,Informe Monetario Diario,Saldos,D,En millones de ARS,ML
1225,2012-01-12,67130.0,Adelantos transitorios del BCRA al Gobierno Nacional,Informe Monetario Diario,Saldos,D,En millones de ARS,ML
1225,2012-01-13,67130.0,Adelantos transitorios del BCRA al Gobierno Nacional,Informe Monetario Diario,Saldos,D,En millones de ARS,ML
1225,2012-01-16,67130.0,Adelantos transitorios del BCRA al Gobierno Nacional,Informe Monetario Diario,Saldos,D,En millones de ARS,ML
1225,2012-01-17,67130.0,Adelantos transitorios del BCRA al Gobierno Nacional,Informe Monetario Diario,Saldos,D,En millones de ARS,ML
1225,2012-01-18,67130.0,Adelantos transitorios del BCRA al Gobierno Nacional,Informe Monetario Diario,Saldos,D,En millones de ARS,ML
1225,2012-01-19,67130.0,Adelantos transitorios del BCRA al Gobierno Nacional,Informe Monetario Diario,Saldos,D,En millones de ARS,ML
1225,2012-01-20,67130.0,Adelantos transitorios del BCRA al Gobierno Nacional,Informe Monetario Diario,Saldos,D,En millones de ARS,ML
1225,2012-01-23,65280.0,Adelantos transitorios del BCRA al Gobierno Nacional,Informe Monetario Diario,Saldos,D,En millones de ARS,ML
1225,2012-01-24,65280.0,Adelantos transitorios del BCRA al Gobierno Nacional,Informe Monetario Diario,Saldos,D,En millones de ARS,ML
1225,2012-01-25,65280.0,Adelantos transitorios del BCRA al Gobierno Nacional,Informe Monetario Diario,Saldos,D,En millones de ARS,ML
1225,2012-01-26,65280.0,Adelantos transitorios del BCRA al Gobierno Nacional,Informe Monetario Diario,Saldos,D,En millones de ARS,ML
1225,2012-01-27,67080.0,Adelantos transitorios del BCRA al Gobierno Nacional,Informe Monetario Diario,Saldos,D,En millones de ARS,ML
1225,2012-01-30,67080.0,Adelantos transitorios del BCRA al Gobierno Nacional,Informe Monetario Diario,Saldos,D,En millones de ARS,ML
1225,2012-01-31,67080.0,Adelantos transitorios del BCRA al Gobierno Nacional,Informe Monetario Diario,Saldos,D,En millones de ARS,ML
1225,2012-02-01,67080.0,Adelantos transitorios del BCRA al Gobierno Nacional,Informe Monetario Diario,Saldos,D,En millones de ARS,ML
1225,2012-02-02,67080.0,Adelantos transitorios del BCRA al Gobierno Nacional,Informe Monetario Diario,Saldos,D,En millones de ARS,ML
1225,2012-02-03,65330.0,Adelantos transitorios del BCRA al Gobierno Nacional,Informe Monetario Diario,Saldos,D,En millones de ARS,ML
1225,2012-02-06,65330.0,Adelantos transitorios del BCRA al Gobierno Nacional,Informe Monetario Diario,Saldos,D,En millones de ARS,ML
1225,2012-02-07,65330.0,Adelantos transitorios del BCRA al Gobierno Nacional,Informe Monetario Diario,Saldos,D,En millones de ARS,ML
1225,2012-02-08,65330.0,Adelantos transitorios del BCRA al Gobierno Nacional,Informe Monetario Diario,Saldos,D,En millones de ARS,ML
1225,2012-02-09,65330.0,Adelantos transitorios del BCRA al Gobierno Nacional,Informe Monetario Diario,Saldos,D,En millones de ARS,ML
1225,2012-02-10,67130.0,Adelantos transitorios del BCRA al Gobierno Nacional,Informe Monetario Diario,Saldos,D,En millones de ARS,ML
1225,2012-02-13,67130.0,Adelantos transitorios del BCRA al Gobierno Nacional,Informe Monetario Diario,Saldos,D,En millones de ARS,ML
1225,2012-02-14,67130.0,Adelantos transitorios del BCRA al Gobierno Nacional,Informe Monetario Diario,Saldos,D,En millones de ARS,ML
1225,2012-02-15,68130.0,Adelantos transitorios del BCRA al Gobierno Nacional,Informe Monetario Diario,Saldos,D,En millones de ARS,ML
1225,2012-02-16,68130.0,Adelantos transitorios del BCRA al Gobierno Nacional,Informe Monetario Diario,Saldos,D,En millones de ARS,ML
1225,2012-02-17,66430.0,Adelantos transitorios del BCRA al Gobierno Nacional,Informe Monetario Diario,Saldos,D,En millones de ARS,ML
1225,2012-02-22,66430.0,Adelantos transitorios del BCRA al Gobierno Nacional,Informe Monetario Diario,Saldos,D,En millones de ARS,ML
1225,2012-02-23,66430.0,Adelantos transitorios del BCRA al Gobierno Nacional,Informe Monetario Diario,Saldos,D,En millones de ARS,ML
1225,2012-02-24,68780.0,Adelantos transitorios del BCRA al Gobierno Nacional,Informe Monetario Diario,Saldos,D,En millones de ARS,ML
1225,2012-02-28,68780.0,Adelantos transitorios del BCRA al Gobierno Nacional,Informe Monetario Diario,Saldos,D,En millones de ARS,ML
1225,2012-02-29,68780.0,Adelantos transitorios del BCRA al Gobierno Nacional,Informe Monetario Diario,Saldos,D,En millones de ARS,ML
1225,2012-03-01,68780.0,Adelantos transitorios del BCRA al Gobierno Nacional,Informe Monetario Diario,Saldos,D,En millones de ARS,ML
1225,2012-03-02,68780.0,Adelantos transitorios del BCRA al Gobierno Nacional,Informe Monetario Diario,Saldos,D,En millones de ARS,ML
1225,2012-03-05,68780.0,Adelantos transitorios del BCRA al Gobierno Nacional,Informe Monetario Diario,Saldos,D,En millones de ARS,ML
1225,2012-03-06,68780.0,Adelantos transitorios del BCRA al Gobierno Nacional,Informe Monetario Diario,Saldos,D,En millones de ARS,ML
1225,2012-03-07,68780.0,Adelantos transitorios del BCRA al Gobierno Nacional,Informe Monetario Diario,Saldos,D,En millones de ARS,ML
1225,2012-03-08,68780.0,Adelantos transitorios del BCRA al Gobierno Nacional,Informe Monetario Diario,Saldos,D,En millones de ARS,ML
1225,2012-03-09,68780.0,Adelantos transitorios del BCRA al Gobierno Nacional,Informe Monetario Diario,Saldos,D,En millones de ARS,ML
1225,2012-03-12,68780.0,Adelantos transitorios del BCRA al Gobierno Nacional,Informe Monetario Diario,Saldos,D,En millones de ARS,ML
1225,2012-03-13,68780.0,Adelantos transitorios del BCRA al Gobierno Nacional,Informe Monetario Diario,Saldos,D,En millones de ARS,ML
1225,2012-03-14,68780.0,Adelantos transitorios del BCRA al Gobierno Nacional,Informe Monetario Diario,Saldos,D,En millones de ARS,ML
1225,2012-03-15,68780.0,Adelantos transitorios del BCRA al Gobierno Nacional,Informe Monetario Diario,Saldos,D,En millones de ARS,ML
1225,2012-03-16,67380.0,Adelantos transitorios del BCRA al Gobierno Nacional,Informe Monetario Diario,Saldos,D,En millones de ARS,ML
1225,2012-03-19,67380.0,Adelantos transitorios del BCRA al Gobierno Nacional,Informe Monetario Diario,Saldos,D,En millones de ARS,ML
1225,2012-03-20,67380.0,Adelantos transitorios del BCRA al Gobierno Nacional,Informe Monetario Diario,Saldos,D,En millones de ARS,ML
1225,2012-03-21,67380.0,Adelantos transitorios del BCRA al Gobierno Nacional,Informe Monetario Diario,Saldos,D,En millones de ARS,ML
1225,2012-03-22,68780.0,Adelantos transitorios del BCRA al Gobierno Nacional,Informe Monetario Diario,Saldos,D,En millones de ARS,ML
1225,2012-03-23,65680.0,Adelantos transitorios del BCRA al Gobierno Nacional,Informe Monetario Diario,Saldos,D,En millones de ARS,ML
1225,2012-03-26,65680.0,Adelantos transitorios del BCRA al Gobierno Nacional,Informe Monetario Diario,Saldos,D,En millones de ARS,ML
1225,2012-03-27,65680.0,Adelantos transitorios del BCRA al Gobierno Nacional,Informe Monetario Diario,Saldos,D,En millones de ARS,ML
1225,2012-03-28,65680.0,Adelantos transitorios del BCRA al Gobierno Nacional,Informe Monetario Diario,Saldos,D,En millones de ARS,ML
1225,2012-03-29,70580.0,Adelantos transitorios del BCRA al Gobierno Nacional,Informe Monetario Diario,Saldos,D,En millones de ARS,ML
1225,2012-03-30,70580.0,Adelantos transitorios del BCRA al Gobierno Nacional,Informe Monetario Diario,Saldos,D,En millones de ARS,ML
1225,2012-04-03,70580.0,Adelantos transitorios del BCRA al Gobierno Nacional,Informe Monetario Diario,Saldos,D,En millones de ARS,ML
1225,2012-04-04,70580.0,Adelantos transitorios del BCRA al Gobierno Nacional,Informe Monetario Diario,Saldos,D,En millones de ARS,ML
1225,2012-04-09,67930.0,Adelantos transitorios del BCRA al Gobierno Nacional,Informe Monetario Diario,Saldos,D,En millones de ARS,ML
1225,2012-04-10,67930.0,Adelantos transitorios del BCRA al Gobierno Nacional,Informe Monetario Diario,Saldos,D,En millones de ARS,ML
1225,2012-04-11,67930.0,Adelantos transitorios del BCRA al Gobierno Nacional,Informe Monetario Diario,Saldos,D,En millones de ARS,ML
1225,2012-04-12,70630.0,Adelantos transitorios del BCRA al Gobierno Nacional,Informe Monetario Diario,Saldos,D,En millones de ARS,ML
1225,2012-04-13,70630.0,Adelantos transitorios del BCRA al Gobierno Nacional,Informe Monetario Diario,Saldos,D,En millones de ARS,ML
1225,2012-04-16,70630.0,Adelantos transitorios del BCRA al Gobierno Nacional,Informe Monetario Diario,Saldos,D,En millones de ARS,ML
1225,2012-04-17,70630.0,Adelantos transitorios del BCRA al Gobierno Nacional,Informe Monetario Diario,Saldos,D,En millones de ARS,ML
1225,2012-04-18,70630.0,Adelantos transitorios del BCRA al Gobierno Nacional,Informe Monetario Diario,Saldos,D,En millones de ARS,ML
1225,2012-04-19,71430.0,Adelantos transitorios del BCRA al Gobierno Nacional,Informe Monetario Diario,Saldos,D,En millones de ARS,ML
1225,2012-04-20,68980.0,Adelantos transitorios del BCRA al Gobierno Nacional,Informe Monetario Diario,Saldos,D,En millones de ARS,ML
1225,2012-04-23,68980.0,Adelantos transitorios del BCRA al Gobierno Nacional,Informe Monetario Diario,Saldos,D,En millones de ARS,ML
1225,2012-04-24,68980.0,Adelantos transitorios del BCRA al Gobierno Nacional,Informe Monetario Diario,Saldos,D,En millones de ARS,ML
1225,2012-04-25,68980.0,Adelantos transitorios del BCRA al Gobierno Nacional,Informe Monetario Diario,Saldos,D,En millones de ARS,ML
1225,2012-04-26,72480.0,Adelantos transitorios del BCRA al Gobierno Nacional,Informe Monetario Diario,Saldos,D,En millones de ARS,ML
1225,2012-04-27,72480.0,Adelantos transitorios del BCRA al Gobierno Nacional,Informe Monetario Diario,Saldos,D,En millones de ARS,ML
1225,2012-05-02,72480.0,Adelantos transitorios del BCRA al Gobierno Nacional,Informe Monetario Diario,Saldos,D,En millones de ARS,ML
1225,2012-05-03,72480.0,Adelantos transitorios del BCRA al Gobierno Nacional,Informe Monetario Diario,Saldos,D,En millones de ARS,ML
1225,2012-05-04,72480.0,Adelantos transitorios del BCRA al Gobierno Nacional,Informe Monetario Diario,Saldos,D,En millones de ARS,ML
1225,2012-05-07,72480.0,Adelantos transitorios del BCRA al Gobierno Nacional,Informe Monetario Diario,Saldos,D,En millones de ARS,ML
1225,2012-05-08,72480.0,Adelantos transitorios del BCRA al Gobierno Nacional,Informe Monetario Diario,Saldos,D,En millones de ARS,ML
1225,2012-05-09,72480.0,Adelantos transitorios del BCRA al Gobierno Nacional,Informe Monetario Diario,Saldos,D,En millones de ARS,ML
1225,2012-05-10,72480.0,Adelantos transitorios del BCRA al Gobierno Nacional,Informe Monetario Diario,Saldos,D,En millones de ARS,ML
1225,2012-05-11,69980.0,Adelantos transitorios del BCRA al Gobierno Nacional,Informe Monetario Diario,Saldos,D,En millones de ARS,ML
1225,2012-05-14,69980.0,Adelantos transitorios del BCRA al Gobierno Nacional,Informe Monetario Diario,Saldos,D,En millones de ARS,ML
1225,2012-05-15,69980.0,Adelantos transitorios del BCRA al Gobierno Nacional,Informe Monetario Diario,Saldos,D,En millones de ARS,ML
1225,2012-05-16,69980.0,Adelantos transitorios del BCRA al Gobierno Nacional,Informe Monetario Diario,Saldos,D,En millones de ARS,ML
1225,2012-05-17,72430.0,Adelantos transitorios del BCRA al Gobierno Nacional,Informe Monetario Diario,Saldos,D,En millones de ARS,ML
1225,2012-05-18,72430.0,Adelantos transitorios del BCRA al Gobierno Nacional,Informe Monetario Diario,Saldos,D,En millones de ARS,ML
1225,2012-05-21,72430.0,Adelantos transitorios del BCRA al Gobierno Nacional,Informe Monetario Diario,Saldos,D,En millones de ARS,ML
1225,2012-05-22,72430.0,Adelantos transitorios del BCRA al Gobierno Nacional,Informe Monetario Diario,Saldos,D,En millones de ARS,ML
1225,2012-05-23,72430.0,Adelantos transitorios del BCRA al Gobierno Nacional,Informe Monetario Diario,Saldos,D,En millones de ARS,ML
1225,2012-05-24,72430.0,Adelantos transitorios del BCRA al Gobierno Nacional,Informe Monetario Diario,Saldos,D,En millones de ARS,ML
1225,2012-05-28,72430.0,Adelantos transitorios del BCRA al Gobierno Nacional,Informe Monetario Diario,Saldos,D,En millones de ARS,ML
1225,2012-05-29,72430.0,Adelantos transitorios del BCRA al Gobierno Nacional,Informe Monetario Diario,Saldos,D,En millones de ARS,ML
1225,2012-05-30,72430.0,Adelantos transitorios del BCRA al Gobierno Nacional,Informe Monetario Diario,Saldos,D,En millones de ARS,ML
1225,2012-05-31,73930.0,Adelantos transitorios del BCRA al Gobierno Nacional,Informe Monetario Diario,Saldos,D,En millones de ARS,ML
1225,2012-06-01,73930.0,Adelantos transitorios del BCRA al Gobierno Nacional,Informe Monetario Diario,Saldos,D,En millones de ARS,ML
1225,2012-06-04,73930.0,Adelantos transitorios del BCRA al Gobierno Nacional,Informe Monetario Diario,Saldos,D,En millones de ARS,ML
1225,2012-06-05,73930.0,Adelantos transitorios del BCRA al Gobierno Nacional,Informe Monetario Diario,Saldos,D,En millones de ARS,ML
1225,2012-06-06,73930.0,Adelantos transitorios del BCRA al Gobierno Nacional,Informe Monetario Diario,Saldos,D,En millones de ARS,ML
1225,2012-06-07,73930.0,Adelantos transitorios del BCRA al Gobierno Nacional,Informe Monetario Diario,Saldos,D,En millones de ARS,ML
1225,2012-06-08,73930.0,Adelantos transitorios del BCRA al Gobierno Nacional,Informe Monetario Diario,Saldos,D,En millones de ARS,ML
1225,2012-06-11,73930.0,Adelantos transitorios del BCRA al Gobierno Nacional,Informe Monetario Diario,Saldos,D,En millones de ARS,ML
1225,2012-06-12,73930.0,Adelantos transitorios del BCRA al Gobierno Nacional,Informe Monetario Diario,Saldos,D,En millones de ARS,ML
1225,2012-06-13,73930.0,Adelantos transitorios del BCRA al Gobierno Nacional,Informe Monetario Diario,Saldos,D,En millones de ARS,ML
1225,2012-06-14,73930.0,Adelantos transitorios del BCRA al Gobierno Nacional,Informe Monetario Diario,Saldos,D,En millones de ARS,ML
1225,2012-06-15,71530.0,Adelantos transitorios del BCRA al Gobierno Nacional,Informe Monetario Diario,Saldos,D,En millones de ARS,ML
1225,2012-06-18,71530.0,Adelantos transitorios del BCRA al Gobierno Nacional,Informe Monetario Diario,Saldos,D,En millones de ARS,ML
1225,2012-06-19,71530.0,Adelantos transitorios del BCRA al Gobierno Nacional,Informe Monetario Diario,Saldos,D,En millones de ARS,ML
1225,2012-06-21,71530.0,Adelantos transitorios del BCRA al Gobierno Nacional,Informe Monetario Diario,Saldos,D,En millones de ARS,ML
1225,2012-06-22,73980.0,Adelantos transitorios del BCRA al Gobierno Nacional,Informe Monetario Diario,Saldos,D,En millones de ARS,ML
1225,2012-06-25,73980.0,Adelantos transitorios del BCRA al Gobierno Nacional,Informe Monetario Diario,Saldos,D,En millones de ARS,ML
1225,2012-06-26,73980.0,Adelantos transitorios del BCRA al Gobierno Nacional,Informe Monetario Diario,Saldos,D,En millones de ARS,ML
1225,2012-06-27,73980.0,Adelantos transitorios del BCRA al Gobierno Nacional,Informe Monetario Diario,Saldos,D,En millones de ARS,ML
1225,2012-06-28,75480.0,Adelantos transitorios del BCRA al Gobierno Nacional,Informe Monetario Diario,Saldos,D,En millones de ARS,ML
1225,2012-06-29,75480.0,Adelantos transitorios del BCRA al Gobierno Nacional,Informe Monetario Diario,Saldos,D,En millones de ARS,ML
1225,2012-07-02,75480.0,Adelantos transitorios del BCRA al Gobierno Nacional,Informe Monetario Diario,Saldos,D,En millones de ARS,ML
1225,2012-07-03,75480.0,Adelantos transitorios del BCRA al Gobierno Nacional,Informe Monetario Diario,Saldos,D,En millones de ARS,ML
1225,2012-07-04,75480.0,Adelantos transitorios del BCRA al Gobierno Nacional,Informe Monetario Diario,Saldos,D,En millones de ARS,ML
1225,2012-07-05,81480.0,Adelantos transitorios del BCRA al Gobierno Nacional,Informe Monetario Diario,Saldos,D,En millones de ARS,ML
1225,2012-07-06,81480.0,Adelantos transitorios del BCRA al Gobierno Nacional,Informe Monetario Diario,Saldos,D,En millones de ARS,ML
1225,2012-07-10,81480.0,Adelantos transitorios del BCRA al Gobierno Nacional,Informe Monetario Diario,Saldos,D,En millones de ARS,ML
1225,2012-07-11,81480.0,Adelantos transitorios del BCRA al Gobierno Nacional,Informe Monetario Diario,Saldos,D,En millones de ARS,ML
1225,2012-07-12,81480.0,Adelantos transitorios del BCRA al Gobierno Nacional,Informe Monetario Diario,Saldos,D,En millones de ARS,ML
1225,2012-07-13,81480.0,Adelantos transitorios del BCRA al Gobierno Nacional,Informe Monetario Diario,Saldos,D,En millones de ARS,ML
1225,2012-07-16,81480.0,Adelantos transitorios del BCRA al Gobierno Nacional,Informe Monetario Diario,Saldos,D,En millones de ARS,ML
1225,2012-07-17,81480.0,Adelantos transitorios del BCRA al Gobierno Nacional,Informe Monetario Diario,Saldos,D,En millones de ARS,ML
1225,2012-07-18,81480.0,Adelantos transitorios del BCRA al Gobierno Nacional,Informe Monetario Diario,Saldos,D,En millones de ARS,ML
1225,2012-07-19,81480.0,Adelantos transitorios del BCRA al Gobierno Nacional,Informe Monetario Diario,Saldos,D,En millones de ARS,ML
1225,2012-07-20,81480.0,Adelantos transitorios del BCRA al Gobierno Nacional,Informe Monetario Diario,Saldos,D,En millones de ARS,ML
1225,2012-07-23,79480.0,Adelantos transitorios del BCRA al Gobierno Nacional,Informe Monetario Diario,Saldos,D,En millones de ARS,ML
1225,2012-07-24,79480.0,Adelantos transitorios del BCRA al Gobierno Nacional,Informe Monetario Diario,Saldos,D,En millones de ARS,ML
1225,2012-07-25,79480.0,Adelantos transitorios del BCRA al Gobierno Nacional,Informe Monetario Diario,Saldos,D,En millones de ARS,ML
1225,2012-07-26,84530.0,Adelantos transitorios del BCRA al Gobierno Nacional,Informe Monetario Diario,Saldos,D,En millones de ARS,ML
1225,2012-07-27,84530.0,Adelantos transitorios del BCRA al Gobierno Nacional,Informe Monetario Diario,Saldos,D,En millones de ARS,ML
1225,2012-07-30,84530.0,Adelantos transitorios del BCRA al Gobierno Nacional,Informe Monetario Diario,Saldos,D,En millones de ARS,ML
1225,2012-07-31,84530.0,Adelantos transitorios del BCRA al Gobierno Nacional,Informe Monetario Diario,Saldos,D,En millones de ARS,ML
1225,2012-08-01,84530.0,Adelantos transitorios del BCRA al Gobierno Nacional,Informe Monetario Diario,Saldos,D,En millones de ARS,ML
1225,2012-08-02,84530.0,Adelantos transitorios del BCRA al Gobierno Nacional,Informe Monetario Diario,Saldos,D,En millones de ARS,ML
1225,2012-08-03,84530.0,Adelantos transitorios del BCRA al Gobierno Nacional,Informe Monetario Diario,Saldos,D,En millones de ARS,ML
1225,2012-08-06,84530.0,Adelantos transitorios del BCRA al Gobierno Nacional,Informe Monetario Diario,Saldos,D,En millones de ARS,ML
1225,2012-08-07,84530.0,Adelantos transitorios del BCRA al Gobierno Nacional,Informe Monetario Diario,Saldos,D,En millones de ARS,ML
1225,2012-08-08,84530.0,Adelantos transitorios del BCRA al Gobierno Nacional,Informe Monetario Diario,Saldos,D,En millones de ARS,ML
1225,2012-08-09,84530.0,Adelantos transitorios del BCRA al Gobierno Nacional,Informe Monetario Diario,Saldos,D,En millones de ARS,ML
1225,2012-08-10,84530.0,Adelantos transitorios del BCRA al Gobierno Nacional,Informe Monetario Diario,Saldos,D,En millones de ARS,ML
1225,2012-08-13,84530.0,Adelantos transitorios del BCRA al Gobierno Nacional,Informe Monetario Diario,Saldos,D,En millones de ARS,ML
1225,2012-08-14,84530.0,Adelantos transitorios del BCRA al Gobierno Nacional,Informe Monetario Diario,Saldos,D,En millones de ARS,ML
1225,2012-08-15,84530.0,Adelantos transitorios del BCRA al Gobierno Nacional,Informe Monetario Diario,Saldos,D,En millones de ARS,ML
1225,2012-08-16,84530.0,Adelantos transitorios del BCRA al Gobierno Nacional,Informe Monetario Diario,Saldos,D,En millones de ARS,ML
1225,2012-08-17,84530.0,Adelantos transitorios del BCRA al Gobierno Nacional,Informe Monetario Diario,Saldos,D,En millones de ARS,ML
1225,2012-08-21,84530.0,Adelantos transitorios del BCRA al Gobierno Nacional,Informe Monetario Diario,Saldos,D,En millones de ARS,ML
1225,2012-08-22,84530.0,Adelantos transitorios del BCRA al Gobierno Nacional,Informe Monetario Diario,Saldos,D,En millones de ARS,ML
1225,2012-08-23,90230.0,Adelantos transitorios del BCRA al Gobierno Nacional,Informe Monetario Diario,Saldos,D,En millones de ARS,ML
1225,2012-08-24,90230.0,Adelantos transitorios del BCRA al Gobierno Nacional,Informe Monetario Diario,Saldos,D,En millones de ARS,ML
1225,2012-08-27,90230.0,Adelantos transitorios del BCRA al Gobierno Nacional,Informe Monetario Diario,Saldos,D,En millones de ARS,ML
1225,2012-08-28,90230.0,Adelantos transitorios del BCRA al Gobierno Nacional,Informe Monetario Diario,Saldos,D,En millones de ARS,ML
1225,2012-08-29,90230.0,Adelantos transitorios del BCRA al Gobierno Nacional,Informe Monetario Diario,Saldos,D,En millones de ARS,ML
1225,2012-08-30,90230.0,Adelantos transitorios del BCRA al Gobierno Nacional,Informe Monetario Diario,Saldos,D,En millones de ARS,ML
1225,2012-08-31,90230.0,Adelantos transitorios del BCRA al Gobierno Nacional,Informe Monetario Diario,Saldos,D,En millones de ARS,ML
1225,2012-09-03,90230.0,Adelantos transitorios del BCRA al Gobierno Nacional,Informe Monetario Diario,Saldos,D,En millones de ARS,ML
1225,2012-09-04,90230.0,Adelantos transitorios del BCRA al Gobierno Nacional,Informe Monetario Diario,Saldos,D,En millones de ARS,ML
1225,2012-09-05,90230.0,Adelantos transitorios del BCRA al Gobierno Nacional,Informe Monetario Diario,Saldos,D,En millones de ARS,ML
1225,2012-09-06,90230.0,Adelantos transitorios del BCRA al Gobierno Nacional,Informe Monetario Diario,Saldos,D,En millones de ARS,ML
1225,2012-09-07,90230.0,Adelantos transitorios del BCRA al Gobierno Nacional,Informe Monetario Diario,Saldos,D,En millones de ARS,ML
1225,2012-09-10,90230.0,Adelantos transitorios del BCRA al Gobierno Nacional,Informe Monetario Diario,Saldos,D,En millones de ARS,ML
1225,2012-09-11,90230.0,Adelantos transitorios del BCRA al Gobierno Nacional,Informe Monetario Diario,Saldos,D,En millones de ARS,ML
1225,2012-09-12,90230.0,Adelantos transitorios del BCRA al Gobierno Nacional,Informe Monetario Diario,Saldos,D,En millones de ARS,ML
1225,2012-09-13,90230.0,Adelantos transitorios del BCRA al Gobierno Nacional,Informe Monetario Diario,Saldos,D,En millones de ARS,ML
1225,2012-09-14,90230.0,Adelantos transitorios del BCRA al Gobierno Nacional,Informe Monetario Diario,Saldos,D,En millones de ARS,ML
1225,2012-09-17,90230.0,Adelantos transitorios del BCRA al Gobierno Nacional,Informe Monetario Diario,Saldos,D,En millones de ARS,ML
1225,2012-09-18,90230.0,Adelantos transitorios del BCRA al Gobierno Nacional,Informe Monetario Diario,Saldos,D,En millones de ARS,ML
1225,2012-09-19,90230.0,Adelantos transitorios del BCRA al Gobierno Nacional,Informe Monetario Diario,Saldos,D,En millones de ARS,ML
1225,2012-09-20,90230.0,Adelantos transitorios del BCRA al Gobierno Nacional,Informe Monetario Diario,Saldos,D,En millones de ARS,ML
1225,2012-09-21,86230.0,Adelantos transitorios del BCRA al Gobierno Nacional,Informe Monetario Diario,Saldos,D,En millones de ARS,ML
1225,2012-09-25,86230.0,Adelantos transitorios del BCRA al Gobierno Nacional,Informe Monetario Diario,Saldos,D,En millones de ARS,ML
1225,2012-09-26,86230.0,Adelantos transitorios del BCRA al Gobierno Nacional,Informe Monetario Diario,Saldos,D,En millones de ARS,ML
1225,2012-09-27,90230.0,Adelantos transitorios del BCRA al Gobierno Nacional,Informe Monetario Diario,Saldos,D,En millones de ARS,ML
1225,2012-09-28,90230.0,Adelantos transitorios del BCRA al Gobierno Nacional,Informe Monetario Diario,Saldos,D,En millones de ARS,ML
1225,2012-10-01,90230.0,Adelantos transitorios del BCRA al Gobierno Nacional,Informe Monetario Diario,Saldos,D,En millones de ARS,ML
1225,2012-10-02,90230.0,Adelantos transitorios del BCRA al Gobierno Nacional,Informe Monetario Diario,Saldos,D,En millones de ARS,ML
1225,2012-10-03,90230.0,Adelantos transitorios del BCRA al Gobierno Nacional,Informe Monetario Diario,Saldos,D,En millones de ARS,ML
1225,2012-10-04,90230.0,Adelantos transitorios del BCRA al Gobierno Nacional,Informe Monetario Diario,Saldos,D,En millones de ARS,ML
1225,2012-10-05,89230.0,Adelantos transitorios del BCRA al Gobierno Nacional,Informe Monetario Diario,Saldos,D,En millones de ARS,ML
1225,2012-10-09,89230.0,Adelantos transitorios del BCRA al Gobierno Nacional,Informe Monetario Diario,Saldos,D,En millones de ARS,ML
1225,2012-10-10,89230.0,Adelantos transitorios del BCRA al Gobierno Nacional,Informe Monetario Diario,Saldos,D,En millones de ARS,ML
1225,2012-10-11,89630.0,Adelantos transitorios del BCRA al Gobierno Nacional,Informe Monetario Diario,Saldos,D,En millones de ARS,ML
1225,2012-10-12,89630.0,Adelantos transitorios del BCRA al Gobierno Nacional,Informe Monetario Diario,Saldos,D,En millones de ARS,ML
1225,2012-10-15,90230.0,Adelantos transitorios del BCRA al Gobierno Nacional,Informe Monetario Diario,Saldos,D,En millones de ARS,ML
1225,2012-10-16,90230.0,Adelantos transitorios del BCRA al Gobierno Nacional,Informe Monetario Diario,Saldos,D,En millones de ARS,ML
1225,2012-10-17,90230.0,Adelantos transitorios del BCRA al Gobierno Nacional,Informe Monetario Diario,Saldos,D,En millones de ARS,ML
1225,2012-10-18,90230.0,Adelantos transitorios del BCRA al Gobierno Nacional,Informe Monetario Diario,Saldos,D,En millones de ARS,ML
1225,2012-10-19,90230.0,Adelantos transitorios del BCRA al Gobierno Nacional,Informe Monetario Diario,Saldos,D,En millones de ARS,ML
1225,2012-10-22,86250.0,Adelantos transitorios del BCRA al Gobierno Nacional,Informe Monetario Diario,Saldos,D,En millones de ARS,ML
1225,2012-10-23,86250.0,Adelantos transitorios del BCRA al Gobierno Nacional,Informe Monetario Diario,Saldos,D,En millones de ARS,ML
1225,2012-10-24,86250.0,Adelantos transitorios del BCRA al Gobierno Nacional,Informe Monetario Diario,Saldos,D,En millones de ARS,ML
1225,2012-10-25,92230.0,Adelantos transitorios del BCRA al Gobierno Nacional,Informe Monetario Diario,Saldos,D,En millones de ARS,ML
1225,2012-10-26,92230.0,Adelantos transitorios del BCRA al Gobierno Nacional,Informe Monetario Diario,Saldos,D,En millones de ARS,ML
1225,2012-10-29,92230.0,Adelantos transitorios del BCRA al Gobierno Nacional,Informe Monetario Diario,Saldos,D,En millones de ARS,ML
1225,2012-10-30,92230.0,Adelantos transitorios del BCRA al Gobierno Nacional,Informe Monetario Diario,Saldos,D,En millones de ARS,ML
1225,2012-10-31,92230.0,Adelantos transitorios del BCRA al Gobierno Nacional,Informe Monetario Diario,Saldos,D,En millones de ARS,ML
1225,2012-11-01,92230.0,Adelantos transitorios del BCRA al Gobierno Nacional,Informe Monetario Diario,Saldos,D,En millones de ARS,ML
1225,2012-11-02,92230.0,Adelantos transitorios del BCRA al Gobierno Nacional,Informe Monetario Diario,Saldos,D,En millones de ARS,ML
1225,2012-11-05,92230.0,Adelantos transitorios del BCRA al Gobierno Nacional,Informe Monetario Diario,Saldos,D,En millones de ARS,ML
1225,2012-11-07,92230.0,Adelantos transitorios del BCRA al Gobierno Nacional,Informe Monetario Diario,Saldos,D,En millones de ARS,ML
1225,2012-11-08,93230.0,Adelantos transitorios del BCRA al Gobierno Nacional,Informe Monetario Diario,Saldos,D,En millones de ARS,ML
1225,2012-11-09,93230.0,Adelantos transitorios del BCRA al Gobierno Nacional,Informe Monetario Diario,Saldos,D,En millones de ARS,ML
1225,2012-11-12,90430.0,Adelantos transitorios del BCRA al Gobierno Nacional,Informe Monetario Diario,Saldos,D,En millones de ARS,ML
1225,2012-11-13,90430.0,Adelantos transitorios del BCRA al Gobierno Nacional,Informe Monetario Diario,Saldos,D,En millones de ARS,ML
1225,2012-11-14,90430.0,Adelantos transitorios del BCRA al Gobierno Nacional,Informe Monetario Diario,Saldos,D,En millones de ARS,ML
1225,2012-11-15,93280.0,Adelantos transitorios del BCRA al Gobierno Nacional,Informe Monetario Diario,Saldos,D,En millones de ARS,ML
1225,2012-11-16,93280.0,Adelantos transitorios del BCRA al Gobierno Nacional,Informe Monetario Diario,Saldos,D,En millones de ARS,ML
1225,2012-11-19,93280.0,Adelantos transitorios del BCRA al Gobierno Nacional,Informe Monetario Diario,Saldos,D,En millones de ARS,ML
1225,2012-11-20,91630.0,Adelantos transitorios del BCRA al Gobierno Nacional,Informe Monetario Diario,Saldos,D,En millones de ARS,ML
1225,2012-11-21,91630.0,Adelantos transitorios del BCRA al Gobierno Nacional,Informe Monetario Diario,Saldos,D,En millones de ARS,ML
1225,2012-11-22,93230.0,Adelantos transitorios del BCRA al Gobierno Nacional,Informe Monetario Diario,Saldos,D,En millones de ARS,ML
1225,2012-11-23,101380.0,Adelantos transitorios del BCRA al Gobierno Nacional,Informe Monetario Diario,Saldos,D,En millones de ARS,ML
1225,2012-11-27,101380.0,Adelantos transitorios del BCRA al Gobierno Nacional,Informe Monetario Diario,Saldos,D,En millones de ARS,ML
1225,2012-11-28,101380.0,Adelantos transitorios del BCRA al Gobierno Nacional,Informe Monetario Diario,Saldos,D,En millones de ARS,ML
1225,2012-11-29,103280.0,Adelantos transitorios del BCRA al Gobierno Nacional,Informe Monetario Diario,Saldos,D,En millones de ARS,ML
1225,2012-11-30,103280.0,Adelantos transitorios del BCRA al Gobierno Nacional,Informe Monetario Diario,Saldos,D,En millones de ARS,ML
1225,2012-12-03,103280.0,Adelantos transitorios del BCRA al Gobierno Nacional,Informe Monetario Diario,Saldos,D,En millones de ARS,ML
1225,2012-12-04,103280.0,Adelantos transitorios del BCRA al Gobierno Nacional,Informe Monetario Diario,Saldos,D,En millones de ARS,ML
1225,2012-12-05,103280.0,Adelantos transitorios del BCRA al Gobierno Nacional,Informe Monetario Diario,Saldos,D,En millones de ARS,ML
1225,2012-12-06,103230.0,Adelantos transitorios del BCRA al Gobierno Nacional,Informe Monetario Diario,Saldos,D,En millones de ARS,ML
1225,2012-12-07,103230.0,Adelantos transitorios del BCRA al Gobierno Nacional,Informe Monetario Diario,Saldos,D,En millones de ARS,ML
1225,2012-12-10,103230.0,Adelantos transitorios del BCRA al Gobierno Nacional,Informe Monetario Diario,Saldos,D,En millones de ARS,ML
1225,2012-12-11,103230.0,Adelantos transitorios del BCRA al Gobierno Nacional,Informe Monetario Diario,Saldos,D,En millones de ARS,ML
1225,2012-12-12,103230.0,Adelantos transitorios del BCRA al Gobierno Nacional,Informe Monetario Diario,Saldos,D,En millones de ARS,ML
1225,2012-12-13,112780.0,Adelantos transitorios del BCRA al Gobierno Nacional,Informe Monetario Diario,Saldos,D,En millones de ARS,ML
1225,2012-12-14,112780.0,Adelantos transitorios del BCRA al Gobierno Nacional,Informe Monetario Diario,Saldos,D,En millones de ARS,ML
1225,2012-12-17,112780.0,Adelantos transitorios del BCRA al Gobierno Nacional,Informe Monetario Diario,Saldos,D,En millones de ARS,ML
1225,2012-12-18,112780.0,Adelantos transitorios del BCRA al Gobierno Nacional,Informe Monetario Diario,Saldos,D,En millones de ARS,ML
1225,2012-12-19,112780.0,Adelantos transitorios del BCRA al Gobierno Nacional,Informe Monetario Diario,Saldos,D,En millones de ARS,ML
1225,2012-12-20,122730.0,Adelantos transitorios del BCRA al Gobierno Nacional,Informe Monetario Diario,Saldos,D,En millones de ARS,ML
1225,2012-12-21,122730.0,Adelantos transitorios del BCRA al Gobierno Nacional,Informe Monetario Diario,Saldos,D,En millones de ARS,ML
1225,2012-12-26,127730.0,Adelantos transitorios del BCRA al Gobierno Nacional,Informe Monetario Diario,Saldos,D,En millones de ARS,ML
1225,2012-12-27,127730.0,Adelantos transitorios del BCRA al Gobierno Nacional,Informe Monetario Diario,Saldos,D,En millones de ARS,ML
1225,2012-12-28,127730.0,Adelantos transitorios del BCRA al Gobierno Nacional,Informe Monetario Diario,Saldos,D,En millones de ARS,ML
1225,2012-12-31,127730.0,Adelantos transitorios del BCRA al Gobierno Nacional,Informe Monetario Diario,Saldos,D,En millones de ARS,ML
1225,2013-01-02,127730.0,Adelantos transitorios del BCRA al Gobierno Nacional,Informe Monetario Diario,Saldos,D,En millones de ARS,ML
1225,2013-01-03,127730.0,Adelantos transitorios del BCRA al Gobierno Nacional,Informe Monetario Diario,Saldos,D,En millones de ARS,ML
1225,2013-01-04,127730.0,Adelantos transitorios del BCRA al Gobierno Nacional,Informe Monetario Diario,Saldos,D,En millones de ARS,ML
1225,2013-01-07,127730.0,Adelantos transitorios del BCRA al Gobierno Nacional,Informe Monetario Diario,Saldos,D,En millones de ARS,ML
1225,2013-01-08,127730.0,Adelantos transitorios del BCRA al Gobierno Nacional,Informe Monetario Diario,Saldos,D,En millones de ARS,ML
1225,2013-01-09,127730.0,Adelantos transitorios del BCRA al Gobierno Nacional,Informe Monetario Diario,Saldos,D,En millones de ARS,ML
1225,2013-01-10,127730.0,Adelantos transitorios del BCRA al Gobierno Nacional,Informe Monetario Diario,Saldos,D,En millones de ARS,ML
1225,2013-01-11,127730.0,Adelantos transitorios del BCRA al Gobierno Nacional,Informe Monetario Diario,Saldos,D,En millones de ARS,ML
1225,2013-01-14,127730.0,Adelantos transitorios del BCRA al Gobierno Nacional,Informe Monetario Diario,Saldos,D,En millones de ARS,ML
1225,2013-01-15,127730.0,Adelantos transitorios del BCRA al Gobierno Nacional,Informe Monetario Diario,Saldos,D,En millones de ARS,ML
1225,2013-01-16,127730.0,Adelantos transitorios del BCRA al Gobierno Nacional,Informe Monetario Diario,Saldos,D,En millones de ARS,ML
1225,2013-01-17,127730.0,Adelantos transitorios del BCRA al Gobierno Nacional,Informe Monetario Diario,Saldos,D,En millones de ARS,ML
1225,2013-01-18,127730.0,Adelantos transitorios del BCRA al Gobierno Nacional,Informe Monetario Diario,Saldos,D,En millones de ARS,ML
1225,2013-01-21,127730.0,Adelantos transitorios del BCRA al Gobierno Nacional,Informe Monetario Diario,Saldos,D,En millones de ARS,ML
1225,2013-01-22,127730.0,Adelantos transitorios del BCRA al Gobierno Nacional,Informe Monetario Diario,Saldos,D,En millones de ARS,ML
1225,2013-01-23,127730.0,Adelantos transitorios del BCRA al Gobierno Nacional,Informe Monetario Diario,Saldos,D,En millones de ARS,ML
1225,2013-01-24,127730.0,Adelantos transitorios del BCRA al Gobierno Nacional,Informe Monetario Diario,Saldos,D,En millones de ARS,ML
1225,2013-01-25,125930.0,Adelantos transitorios del BCRA al Gobierno Nacional,Informe Monetario Diario,Saldos,D,En millones de ARS,ML
1225,2013-01-28,125930.0,Adelantos transitorios del BCRA al Gobierno Nacional,Informe Monetario Diario,Saldos,D,En millones de ARS,ML
1225,2013-01-29,125930.0,Adelantos transitorios del BCRA al Gobierno Nacional,Informe Monetario Diario,Saldos,D,En millones de ARS,ML
1225,2013-01-30,127780.0,Adelantos transitorios del BCRA al Gobierno Nacional,Informe Monetario Diario,Saldos,D,En millones de ARS,ML
1225,2013-02-01,127780.0,Adelantos transitorios del BCRA al Gobierno Nacional,Informe Monetario Diario,Saldos,D,En millones de ARS,ML
1225,2013-02-04,127780.0,Adelantos transitorios del BCRA al Gobierno Nacional,Informe Monetario Diario,Saldos,D,En millones de ARS,ML
1225,2013-02-05,127780.0,Adelantos transitorios del BCRA al Gobierno Nacional,Informe Monetario Diario,Saldos,D,En millones de ARS,ML
1225,2013-02-06,127780.0,Adelantos transitorios del BCRA al Gobierno Nacional,Informe Monetario Diario,Saldos,D,En millones de ARS,ML
1225,2013-02-07,127780.0,Adelantos transitorios del BCRA al Gobierno Nacional,Informe Monetario Diario,Saldos,D,En millones de ARS,ML
1225,2013-02-08,125980.0,Adelantos transitorios del BCRA al Gobierno Nacional,Informe Monetario Diario,Saldos,D,En millones de ARS,ML
1225,2013-02-13,125980.0,Adelantos transitorios del BCRA al Gobierno Nacional,Informe Monetario Diario,Saldos,D,En millones de ARS,ML
1225,2013-02-14,127730.0,Adelantos transitorios del BCRA al Gobierno Nacional,Informe Monetario Diario,Saldos,D,En millones de ARS,ML
1225,2013-02-15,126730.0,Adelantos transitorios del BCRA al Gobierno Nacional,Informe Monetario Diario,Saldos,D,En millones de ARS,ML
1225,2013-02-18,126730.0,Adelantos transitorios del BCRA al Gobierno Nacional,Informe Monetario Diario,Saldos,D,En millones de ARS,ML
1225,2013-02-19,126730.0,Adelantos transitorios del BCRA al Gobierno Nacional,Informe Monetario Diario,Saldos,D,En millones de ARS,ML
1225,2013-02-21,127780.0,Adelantos transitorios del BCRA al Gobierno Nacional,Informe Monetario Diario,Saldos,D,En millones de ARS,ML
1225,2013-02-22,125430.0,Adelantos transitorios del BCRA al Gobierno Nacional,Informe Monetario Diario,Saldos,D,En millones de ARS,ML
1225,2013-02-25,125430.0,Adelantos transitorios del BCRA al Gobierno Nacional,Informe Monetario Diario,Saldos,D,En millones de ARS,ML
1225,2013-02-26,125430.0,Adelantos transitorios del BCRA al Gobierno Nacional,Informe Monetario Diario,Saldos,D,En millones de ARS,ML
1225,2013-02-27,125430.0,Adelantos transitorios del BCRA al Gobierno Nacional,Informe Monetario Diario,Saldos,D,En millones de ARS,ML
1225,2013-02-28,127730.0,Adelantos transitorios del BCRA al Gobierno Nacional,Informe Monetario Diario,Saldos,D,En millones de ARS,ML
1225,2013-03-01,127730.0,Adelantos transitorios del BCRA al Gobierno Nacional,Informe Monetario Diario,Saldos,D,En millones de ARS,ML
1225,2013-03-04,127730.0,Adelantos transitorios del BCRA al Gobierno Nacional,Informe Monetario Diario,Saldos,D,En millones de ARS,ML
1225,2013-03-05,127730.0,Adelantos transitorios del BCRA al Gobierno Nacional,Informe Monetario Diario,Saldos,D,En millones de ARS,ML
1225,2013-03-06,127730.0,Adelantos transitorios del BCRA al Gobierno Nacional,Informe Monetario Diario,Saldos,D,En millones de ARS,ML
1225,2013-03-07,127730.0,Adelantos transitorios del BCRA al Gobierno Nacional,Informe Monetario Diario,Saldos,D,En millones de ARS,ML
1225,2013-03-08,127730.0,Adelantos transitorios del BCRA al Gobierno Nacional,Informe Monetario Diario,Saldos,D,En millones de ARS,ML
1225,2013-03-11,127730.0,Adelantos transitorios del BCRA al Gobierno Nacional,Informe Monetario Diario,Saldos,D,En millones de ARS,ML
1225,2013-03-12,127730.0,Adelantos transitorios del BCRA al Gobierno Nacional,Informe Monetario Diario,Saldos,D,En millones de ARS,ML
1225,2013-03-13,127730.0,Adelantos transitorios del BCRA al Gobierno Nacional,Informe Monetario Diario,Saldos,D,En millones de ARS,ML
1225,2013-03-14,127730.0,Adelantos transitorios del BCRA al Gobierno Nacional,Informe Monetario Diario,Saldos,D,En millones de ARS,ML
1225,2013-03-15,127730.0,Adelantos transitorios del BCRA al Gobierno Nacional,Informe Monetario Diario,Saldos,D,En millones de ARS,ML
1225,2013-03-18,127730.0,Adelantos transitorios del BCRA al Gobierno Nacional,Informe Monetario Diario,Saldos,D,En millones de ARS,ML
1225,2013-03-19,127730.0,Adelantos transitorios del BCRA al Gobierno Nacional,Informe Monetario Diario,Saldos,D,En millones de ARS,ML
1225,2013-03-20,127730.0,Adelantos transitorios del BCRA al Gobierno Nacional,Informe Monetario Diario,Saldos,D,En millones de ARS,ML
1225,2013-03-21,127730.0,Adelantos transitorios del BCRA al Gobierno Nacional,Informe Monetario Diario,Saldos,D,En millones de ARS,ML
1225,2013-03-22,126330.0,Adelantos transitorios del BCRA al Gobierno Nacional,Informe Monetario Diario,Saldos,D,En millones de ARS,ML
1225,2013-03-25,121430.0,Adelantos transitorios del BCRA al Gobierno Nacional,Informe Monetario Diario,Saldos,D,En millones de ARS,ML
1225,2013-03-26,121430.0,Adelantos transitorios del BCRA al Gobierno Nacional,Informe Monetario Diario,Saldos,D,En millones de ARS,ML
1225,2013-03-27,127730.0,Adelantos transitorios del BCRA al Gobierno Nacional,Informe Monetario Diario,Saldos,D,En millones de ARS,ML
1225,2013-04-03,127730.0,Adelantos transitorios del BCRA al Gobierno Nacional,Informe Monetario Diario,Saldos,D,En millones de ARS,ML
1225,2013-04-04,127730.0,Adelantos transitorios del BCRA al Gobierno Nacional,Informe Monetario Diario,Saldos,D,En millones de ARS,ML
1225,2013-04-05,125030.0,Adelantos transitorios del BCRA al Gobierno Nacional,Informe Monetario Diario,Saldos,D,En millones de ARS,ML
1225,2013-04-08,125030.0,Adelantos transitorios del BCRA al Gobierno Nacional,Informe Monetario Diario,Saldos,D,En millones de ARS,ML
1225,2013-04-09,125030.0,Adelantos transitorios del BCRA al Gobierno Nacional,Informe Monetario Diario,Saldos,D,En millones de ARS,ML
1225,2013-04-10,125030.0,Adelantos transitorios del BCRA al Gobierno Nacional,Informe Monetario Diario,Saldos,D,En millones de ARS,ML
1225,2013-04-11,125030.0,Adelantos transitorios del BCRA al Gobierno Nacional,Informe Monetario Diario,Saldos,D,En millones de ARS,ML
1225,2013-04-12,126980.0,Adelantos transitorios del BCRA al Gobierno Nacional,Informe Monetario Diario,Saldos,D,En millones de ARS,ML
1225,2013-04-15,126980.0,Adelantos transitorios del BCRA al Gobierno Nacional,Informe Monetario Diario,Saldos,D,En millones de ARS,ML
1225,2013-04-16,126980.0,Adelantos transitorios del BCRA al Gobierno Nacional,Informe Monetario Diario,Saldos,D,En millones de ARS,ML
1225,2013-04-17,126980.0,Adelantos transitorios del BCRA al Gobierno Nacional,Informe Monetario Diario,Saldos,D,En millones de ARS,ML
1225,2013-04-18,126980.0,Adelantos transitorios del BCRA al Gobierno Nacional,Informe Monetario Diario,Saldos,D,En millones de ARS,ML
1225,2013-04-19,124230.0,Adelantos transitorios del BCRA al Gobierno Nacional,Informe Monetario Diario,Saldos,D,En millones de ARS,ML
1225,2013-04-22,124230.0,Adelantos transitorios del BCRA al Gobierno Nacional,Informe Monetario Diario,Saldos,D,En millones de ARS,ML
1225,2013-04-23,124230.0,Adelantos transitorios del BCRA al Gobierno Nacional,Informe Monetario Diario,Saldos,D,En millones de ARS,ML
1225,2013-04-24,124230.0,Adelantos transitorios del BCRA al Gobierno Nacional,Informe Monetario Diario,Saldos,D,En millones de ARS,ML
1225,2013-04-25,127780.0,Adelantos transitorios del BCRA al Gobierno Nacional,Informe Monetario Diario,Saldos,D,En millones de ARS,ML
1225,2013-04-26,127780.0,Adelantos transitorios del BCRA al Gobierno Nacional,Informe Monetario Diario,Saldos,D,En millones de ARS,ML
1225,2013-04-29,127780.0,Adelantos transitorios del BCRA al Gobierno Nacional,Informe Monetario Diario,Saldos,D,En millones de ARS,ML
1225,2013-04-30,127780.0,Adelantos transitorios del BCRA al Gobierno Nacional,Informe Monetario Diario,Saldos,D,En millones de ARS,ML
1225,2013-05-02,130280.0,Adelantos transitorios del BCRA al Gobierno Nacional,Informe Monetario Diario,Saldos,D,En millones de ARS,ML
1225,2013-05-03,130280.0,Adelantos transitorios del BCRA al Gobierno Nacional,Informe Monetario Diario,Saldos,D,En millones de ARS,ML
1225,2013-05-06,130280.0,Adelantos transitorios del BCRA al Gobierno Nacional,Informe Monetario Diario,Saldos,D,En millones de ARS,ML
1225,2013-05-07,130280.0,Adelantos transitorios del BCRA al Gobierno Nacional,Informe Monetario Diario,Saldos,D,En millones de ARS,ML
1225,2013-05-08,130280.0,Adelantos transitorios del BCRA al Gobierno Nacional,Informe Monetario Diario,Saldos,D,En millones de ARS,ML
1225,2013-05-09,130280.0,Adelantos transitorios del BCRA al Gobierno Nacional,Informe Monetario Diario,Saldos,D,En millones de ARS,ML
1225,2013-05-10,127830.0,Adelantos transitorios del BCRA al Gobierno Nacional,Informe Monetario Diario,Saldos,D,En millones de ARS,ML
1225,2013-05-13,127830.0,Adelantos transitorios del BCRA al Gobierno Nacional,Informe Monetario Diario,Saldos,D,En millones de ARS,ML
1225,2013-05-14,127830.0,Adelantos transitorios del BCRA al Gobierno Nacional,Informe Monetario Diario,Saldos,D,En millones de ARS,ML
1225,2013-05-15,127830.0,Adelantos transitorios del BCRA al Gobierno Nacional,Informe Monetario Diario,Saldos,D,En millones de ARS,ML
1225,2013-05-16,130230.0,Adelantos transitorios del BCRA al Gobierno Nacional,Informe Monetario Diario,Saldos,D,En millones de ARS,ML
1225,2013-05-17,130230.0,Adelantos transitorios del BCRA al Gobierno Nacional,Informe Monetario Diario,Saldos,D,En millones de ARS,ML
1225,2013-05-20,130230.0,Adelantos transitorios del BCRA al Gobierno Nacional,Informe Monetario Diario,Saldos,D,En millones de ARS,ML
1225,2013-05-21,130230.0,Adelantos transitorios del BCRA al Gobierno Nacional,Informe Monetario Diario,Saldos,D,En millones de ARS,ML
1225,2013-05-22,130230.0,Adelantos transitorios del BCRA al Gobierno Nacional,Informe Monetario Diario,Saldos,D,En millones de ARS,ML
1225,2013-05-23,130230.0,Adelantos transitorios del BCRA al Gobierno Nacional,Informe Monetario Diario,Saldos,D,En millones de ARS,ML
1225,2013-05-24,128730.0,Adelantos transitorios del BCRA al Gobierno Nacional,Informe Monetario Diario,Saldos,D,En millones de ARS,ML
1225,2013-05-27,128730.0,Adelantos transitorios del BCRA al Gobierno Nacional,Informe Monetario Diario,Saldos,D,En millones de ARS,ML
1225,2013-05-28,128730.0,Adelantos transitorios del BCRA al Gobierno Nacional,Informe Monetario Diario,Saldos,D,En millones de ARS,ML
1225,2013-05-29,128730.0,Adelantos transitorios del BCRA al Gobierno Nacional,Informe Monetario Diario,Saldos,D,En millones de ARS,ML
1225,2013-05-30,130280.0,Adelantos transitorios del BCRA al Gobierno Nacional,Informe Monetario Diario,Saldos,D,En millones de ARS,ML
1225,2013-05-31,130280.0,Adelantos transitorios del BCRA al Gobierno Nacional,Informe Monetario Diario,Saldos,D,En millones de ARS,ML
1225,2013-06-03,130280.0,Adelantos transitorios del BCRA al Gobierno Nacional,Informe Monetario Diario,Saldos,D,En millones de ARS,ML
1225,2013-06-04,130280.0,Adelantos transitorios del BCRA al Gobierno Nacional,Informe Monetario Diario,Saldos,D,En millones de ARS,ML
1225,2013-06-05,130280.0,Adelantos transitorios del BCRA al Gobierno Nacional,Informe Monetario Diario,Saldos,D,En millones de ARS,ML
1225,2013-06-06,134780.0,Adelantos transitorios del BCRA al Gobierno Nacional,Informe Monetario Diario,Saldos,D,En millones de ARS,ML
1225,2013-06-07,134780.0,Adelantos transitorios del BCRA al Gobierno Nacional,Informe Monetario Diario,Saldos,D,En millones de ARS,ML
1225,2013-06-10,134780.0,Adelantos transitorios del BCRA al Gobierno Nacional,Informe Monetario Diario,Saldos,D,En millones de ARS,ML
1225,2013-06-11,134780.0,Adelantos transitorios del BCRA al Gobierno Nacional,Informe Monetario Diario,Saldos,D,En millones de ARS,ML
1225,2013-06-12,134780.0,Adelantos transitorios del BCRA al Gobierno Nacional,Informe Monetario Diario,Saldos,D,En millones de ARS,ML
1225,2013-06-13,134780.0,Adelantos transitorios del BCRA al Gobierno Nacional,Informe Monetario Diario,Saldos,D,En millones de ARS,ML
1225,2013-06-14,132330.0,Adelantos transitorios del BCRA al Gobierno Nacional,Informe Monetario Diario,Saldos,D,En millones de ARS,ML
1225,2013-06-17,132330.0,Adelantos transitorios del BCRA al Gobierno Nacional,Informe Monetario Diario,Saldos,D,En millones de ARS,ML
1225,2013-06-18,132330.0,Adelantos transitorios del BCRA al Gobierno Nacional,Informe Monetario Diario,Saldos,D,En millones de ARS,ML
1225,2013-06-19,134730.0,Adelantos transitorios del BCRA al Gobierno Nacional,Informe Monetario Diario,Saldos,D,En millones de ARS,ML
1225,2013-06-24,133230.0,Adelantos transitorios del BCRA al Gobierno Nacional,Informe Monetario Diario,Saldos,D,En millones de ARS,ML
1225,2013-06-25,133230.0,Adelantos transitorios del BCRA al Gobierno Nacional,Informe Monetario Diario,Saldos,D,En millones de ARS,ML
1225,2013-06-26,133230.0,Adelantos transitorios del BCRA al Gobierno Nacional,Informe Monetario Diario,Saldos,D,En millones de ARS,ML
1225,2013-06-27,134780.0,Adelantos transitorios del BCRA al Gobierno Nacional,Informe Monetario Diario,Saldos,D,En millones de ARS,ML
1225,2013-06-28,144780.0,Adelantos transitorios del BCRA al Gobierno Nacional,Informe Monetario Diario,Saldos,D,En millones de ARS,ML
1225,2013-07-01,144780.0,Adelantos transitorios del BCRA al Gobierno Nacional,Informe Monetario Diario,Saldos,D,En millones de ARS,ML
1225,2013-07-02,144780.0,Adelantos transitorios del BCRA al Gobierno Nacional,Informe Monetario Diario,Saldos,D,En millones de ARS,ML
1225,2013-07-03,144780.0,Adelantos transitorios del BCRA al Gobierno Nacional,Informe Monetario Diario,Saldos,D,En millones de ARS,ML
1225,2013-07-04,144780.0,Adelantos transitorios del BCRA al Gobierno Nacional,Informe Monetario Diario,Saldos,D,En millones de ARS,ML
1225,2013-07-05,144780.0,Adelantos transitorios del BCRA al Gobierno Nacional,Informe Monetario Diario,Saldos,D,En millones de ARS,ML
1225,2013-07-08,144780.0,Adelantos transitorios del BCRA al Gobierno Nacional,Informe Monetario Diario,Saldos,D,En millones de ARS,ML
1225,2013-07-10,144780.0,Adelantos transitorios del BCRA al Gobierno Nacional,Informe Monetario Diario,Saldos,D,En millones de ARS,ML
1225,2013-07-11,144780.0,Adelantos transitorios del BCRA al Gobierno Nacional,Informe Monetario Diario,Saldos,D,En millones de ARS,ML
1225,2013-07-12,144780.0,Adelantos transitorios del BCRA al Gobierno Nacional,Informe Monetario Diario,Saldos,D,En millones de ARS,ML
1225,2013-07-15,144780.0,Adelantos transitorios del BCRA al Gobierno Nacional,Informe Monetario Diario,Saldos,D,En millones de ARS,ML
1225,2013-07-16,144780.0,Adelantos transitorios del BCRA al Gobierno Nacional,Informe Monetario Diario,Saldos,D,En millones de ARS,ML
1225,2013-07-17,144780.0,Adelantos transitorios del BCRA al Gobierno Nacional,Informe Monetario Diario,Saldos,D,En millones de ARS,ML
1225,2013-07-18,144780.0,Adelantos transitorios del BCRA al Gobierno Nacional,Informe Monetario Diario,Saldos,D,En millones de ARS,ML
1225,2013-07-19,139730.0,Adelantos transitorios del BCRA al Gobierno Nacional,Informe Monetario Diario,Saldos,D,En millones de ARS,ML
1225,2013-07-22,139730.0,Adelantos transitorios del BCRA al Gobierno Nacional,Informe Monetario Diario,Saldos,D,En millones de ARS,ML
1225,2013-07-23,139730.0,Adelantos transitorios del BCRA al Gobierno Nacional,Informe Monetario Diario,Saldos,D,En millones de ARS,ML
1225,2013-07-24,139730.0,Adelantos transitorios del BCRA al Gobierno Nacional,Informe Monetario Diario,Saldos,D,En millones de ARS,ML
1225,2013-07-25,144730.0,Adelantos transitorios del BCRA al Gobierno Nacional,Informe Monetario Diario,Saldos,D,En millones de ARS,ML
1225,2013-07-26,153730.0,Adelantos transitorios del BCRA al Gobierno Nacional,Informe Monetario Diario,Saldos,D,En millones de ARS,ML
1225,2013-07-29,153730.0,Adelantos transitorios del BCRA al Gobierno Nacional,Informe Monetario Diario,Saldos,D,En millones de ARS,ML
1225,2013-07-30,153730.0,Adelantos transitorios del BCRA al Gobierno Nacional,Informe Monetario Diario,Saldos,D,En millones de ARS,ML
1225,2013-07-31,153730.0,Adelantos transitorios del BCRA al Gobierno Nacional,Informe Monetario Diario,Saldos,D,En millones de ARS,ML
1225,2013-08-01,153730.0,Adelantos transitorios del BCRA al Gobierno Nacional,Informe Monetario Diario,Saldos,D,En millones de ARS,ML
1225,2013-08-02,153730.0,Adelantos transitorios del BCRA al Gobierno Nacional,Informe Monetario Diario,Saldos,D,En millones de ARS,ML
1225,2013-08-05,153730.0,Adelantos transitorios del BCRA al Gobierno Nacional,Informe Monetario Diario,Saldos,D,En millones de ARS,ML
1225,2013-08-06,153730.0,Adelantos transitorios del BCRA al Gobierno Nacional,Informe Monetario Diario,Saldos,D,En millones de ARS,ML
1225,2013-08-07,153730.0,Adelantos transitorios del BCRA al Gobierno Nacional,Informe Monetario Diario,Saldos,D,En millones de ARS,ML
1225,2013-08-08,153730.0,Adelantos transitorios del BCRA al Gobierno Nacional,Informe Monetario Diario,Saldos,D,En millones de ARS,ML
1225,2013-08-09,153730.0,Adelantos transitorios del BCRA al Gobierno Nacional,Informe Monetario Diario,Saldos,D,En millones de ARS,ML
1225,2013-08-12,153730.0,Adelantos transitorios del BCRA al Gobierno Nacional,Informe Monetario Diario,Saldos,D,En millones de ARS,ML
1225,2013-08-13,153730.0,Adelantos transitorios del BCRA al Gobierno Nacional,Informe Monetario Diario,Saldos,D,En millones de ARS,ML
1225,2013-08-14,153730.0,Adelantos transitorios del BCRA al Gobierno Nacional,Informe Monetario Diario,Saldos,D,En millones de ARS,ML
1225,2013-08-15,153730.0,Adelantos transitorios del BCRA al Gobierno Nacional,Informe Monetario Diario,Saldos,D,En millones de ARS,ML
1225,2013-08-16,153730.0,Adelantos transitorios del BCRA al Gobierno Nacional,Informe Monetario Diario,Saldos,D,En millones de ARS,ML
1225,2013-08-20,153730.0,Adelantos transitorios del BCRA al Gobierno Nacional,Informe Monetario Diario,Saldos,D,En millones de ARS,ML
1225,2013-08-21,153730.0,Adelantos transitorios del BCRA al Gobierno Nacional,Informe Monetario Diario,Saldos,D,En millones de ARS,ML
1225,2013-08-22,153730.0,Adelantos transitorios del BCRA al Gobierno Nacional,Informe Monetario Diario,Saldos,D,En millones de ARS,ML
1225,2013-08-23,152030.0,Adelantos transitorios del BCRA al Gobierno Nacional,Informe Monetario Diario,Saldos,D,En millones de ARS,ML
1225,2013-08-26,152030.0,Adelantos transitorios del BCRA al Gobierno Nacional,Informe Monetario Diario,Saldos,D,En millones de ARS,ML
1225,2013-08-27,152030.0,Adelantos transitorios del BCRA al Gobierno Nacional,Informe Monetario Diario,Saldos,D,En millones de ARS,ML
1225,2013-08-28,152030.0,Adelantos transitorios del BCRA al Gobierno Nacional,Informe Monetario Diario,Saldos,D,En millones de ARS,ML
1225,2013-08-29,153780.0,Adelantos transitorios del BCRA al Gobierno Nacional,Informe Monetario Diario,Saldos,D,En millones de ARS,ML
1225,2013-08-30,153780.0,Adelantos transitorios del BCRA al Gobierno Nacional,Informe Monetario Diario,Saldos,D,En millones de ARS,ML
1225,2013-09-02,153780.0,Adelantos transitorios del BCRA al Gobierno Nacional,Informe Monetario Diario,Saldos,D,En millones de ARS,ML
1225,2013-09-03,153780.0,Adelantos transitorios del BCRA al Gobierno Nacional,Informe Monetario Diario,Saldos,D,En millones de ARS,ML
1225,2013-09-04,153780.0,Adelantos transitorios del BCRA al Gobierno Nacional,Informe Monetario Diario,Saldos,D,En millones de ARS,ML
1225,2013-09-05,153780.0,Adelantos transitorios del BCRA al Gobierno Nacional,Informe Monetario Diario,Saldos,D,En millones de ARS,ML
1225,2013-09-06,153780.0,Adelantos transitorios del BCRA al Gobierno Nacional,Informe Monetario Diario,Saldos,D,En millones de ARS,ML
1225,2013-09-09,153780.0,Adelantos transitorios del BCRA al Gobierno Nacional,Informe Monetario Diario,Saldos,D,En millones de ARS,ML
1225,2013-09-10,153780.0,Adelantos transitorios del BCRA al Gobierno Nacional,Informe Monetario Diario,Saldos,D,En millones de ARS,ML
1225,2013-09-11,153780.0,Adelantos transitorios del BCRA al Gobierno Nacional,Informe Monetario Diario,Saldos,D,En millones de ARS,ML
1225,2013-09-12,153780.0,Adelantos transitorios del BCRA al Gobierno Nacional,Informe Monetario Diario,Saldos,D,En millones de ARS,ML
1225,2013-09-13,153780.0,Adelantos transitorios del BCRA al Gobierno Nacional,Informe Monetario Diario,Saldos,D,En millones de ARS,ML
1225,2013-09-16,153780.0,Adelantos transitorios del BCRA al Gobierno Nacional,Informe Monetario Diario,Saldos,D,En millones de ARS,ML
1225,2013-09-17,153780.0,Adelantos transitorios del BCRA al Gobierno Nacional,Informe Monetario Diario,Saldos,D,En millones de ARS,ML
1225,2013-09-18,153780.0,Adelantos transitorios del BCRA al Gobierno Nacional,Informe Monetario Diario,Saldos,D,En millones de ARS,ML
1225,2013-09-19,153780.0,Adelantos transitorios del BCRA al Gobierno Nacional,Informe Monetario Diario,Saldos,D,En millones de ARS,ML
1225,2013-09-20,153780.0,Adelantos transitorios del BCRA al Gobierno Nacional,Informe Monetario Diario,Saldos,D,En millones de ARS,ML
1225,2013-09-23,149780.0,Adelantos transitorios del BCRA al Gobierno Nacional,Informe Monetario Diario,Saldos,D,En millones de ARS,ML
1225,2013-09-24,149780.0,Adelantos transitorios del BCRA al Gobierno Nacional,Informe Monetario Diario,Saldos,D,En millones de ARS,ML
1225,2013-09-25,149780.0,Adelantos transitorios del BCRA al Gobierno Nacional,Informe Monetario Diario,Saldos,D,En millones de ARS,ML
1225,2013-09-26,153730.0,Adelantos transitorios del BCRA al Gobierno Nacional,Informe Monetario Diario,Saldos,D,En millones de ARS,ML
1225,2013-09-27,153730.0,Adelantos transitorios del BCRA al Gobierno Nacional,Informe Monetario Diario,Saldos,D,En millones de ARS,ML
1225,2013-09-30,153730.0,Adelantos transitorios del BCRA al Gobierno Nacional,Informe Monetario Diario,Saldos,D,En millones de ARS,ML
1225,2013-10-01,153730.0,Adelantos transitorios del BCRA al Gobierno Nacional,Informe Monetario Diario,Saldos,D,En millones de ARS,ML
1225,2013-10-02,153730.0,Adelantos transitorios del BCRA al Gobierno Nacional,Informe Monetario Diario,Saldos,D,En millones de ARS,ML
1225,2013-10-03,153730.0,Adelantos transitorios del BCRA al Gobierno Nacional,Informe Monetario Diario,Saldos,D,En millones de ARS,ML
1225,2013-10-04,153730.0,Adelantos transitorios del BCRA al Gobierno Nacional,Informe Monetario Diario,Saldos,D,En millones de ARS,ML
1225,2013-10-07,153730.0,Adelantos transitorios del BCRA al Gobierno Nacional,Informe Monetario Diario,Saldos,D,En millones de ARS,ML
1225,2013-10-08,153730.0,Adelantos transitorios del BCRA al Gobierno Nacional,Informe Monetario Diario,Saldos,D,En millones de ARS,ML
1225,2013-10-09,153730.0,Adelantos transitorios del BCRA al Gobierno Nacional,Informe Monetario Diario,Saldos,D,En millones de ARS,ML
1225,2013-10-10,153730.0,Adelantos transitorios del BCRA al Gobierno Nacional,Informe Monetario Diario,Saldos,D,En millones de ARS,ML
1225,2013-10-11,152730.0,Adelantos transitorios del BCRA al Gobierno Nacional,Informe Monetario Diario,Saldos,D,En millones de ARS,ML
1225,2013-10-15,152130.0,Adelantos transitorios del BCRA al Gobierno Nacional,Informe Monetario Diario,Saldos,D,En millones de ARS,ML
1225,2013-10-16,152130.0,Adelantos transitorios del BCRA al Gobierno Nacional,Informe Monetario Diario,Saldos,D,En millones de ARS,ML
1225,2013-10-17,153730.0,Adelantos transitorios del BCRA al Gobierno Nacional,Informe Monetario Diario,Saldos,D,En millones de ARS,ML
1225,2013-10-18,153730.0,Adelantos transitorios del BCRA al Gobierno Nacional,Informe Monetario Diario,Saldos,D,En millones de ARS,ML
1225,2013-10-21,153730.0,Adelantos transitorios del BCRA al Gobierno Nacional,Informe Monetario Diario,Saldos,D,En millones de ARS,ML
1225,2013-10-22,153730.0,Adelantos transitorios del BCRA al Gobierno Nacional,Informe Monetario Diario,Saldos,D,En millones de ARS,ML
1225,2013-10-23,153730.0,Adelantos transitorios del BCRA al Gobierno Nacional,Informe Monetario Diario,Saldos,D,En millones de ARS,ML
1225,2013-10-24,153730.0,Adelantos transitorios del BCRA al Gobierno Nacional,Informe Monetario Diario,Saldos,D,En millones de ARS,ML
1225,2013-10-25,147750.0,Adelantos transitorios del BCRA al Gobierno Nacional,Informe Monetario Diario,Saldos,D,En millones de ARS,ML
1225,2013-10-28,147750.0,Adelantos transitorios del BCRA al Gobierno Nacional,Informe Monetario Diario,Saldos,D,En millones de ARS,ML
1225,2013-10-29,147750.0,Adelantos transitorios del BCRA al Gobierno Nacional,Informe Monetario Diario,Saldos,D,En millones de ARS,ML
1225,2013-10-30,147750.0,Adelantos transitorios del BCRA al Gobierno Nacional,Informe Monetario Diario,Saldos,D,En millones de ARS,ML
1225,2013-10-31,153780.0,Adelantos transitorios del BCRA al Gobierno Nacional,Informe Monetario Diario,Saldos,D,En millones de ARS,ML
1225,2013-11-01,153780.0,Adelantos transitorios del BCRA al Gobierno Nacional,Informe Monetario Diario,Saldos,D,En millones de ARS,ML
1225,2013-11-04,152780.0,Adelantos transitorios del BCRA al Gobierno Nacional,Informe Monetario Diario,Saldos,D,En millones de ARS,ML
1225,2013-11-05,152780.0,Adelantos transitorios del BCRA al Gobierno Nacional,Informe Monetario Diario,Saldos,D,En millones de ARS,ML
1225,2013-11-07,153730.0,Adelantos transitorios del BCRA al Gobierno Nacional,Informe Monetario Diario,Saldos,D,En millones de ARS,ML
1225,2013-11-08,150880.0,Adelantos transitorios del BCRA al Gobierno Nacional,Informe Monetario Diario,Saldos,D,En millones de ARS,ML
1225,2013-11-11,150880.0,Adelantos transitorios del BCRA al Gobierno Nacional,Informe Monetario Diario,Saldos,D,En millones de ARS,ML
1225,2013-11-12,150880.0,Adelantos transitorios del BCRA al Gobierno Nacional,Informe Monetario Diario,Saldos,D,En millones de ARS,ML
1225,2013-11-13,150880.0,Adelantos transitorios del BCRA al Gobierno Nacional,Informe Monetario Diario,Saldos,D,En millones de ARS,ML
1225,2013-11-14,153780.0,Adelantos transitorios del BCRA al Gobierno Nacional,Informe Monetario Diario,Saldos,D,En millones de ARS,ML
1225,2013-11-15,152180.0,Adelantos transitorios del BCRA al Gobierno Nacional,Informe Monetario Diario,Saldos,D,En millones de ARS,ML
1225,2013-11-18,152180.0,Adelantos transitorios del BCRA al Gobierno Nacional,Informe Monetario Diario,Saldos,D,En millones de ARS,ML
1225,2013-11-19,152180.0,Adelantos transitorios del BCRA al Gobierno Nacional,Informe Monetario Diario,Saldos,D,En millones de ARS,ML
1225,2013-11-20,152180.0,Adelantos transitorios del BCRA al Gobierno Nacional,Informe Monetario Diario,Saldos,D,En millones de ARS,ML
1225,2013-11-21,156180.0,Adelantos transitorios del BCRA al Gobierno Nacional,Informe Monetario Diario,Saldos,D,En millones de ARS,ML
1225,2013-11-22,154280.0,Adelantos transitorios del BCRA al Gobierno Nacional,Informe Monetario Diario,Saldos,D,En millones de ARS,ML
1225,2013-11-26,154280.0,Adelantos transitorios del BCRA al Gobierno Nacional,Informe Monetario Diario,Saldos,D,En millones de ARS,ML
1225,2013-11-27,154280.0,Adelantos transitorios del BCRA al Gobierno Nacional,Informe Monetario Diario,Saldos,D,En millones de ARS,ML
1225,2013-11-28,157780.0,Adelantos transitorios del BCRA al Gobierno Nacional,Informe Monetario Diario,Saldos,D,En millones de ARS,ML
1225,2013-11-29,157780.0,Adelantos transitorios del BCRA al Gobierno Nacional,Informe Monetario Diario,Saldos,D,En millones de ARS,ML
1225,2013-12-02,157780.0,Adelantos transitorios del BCRA al Gobierno Nacional,Informe Monetario Diario,Saldos,D,En millones de ARS,ML
1225,2013-12-03,157780.0,Adelantos transitorios del BCRA al Gobierno Nacional,Informe Monetario Diario,Saldos,D,En millones de ARS,ML
1225,2013-12-04,157780.0,Adelantos transitorios del BCRA al Gobierno Nacional,Informe Monetario Diario,Saldos,D,En millones de ARS,ML
1225,2013-12-05,168280.0,Adelantos transitorios del BCRA al Gobierno Nacional,Informe Monetario Diario,Saldos,D,En millones de ARS,ML
1225,2013-12-06,158780.0,Adelantos transitorios del BCRA al Gobierno Nacional,Informe Monetario Diario,Saldos,D,En millones de ARS,ML
1225,2013-12-09,158780.0,Adelantos transitorios del BCRA al Gobierno Nacional,Informe Monetario Diario,Saldos,D,En millones de ARS,ML
1225,2013-12-10,158780.0,Adelantos transitorios del BCRA al Gobierno Nacional,Informe Monetario Diario,Saldos,D,En millones de ARS,ML
1225,2013-12-11,158780.0,Adelantos transitorios del BCRA al Gobierno Nacional,Informe Monetario Diario,Saldos,D,En millones de ARS,ML
1225,2013-12-12,174780.0,Adelantos transitorios del BCRA al Gobierno Nacional,Informe Monetario Diario,Saldos,D,En millones de ARS,ML
1225,2013-12-13,161830.0,Adelantos transitorios del BCRA al Gobierno Nacional,Informe Monetario Diario,Saldos,D,En millones de ARS,ML
1225,2013-12-16,161830.0,Adelantos transitorios del BCRA al Gobierno Nacional,Informe Monetario Diario,Saldos,D,En millones de ARS,ML
1225,2013-12-17,161830.0,Adelantos transitorios del BCRA al Gobierno Nacional,Informe Monetario Diario,Saldos,D,En millones de ARS,ML
1225,2013-12-18,161830.0,Adelantos transitorios del BCRA al Gobierno Nacional,Informe Monetario Diario,Saldos,D,En millones de ARS,ML
1225,2013-12-19,173530.0,Adelantos transitorios del BCRA al Gobierno Nacional,Informe Monetario Diario,Saldos,D,En millones de ARS,ML
1225,2013-12-20,162380.0,Adelantos transitorios del BCRA al Gobierno Nacional,Informe Monetario Diario,Saldos,D,En millones de ARS,ML
1225,2013-12-23,162380.0,Adelantos transitorios del BCRA al Gobierno Nacional,Informe Monetario Diario,Saldos,D,En millones de ARS,ML
1225,2013-12-26,182600.0,Adelantos transitorios del BCRA al Gobierno Nacional,Informe Monetario Diario,Saldos,D,En millones de ARS,ML
1225,2013-12-27,182600.0,Adelantos transitorios del BCRA al Gobierno Nacional,Informe Monetario Diario,Saldos,D,En millones de ARS,ML
1225,2013-12-30,182600.0,Adelantos transitorios del BCRA al Gobierno Nacional,Informe Monetario Diario,Saldos,D,En millones de ARS,ML
1225,2014-01-02,182600.0,Adelantos transitorios del BCRA al Gobierno Nacional,Informe Monetario Diario,Saldos,D,En millones de ARS,ML
1225,2014-01-03,176600.0,Adelantos transitorios del BCRA al Gobierno Nacional,Informe Monetario Diario,Saldos,D,En millones de ARS,ML
1225,2014-01-06,176600.0,Adelantos transitorios del BCRA al Gobierno Nacional,Informe Monetario Diario,Saldos,D,En millones de ARS,ML
1225,2014-01-07,176600.0,Adelantos transitorios del BCRA al Gobierno Nacional,Informe Monetario Diario,Saldos,D,En millones de ARS,ML
1225,2014-01-08,176600.0,Adelantos transitorios del BCRA al Gobierno Nacional,Informe Monetario Diario,Saldos,D,En millones de ARS,ML
1225,2014-01-09,176600.0,Adelantos transitorios del BCRA al Gobierno Nacional,Informe Monetario Diario,Saldos,D,En millones de ARS,ML
1225,2014-01-10,176600.0,Adelantos transitorios del BCRA al Gobierno Nacional,Informe Monetario Diario,Saldos,D,En millones de ARS,ML
1225,2014-01-13,176600.0,Adelantos transitorios del BCRA al Gobierno Nacional,Informe Monetario Diario,Saldos,D,En millones de ARS,ML
1225,2014-01-14,176600.0,Adelantos transitorios del BCRA al Gobierno Nacional,Informe Monetario Diario,Saldos,D,En millones de ARS,ML
1225,2014-01-15,176600.0,Adelantos transitorios del BCRA al Gobierno Nacional,Informe Monetario Diario,Saldos,D,En millones de ARS,ML
1225,2014-01-16,182600.0,Adelantos transitorios del BCRA al Gobierno Nacional,Informe Monetario Diario,Saldos,D,En millones de ARS,ML
1225,2014-01-17,182600.0,Adelantos transitorios del BCRA al Gobierno Nacional,Informe Monetario Diario,Saldos,D,En millones de ARS,ML
1225,2014-01-20,182600.0,Adelantos transitorios del BCRA al Gobierno Nacional,Informe Monetario Diario,Saldos,D,En millones de ARS,ML
1225,2014-01-21,182600.0,Adelantos transitorios del BCRA al Gobierno Nacional,Informe Monetario Diario,Saldos,D,En millones de ARS,ML
1225,2014-01-22,182600.0,Adelantos transitorios del BCRA al Gobierno Nacional,Informe Monetario Diario,Saldos,D,En millones de ARS,ML
1225,2014-01-23,180750.0,Adelantos transitorios del BCRA al Gobierno Nacional,Informe Monetario Diario,Saldos,D,En millones de ARS,ML
1225,2014-01-24,180750.0,Adelantos transitorios del BCRA al Gobierno Nacional,Informe Monetario Diario,Saldos,D,En millones de ARS,ML
1225,2014-01-27,180750.0,Adelantos transitorios del BCRA al Gobierno Nacional,Informe Monetario Diario,Saldos,D,En millones de ARS,ML
1225,2014-01-28,180750.0,Adelantos transitorios del BCRA al Gobierno Nacional,Informe Monetario Diario,Saldos,D,En millones de ARS,ML
1225,2014-01-29,180750.0,Adelantos transitorios del BCRA al Gobierno Nacional,Informe Monetario Diario,Saldos,D,En millones de ARS,ML
1225,2014-01-30,182650.0,Adelantos transitorios del BCRA al Gobierno Nacional,Informe Monetario Diario,Saldos,D,En millones de ARS,ML
1225,2014-01-31,182650.0,Adelantos transitorios del BCRA al Gobierno Nacional,Informe Monetario Diario,Saldos,D,En millones de ARS,ML
1225,2014-02-03,182650.0,Adelantos transitorios del BCRA al Gobierno Nacional,Informe Monetario Diario,Saldos,D,En millones de ARS,ML
1225,2014-02-04,182650.0,Adelantos transitorios del BCRA al Gobierno Nacional,Informe Monetario Diario,Saldos,D,En millones de ARS,ML
1225,2014-02-05,182650.0,Adelantos transitorios del BCRA al Gobierno Nacional,Informe Monetario Diario,Saldos,D,En millones de ARS,ML
1225,2014-02-06,182650.0,Adelantos transitorios del BCRA al Gobierno Nacional,Informe Monetario Diario,Saldos,D,En millones de ARS,ML
1225,2014-02-07,182650.0,Adelantos transitorios del BCRA al Gobierno Nacional,Informe Monetario Diario,Saldos,D,En millones de ARS,ML
1225,2014-02-10,179850.0,Adelantos transitorios del BCRA al Gobierno Nacional,Informe Monetario Diario,Saldos,D,En millones de ARS,ML
1225,2014-02-11,179850.0,Adelantos transitorios del BCRA al Gobierno Nacional,Informe Monetario Diario,Saldos,D,En millones de ARS,ML
1225,2014-02-12,179850.0,Adelantos transitorios del BCRA al Gobierno Nacional,Informe Monetario Diario,Saldos,D,En millones de ARS,ML
1225,2014-02-13,182650.0,Adelantos transitorios del BCRA al Gobierno Nacional,Informe Monetario Diario,Saldos,D,En millones de ARS,ML
1225,2014-02-14,182650.0,Adelantos transitorios del BCRA al Gobierno Nacional,Informe Monetario Diario,Saldos,D,En millones de ARS,ML
1225,2014-02-17,178650.0,Adelantos transitorios del BCRA al Gobierno Nacional,Informe Monetario Diario,Saldos,D,En millones de ARS,ML
1225,2014-02-18,178650.0,Adelantos transitorios del BCRA al Gobierno Nacional,Informe Monetario Diario,Saldos,D,En millones de ARS,ML
1225,2014-02-19,178650.0,Adelantos transitorios del BCRA al Gobierno Nacional,Informe Monetario Diario,Saldos,D,En millones de ARS,ML
1225,2014-02-20,182650.0,Adelantos transitorios del BCRA al Gobierno Nacional,Informe Monetario Diario,Saldos,D,En millones de ARS,ML
1225,2014-02-21,180350.0,Adelantos transitorios del BCRA al Gobierno Nacional,Informe Monetario Diario,Saldos,D,En millones de ARS,ML
1225,2014-02-24,180350.0,Adelantos transitorios del BCRA al Gobierno Nacional,Informe Monetario Diario,Saldos,D,En millones de ARS,ML
1225,2014-02-25,180350.0,Adelantos transitorios del BCRA al Gobierno Nacional,Informe Monetario Diario,Saldos,D,En millones de ARS,ML
1225,2014-02-26,180350.0,Adelantos transitorios del BCRA al Gobierno Nacional,Informe Monetario Diario,Saldos,D,En millones de ARS,ML
1225,2014-02-27,182650.0,Adelantos transitorios del BCRA al Gobierno Nacional,Informe Monetario Diario,Saldos,D,En millones de ARS,ML
1225,2014-02-28,182650.0,Adelantos transitorios del BCRA al Gobierno Nacional,Informe Monetario Diario,Saldos,D,En millones de ARS,ML
1225,2014-03-05,182650.0,Adelantos transitorios del BCRA al Gobierno Nacional,Informe Monetario Diario,Saldos,D,En millones de ARS,ML
1225,2014-03-06,182650.0,Adelantos transitorios del BCRA al Gobierno Nacional,Informe Monetario Diario,Saldos,D,En millones de ARS,ML
1225,2014-03-07,182650.0,Adelantos transitorios del BCRA al Gobierno Nacional,Informe Monetario Diario,Saldos,D,En millones de ARS,ML
1225,2014-03-10,182650.0,Adelantos transitorios del BCRA al Gobierno Nacional,Informe Monetario Diario,Saldos,D,En millones de ARS,ML
1225,2014-03-11,182650.0,Adelantos transitorios del BCRA al Gobierno Nacional,Informe Monetario Diario,Saldos,D,En millones de ARS,ML
1225,2014-03-12,182650.0,Adelantos transitorios del BCRA al Gobierno Nacional,Informe Monetario Diario,Saldos,D,En millones de ARS,ML
1225,2014-03-13,185250.0,Adelantos transitorios del BCRA al Gobierno Nacional,Informe Monetario Diario,Saldos,D,En millones de ARS,ML
1225,2014-03-14,185250.0,Adelantos transitorios del BCRA al Gobierno Nacional,Informe Monetario Diario,Saldos,D,En millones de ARS,ML
1225,2014-03-17,185250.0,Adelantos transitorios del BCRA al Gobierno Nacional,Informe Monetario Diario,Saldos,D,En millones de ARS,ML
1225,2014-03-18,185250.0,Adelantos transitorios del BCRA al Gobierno Nacional,Informe Monetario Diario,Saldos,D,En millones de ARS,ML
1225,2014-03-19,185250.0,Adelantos transitorios del BCRA al Gobierno Nacional,Informe Monetario Diario,Saldos,D,En millones de ARS,ML
1225,2014-03-20,182750.0,Adelantos transitorios del BCRA al Gobierno Nacional,Informe Monetario Diario,Saldos,D,En millones de ARS,ML
1225,2014-03-21,182750.0,Adelantos transitorios del BCRA al Gobierno Nacional,Informe Monetario Diario,Saldos,D,En millones de ARS,ML
1225,2014-03-25,182750.0,Adelantos transitorios del BCRA al Gobierno Nacional,Informe Monetario Diario,Saldos,D,En millones de ARS,ML
1225,2014-03-26,182750.0,Adelantos transitorios del BCRA al Gobierno Nacional,Informe Monetario Diario,Saldos,D,En millones de ARS,ML
1225,2014-03-27,189050.0,Adelantos transitorios del BCRA al Gobierno Nacional,Informe Monetario Diario,Saldos,D,En millones de ARS,ML
1225,2014-03-28,189050.0,Adelantos transitorios del BCRA al Gobierno Nacional,Informe Monetario Diario,Saldos,D,En millones de ARS,ML
1225,2014-03-31,189050.0,Adelantos transitorios del BCRA al Gobierno Nacional,Informe Monetario Diario,Saldos,D,En millones de ARS,ML
1225,2014-04-01,189050.0,Adelantos transitorios del BCRA al Gobierno Nacional,Informe Monetario Diario,Saldos,D,En millones de ARS,ML
1225,2014-04-03,189050.0,Adelantos transitorios del BCRA al Gobierno Nacional,Informe Monetario Diario,Saldos,D,En millones de ARS,ML
1225,2014-04-04,186300.0,Adelantos transitorios del BCRA al Gobierno Nacional,Informe Monetario Diario,Saldos,D,En millones de ARS,ML
1225,2014-04-07,186300.0,Adelantos transitorios del BCRA al Gobierno Nacional,Informe Monetario Diario,Saldos,D,En millones de ARS,ML
1225,2014-04-08,186300.0,Adelantos transitorios del BCRA al Gobierno Nacional,Informe Monetario Diario,Saldos,D,En millones de ARS,ML
1225,2014-04-09,186300.0,Adelantos transitorios del BCRA al Gobierno Nacional,Informe Monetario Diario,Saldos,D,En millones de ARS,ML
1225,2014-04-10,189100.0,Adelantos transitorios del BCRA al Gobierno Nacional,Informe Monetario Diario,Saldos,D,En millones de ARS,ML
1225,2014-04-11,188350.0,Adelantos transitorios del BCRA al Gobierno Nacional,Informe Monetario Diario,Saldos,D,En millones de ARS,ML
1225,2014-04-14,188350.0,Adelantos transitorios del BCRA al Gobierno Nacional,Informe Monetario Diario,Saldos,D,En millones de ARS,ML
1225,2014-04-15,188350.0,Adelantos transitorios del BCRA al Gobierno Nacional,Informe Monetario Diario,Saldos,D,En millones de ARS,ML
1225,2014-04-16,185500.0,Adelantos transitorios del BCRA al Gobierno Nacional,Informe Monetario Diario,Saldos,D,En millones de ARS,ML
1225,2014-04-21,185500.0,Adelantos transitorios del BCRA al Gobierno Nacional,Informe Monetario Diario,Saldos,D,En millones de ARS,ML
1225,2014-04-22,185500.0,Adelantos transitorios del BCRA al Gobierno Nacional,Informe Monetario Diario,Saldos,D,En millones de ARS,ML
1225,2014-04-23,185500.0,Adelantos transitorios del BCRA al Gobierno Nacional,Informe Monetario Diario,Saldos,D,En millones de ARS,ML
1225,2014-04-24,189100.0,Adelantos transitorios del BCRA al Gobierno Nacional,Informe Monetario Diario,Saldos,D,En millones de ARS,ML
1225,2014-04-25,186600.0,Adelantos transitorios del BCRA al Gobierno Nacional,Informe Monetario Diario,Saldos,D,En millones de ARS,ML
1225,2014-04-28,186600.0,Adelantos transitorios del BCRA al Gobierno Nacional,Informe Monetario Diario,Saldos,D,En millones de ARS,ML
1225,2014-04-29,186600.0,Adelantos transitorios del BCRA al Gobierno Nacional,Informe Monetario Diario,Saldos,D,En millones de ARS,ML
1225,2014-04-30,188800.0,Adelantos transitorios del BCRA al Gobierno Nacional,Informe Monetario Diario,Saldos,D,En millones de ARS,ML
1225,2014-05-05,188800.0,Adelantos transitorios del BCRA al Gobierno Nacional,Informe Monetario Diario,Saldos,D,En millones de ARS,ML
1225,2014-05-06,188800.0,Adelantos transitorios del BCRA al Gobierno Nacional,Informe Monetario Diario,Saldos,D,En millones de ARS,ML
1225,2014-05-07,188800.0,Adelantos transitorios del BCRA al Gobierno Nacional,Informe Monetario Diario,Saldos,D,En millones de ARS,ML
1225,2014-05-08,189050.0,Adelantos transitorios del BCRA al Gobierno Nacional,Informe Monetario Diario,Saldos,D,En millones de ARS,ML
1225,2014-05-09,189050.0,Adelantos transitorios del BCRA al Gobierno Nacional,Informe Monetario Diario,Saldos,D,En millones de ARS,ML
1225,2014-05-12,189050.0,Adelantos transitorios del BCRA al Gobierno Nacional,Informe Monetario Diario,Saldos,D,En millones de ARS,ML
1225,2014-05-13,189050.0,Adelantos transitorios del BCRA al Gobierno Nacional,Informe Monetario Diario,Saldos,D,En millones de ARS,ML
1225,2014-05-14,189050.0,Adelantos transitorios del BCRA al Gobierno Nacional,Informe Monetario Diario,Saldos,D,En millones de ARS,ML
1225,2014-05-15,193050.0,Adelantos transitorios del BCRA al Gobierno Nacional,Informe Monetario Diario,Saldos,D,En millones de ARS,ML
1225,2014-05-16,190650.0,Adelantos transitorios del BCRA al Gobierno Nacional,Informe Monetario Diario,Saldos,D,En millones de ARS,ML
1225,2014-05-19,190650.0,Adelantos transitorios del BCRA al Gobierno Nacional,Informe Monetario Diario,Saldos,D,En millones de ARS,ML
1225,2014-05-20,190650.0,Adelantos transitorios del BCRA al Gobierno Nacional,Informe Monetario Diario,Saldos,D,En millones de ARS,ML
1225,2014-05-21,190650.0,Adelantos transitorios del BCRA al Gobierno Nacional,Informe Monetario Diario,Saldos,D,En millones de ARS,ML
1225,2014-05-22,193100.0,Adelantos transitorios del BCRA al Gobierno Nacional,Informe Monetario Diario,Saldos,D,En millones de ARS,ML
1225,2014-05-23,181550.0,Adelantos transitorios del BCRA al Gobierno Nacional,Informe Monetario Diario,Saldos,D,En millones de ARS,ML
1225,2014-05-26,181550.0,Adelantos transitorios del BCRA al Gobierno Nacional,Informe Monetario Diario,Saldos,D,En millones de ARS,ML
1225,2014-05-27,181550.0,Adelantos transitorios del BCRA al Gobierno Nacional,Informe Monetario Diario,Saldos,D,En millones de ARS,ML
1225,2014-05-28,181550.0,Adelantos transitorios del BCRA al Gobierno Nacional,Informe Monetario Diario,Saldos,D,En millones de ARS,ML
1225,2014-05-29,196350.0,Adelantos transitorios del BCRA al Gobierno Nacional,Informe Monetario Diario,Saldos,D,En millones de ARS,ML
1225,2014-05-30,196350.0,Adelantos transitorios del BCRA al Gobierno Nacional,Informe Monetario Diario,Saldos,D,En millones de ARS,ML
1225,2014-06-02,196350.0,Adelantos transitorios del BCRA al Gobierno Nacional,Informe Monetario Diario,Saldos,D,En millones de ARS,ML
1225,2014-06-03,196350.0,Adelantos transitorios del BCRA al Gobierno Nacional,Informe Monetario Diario,Saldos,D,En millones de ARS,ML
1225,2014-06-04,196350.0,Adelantos transitorios del BCRA al Gobierno Nacional,Informe Monetario Diario,Saldos,D,En millones de ARS,ML
1225,2014-06-05,196350.0,Adelantos transitorios del BCRA al Gobierno Nacional,Informe Monetario Diario,Saldos,D,En millones de ARS,ML
1225,2014-06-06,191850.0,Adelantos transitorios del BCRA al Gobierno Nacional,Informe Monetario Diario,Saldos,D,En millones de ARS,ML
1225,2014-06-09,191850.0,Adelantos transitorios del BCRA al Gobierno Nacional,Informe Monetario Diario,Saldos,D,En millones de ARS,ML
1225,2014-06-10,191850.0,Adelantos transitorios del BCRA al Gobierno Nacional,Informe Monetario Diario,Saldos,D,En millones de ARS,ML
1225,2014-06-11,191850.0,Adelantos transitorios del BCRA al Gobierno Nacional,Informe Monetario Diario,Saldos,D,En millones de ARS,ML
1225,2014-06-12,196400.0,Adelantos transitorios del BCRA al Gobierno Nacional,Informe Monetario Diario,Saldos,D,En millones de ARS,ML
1225,2014-06-13,186900.0,Adelantos transitorios del BCRA al Gobierno Nacional,Informe Monetario Diario,Saldos,D,En millones de ARS,ML
1225,2014-06-16,186900.0,Adelantos transitorios del BCRA al Gobierno Nacional,Informe Monetario Diario,Saldos,D,En millones de ARS,ML
1225,2014-06-17,186900.0,Adelantos transitorios del BCRA al Gobierno Nacional,Informe Monetario Diario,Saldos,D,En millones de ARS,ML
1225,2014-06-18,186900.0,Adelantos transitorios del BCRA al Gobierno Nacional,Informe Monetario Diario,Saldos,D,En millones de ARS,ML
1225,2014-06-19,181650.0,Adelantos transitorios del BCRA al Gobierno Nacional,Informe Monetario Diario,Saldos,D,En millones de ARS,ML
1225,2014-06-23,181650.0,Adelantos transitorios del BCRA al Gobierno Nacional,Informe Monetario Diario,Saldos,D,En millones de ARS,ML
1225,2014-06-24,181650.0,Adelantos transitorios del BCRA al Gobierno Nacional,Informe Monetario Diario,Saldos,D,En millones de ARS,ML
1225,2014-06-25,181650.0,Adelantos transitorios del BCRA al Gobierno Nacional,Informe Monetario Diario,Saldos,D,En millones de ARS,ML
1225,2014-06-26,196350.0,Adelantos transitorios del BCRA al Gobierno Nacional,Informe Monetario Diario,Saldos,D,En millones de ARS,ML
1225,2014-06-27,196350.0,Adelantos transitorios del BCRA al Gobierno Nacional,Informe Monetario Diario,Saldos,D,En millones de ARS,ML
1225,2014-06-30,196350.0,Adelantos transitorios del BCRA al Gobierno Nacional,Informe Monetario Diario,Saldos,D,En millones de ARS,ML
1225,2014-07-01,196350.0,Adelantos transitorios del BCRA al Gobierno Nacional,Informe Monetario Diario,Saldos,D,En millones de ARS,ML
1225,2014-07-02,196350.0,Adelantos transitorios del BCRA al Gobierno Nacional,Informe Monetario Diario,Saldos,D,En millones de ARS,ML
1225,2014-07-03,203350.0,Adelantos transitorios del BCRA al Gobierno Nacional,Informe Monetario Diario,Saldos,D,En millones de ARS,ML
1225,2014-07-04,203350.0,Adelantos transitorios del BCRA al Gobierno Nacional,Informe Monetario Diario,Saldos,D,En millones de ARS,ML
1225,2014-07-07,203350.0,Adelantos transitorios del BCRA al Gobierno Nacional,Informe Monetario Diario,Saldos,D,En millones de ARS,ML
1225,2014-07-08,203350.0,Adelantos transitorios del BCRA al Gobierno Nacional,Informe Monetario Diario,Saldos,D,En millones de ARS,ML
1225,2014-07-10,203350.0,Adelantos transitorios del BCRA al Gobierno Nacional,Informe Monetario Diario,Saldos,D,En millones de ARS,ML
1225,2014-07-11,203350.0,Adelantos transitorios del BCRA al Gobierno Nacional,Informe Monetario Diario,Saldos,D,En millones de ARS,ML
1225,2014-07-14,203350.0,Adelantos transitorios del BCRA al Gobierno Nacional,Informe Monetario Diario,Saldos,D,En millones de ARS,ML
1225,2014-07-15,203350.0,Adelantos transitorios del BCRA al Gobierno Nacional,Informe Monetario Diario,Saldos,D,En millones de ARS,ML
1225,2014-07-16,208350.0,Adelantos transitorios del BCRA al Gobierno Nacional,Informe Monetario Diario,Saldos,D,En millones de ARS,ML
1225,2014-07-17,203350.0,Adelantos transitorios del BCRA al Gobierno Nacional,Informe Monetario Diario,Saldos,D,En millones de ARS,ML
1225,2014-07-18,203350.0,Adelantos transitorios del BCRA al Gobierno Nacional,Informe Monetario Diario,Saldos,D,En millones de ARS,ML
1225,2014-07-21,203350.0,Adelantos transitorios del BCRA al Gobierno Nacional,Informe Monetario Diario,Saldos,D,En millones de ARS,ML
1225,2014-07-22,203350.0,Adelantos transitorios del BCRA al Gobierno Nacional,Informe Monetario Diario,Saldos,D,En millones de ARS,ML
1225,2014-07-23,203350.0,Adelantos transitorios del BCRA al Gobierno Nacional,Informe Monetario Diario,Saldos,D,En millones de ARS,ML
1225,2014-07-24,207950.0,Adelantos transitorios del BCRA al Gobierno Nacional,Informe Monetario Diario,Saldos,D,En millones de ARS,ML
1225,2014-07-25,207950.0,Adelantos transitorios del BCRA al Gobierno Nacional,Informe Monetario Diario,Saldos,D,En millones de ARS,ML
1225,2014-07-28,207950.0,Adelantos transitorios del BCRA al Gobierno Nacional,Informe Monetario Diario,Saldos,D,En millones de ARS,ML
1225,2014-07-29,207950.0,Adelantos transitorios del BCRA al Gobierno Nacional,Informe Monetario Diario,Saldos,D,En millones de ARS,ML
1225,2014-07-30,207950.0,Adelantos transitorios del BCRA al Gobierno Nacional,Informe Monetario Diario,Saldos,D,En millones de ARS,ML
1225,2014-07-31,209950.0,Adelantos transitorios del BCRA al Gobierno Nacional,Informe Monetario Diario,Saldos,D,En millones de ARS,ML
1225,2014-08-01,209950.0,Adelantos transitorios del BCRA al Gobierno Nacional,Informe Monetario Diario,Saldos,D,En millones de ARS,ML
1225,2014-08-04,209950.0,Adelantos transitorios del BCRA al Gobierno Nacional,Informe Monetario Diario,Saldos,D,En millones de ARS,ML
1225,2014-08-05,209950.0,Adelantos transitorios del BCRA al Gobierno Nacional,Informe Monetario Diario,Saldos,D,En millones de ARS,ML
1225,2014-08-06,209950.0,Adelantos transitorios del BCRA al Gobierno Nacional,Informe Monetario Diario,Saldos,D,En millones de ARS,ML
1225,2014-08-07,209950.0,Adelantos transitorios del BCRA al Gobierno Nacional,Informe Monetario Diario,Saldos,D,En millones de ARS,ML
1225,2014-08-08,209950.0,Adelantos transitorios del BCRA al Gobierno Nacional,Informe Monetario Diario,Saldos,D,En millones de ARS,ML
1225,2014-08-11,209950.0,Adelantos transitorios del BCRA al Gobierno Nacional,Informe Monetario Diario,Saldos,D,En millones de ARS,ML
1225,2014-08-12,209950.0,Adelantos transitorios del BCRA al Gobierno Nacional,Informe Monetario Diario,Saldos,D,En millones de ARS,ML
1225,2014-08-13,209950.0,Adelantos transitorios del BCRA al Gobierno Nacional,Informe Monetario Diario,Saldos,D,En millones de ARS,ML
1225,2014-08-14,209950.0,Adelantos transitorios del BCRA al Gobierno Nacional,Informe Monetario Diario,Saldos,D,En millones de ARS,ML
1225,2014-08-15,217950.0,Adelantos transitorios del BCRA al Gobierno Nacional,Informe Monetario Diario,Saldos,D,En millones de ARS,ML
1225,2014-08-19,217950.0,Adelantos transitorios del BCRA al Gobierno Nacional,Informe Monetario Diario,Saldos,D,En millones de ARS,ML
1225,2014-08-20,217950.0,Adelantos transitorios del BCRA al Gobierno Nacional,Informe Monetario Diario,Saldos,D,En millones de ARS,ML
1225,2014-08-21,216200.0,Adelantos transitorios del BCRA al Gobierno Nacional,Informe Monetario Diario,Saldos,D,En millones de ARS,ML
1225,2014-08-22,216200.0,Adelantos transitorios del BCRA al Gobierno Nacional,Informe Monetario Diario,Saldos,D,En millones de ARS,ML
1225,2014-08-25,216200.0,Adelantos transitorios del BCRA al Gobierno Nacional,Informe Monetario Diario,Saldos,D,En millones de ARS,ML
1225,2014-08-26,216200.0,Adelantos transitorios del BCRA al Gobierno Nacional,Informe Monetario Diario,Saldos,D,En millones de ARS,ML
1225,2014-08-27,216200.0,Adelantos transitorios del BCRA al Gobierno Nacional,Informe Monetario Diario,Saldos,D,En millones de ARS,ML
1225,2014-08-28,217900.0,Adelantos transitorios del BCRA al Gobierno Nacional,Informe Monetario Diario,Saldos,D,En millones de ARS,ML
1225,2014-08-29,217900.0,Adelantos transitorios del BCRA al Gobierno Nacional,Informe Monetario Diario,Saldos,D,En millones de ARS,ML
1225,2014-09-01,217900.0,Adelantos transitorios del BCRA al Gobierno Nacional,Informe Monetario Diario,Saldos,D,En millones de ARS,ML
1225,2014-09-02,217900.0,Adelantos transitorios del BCRA al Gobierno Nacional,Informe Monetario Diario,Saldos,D,En millones de ARS,ML
1225,2014-09-03,217900.0,Adelantos transitorios del BCRA al Gobierno Nacional,Informe Monetario Diario,Saldos,D,En millones de ARS,ML
1225,2014-09-04,217900.0,Adelantos transitorios del BCRA al Gobierno Nacional,Informe Monetario Diario,Saldos,D,En millones de ARS,ML
1225,2014-09-05,217900.0,Adelantos transitorios del BCRA al Gobierno Nacional,Informe Monetario Diario,Saldos,D,En millones de ARS,ML
1225,2014-09-08,217900.0,Adelantos transitorios del BCRA al Gobierno Nacional,Informe Monetario Diario,Saldos,D,En millones de ARS,ML
1225,2014-09-09,217900.0,Adelantos transitorios del BCRA al Gobierno Nacional,Informe Monetario Diario,Saldos,D,En millones de ARS,ML
1225,2014-09-10,217900.0,Adelantos transitorios del BCRA al Gobierno Nacional,Informe Monetario Diario,Saldos,D,En millones de ARS,ML
1225,2014-09-11,217900.0,Adelantos transitorios del BCRA al Gobierno Nacional,Informe Monetario Diario,Saldos,D,En millones de ARS,ML
1225,2014-09-12,217900.0,Adelantos transitorios del BCRA al Gobierno Nacional,Informe Monetario Diario,Saldos,D,En millones de ARS,ML
1225,2014-09-15,217900.0,Adelantos transitorios del BCRA al Gobierno Nacional,Informe Monetario Diario,Saldos,D,En millones de ARS,ML
1225,2014-09-16,217900.0,Adelantos transitorios del BCRA al Gobierno Nacional,Informe Monetario Diario,Saldos,D,En millones de ARS,ML
1225,2014-09-17,217900.0,Adelantos transitorios del BCRA al Gobierno Nacional,Informe Monetario Diario,Saldos,D,En millones de ARS,ML
1225,2014-09-18,223950.0,Adelantos transitorios del BCRA al Gobierno Nacional,Informe Monetario Diario,Saldos,D,En millones de ARS,ML
1225,2014-09-19,223950.0,Adelantos transitorios del BCRA al Gobierno Nacional,Informe Monetario Diario,Saldos,D,En millones de ARS,ML
1225,2014-09-22,223950.0,Adelantos transitorios del BCRA al Gobierno Nacional,Informe Monetario Diario,Saldos,D,En millones de ARS,ML
1225,2014-09-23,223950.0,Adelantos transitorios del BCRA al Gobierno Nacional,Informe Monetario Diario,Saldos,D,En millones de ARS,ML
1225,2014-09-24,223950.0,Adelantos transitorios del BCRA al Gobierno Nacional,Informe Monetario Diario,Saldos,D,En millones de ARS,ML
1225,2014-09-25,223950.0,Adelantos transitorios del BCRA al Gobierno Nacional,Informe Monetario Diario,Saldos,D,En millones de ARS,ML
1225,2014-09-26,223950.0,Adelantos transitorios del BCRA al Gobierno Nacional,Informe Monetario Diario,Saldos,D,En millones de ARS,ML
1225,2014-09-29,223950.0,Adelantos transitorios del BCRA al Gobierno Nacional,Informe Monetario Diario,Saldos,D,En millones de ARS,ML
1225,2014-09-30,223950.0,Adelantos transitorios del BCRA al Gobierno Nacional,Informe Monetario Diario,Saldos,D,En millones de ARS,ML
1225,2014-10-01,223950.0,Adelantos transitorios del BCRA al Gobierno Nacional,Informe Monetario Diario,Saldos,D,En millones de ARS,ML
1225,2014-10-02,223950.0,Adelantos transitorios del BCRA al Gobierno Nacional,Informe Monetario Diario,Saldos,D,En millones de ARS,ML
1225,2014-10-03,223950.0,Adelantos transitorios del BCRA al Gobierno Nacional,Informe Monetario Diario,Saldos,D,En millones de ARS,ML
1225,2014-10-06,223950.0,Adelantos transitorios del BCRA al Gobierno Nacional,Informe Monetario Diario,Saldos,D,En millones de ARS,ML
1225,2014-10-07,223950.0,Adelantos transitorios del BCRA al Gobierno Nacional,Informe Monetario Diario,Saldos,D,En millones de ARS,ML
1225,2014-10-08,223950.0,Adelantos transitorios del BCRA al Gobierno Nacional,Informe Monetario Diario,Saldos,D,En millones de ARS,ML
1225,2014-10-09,223950.0,Adelantos transitorios del BCRA al Gobierno Nacional,Informe Monetario Diario,Saldos,D,En millones de ARS,ML
1225,2014-10-10,223950.0,Adelantos transitorios del BCRA al Gobierno Nacional,Informe Monetario Diario,Saldos,D,En millones de ARS,ML
1225,2014-10-14,222350.0,Adelantos transitorios del BCRA al Gobierno Nacional,Informe Monetario Diario,Saldos,D,En millones de ARS,ML
1225,2014-10-15,222350.0,Adelantos transitorios del BCRA al Gobierno Nacional,Informe Monetario Diario,Saldos,D,En millones de ARS,ML
1225,2014-10-16,224400.0,Adelantos transitorios del BCRA al Gobierno Nacional,Informe Monetario Diario,Saldos,D,En millones de ARS,ML
1225,2014-10-17,224400.0,Adelantos transitorios del BCRA al Gobierno Nacional,Informe Monetario Diario,Saldos,D,En millones de ARS,ML
1225,2014-10-20,224400.0,Adelantos transitorios del BCRA al Gobierno Nacional,Informe Monetario Diario,Saldos,D,En millones de ARS,ML
1225,2014-10-21,224400.0,Adelantos transitorios del BCRA al Gobierno Nacional,Informe Monetario Diario,Saldos,D,En millones de ARS,ML
1225,2014-10-22,224400.0,Adelantos transitorios del BCRA al Gobierno Nacional,Informe Monetario Diario,Saldos,D,En millones de ARS,ML
1225,2014-10-23,224400.0,Adelantos transitorios del BCRA al Gobierno Nacional,Informe Monetario Diario,Saldos,D,En millones de ARS,ML
1225,2014-10-24,224400.0,Adelantos transitorios del BCRA al Gobierno Nacional,Informe Monetario Diario,Saldos,D,En millones de ARS,ML
1225,2014-10-27,224400.0,Adelantos transitorios del BCRA al Gobierno Nacional,Informe Monetario Diario,Saldos,D,En millones de ARS,ML
1225,2014-10-28,224400.0,Adelantos transitorios del BCRA al Gobierno Nacional,Informe Monetario Diario,Saldos,D,En millones de ARS,ML
1225,2014-10-29,224400.0,Adelantos transitorios del BCRA al Gobierno Nacional,Informe Monetario Diario,Saldos,D,En millones de ARS,ML
1225,2014-10-30,224400.0,Adelantos transitorios del BCRA al Gobierno Nacional,Informe Monetario Diario,Saldos,D,En millones de ARS,ML
1225,2014-10-31,227400.0,Adelantos transitorios del BCRA al Gobierno Nacional,Informe Monetario Diario,Saldos,D,En millones de ARS,ML
1225,2014-11-03,226450.0,Adelantos transitorios del BCRA al Gobierno Nacional,Informe Monetario Diario,Saldos,D,En millones de ARS,ML
1225,2014-11-04,226450.0,Adelantos transitorios del BCRA al Gobierno Nacional,Informe Monetario Diario,Saldos,D,En millones de ARS,ML
1225,2014-11-05,227450.0,Adelantos transitorios del BCRA al Gobierno Nacional,Informe Monetario Diario,Saldos,D,En millones de ARS,ML
1225,2014-11-07,227450.0,Adelantos transitorios del BCRA al Gobierno Nacional,Informe Monetario Diario,Saldos,D,En millones de ARS,ML
1225,2014-11-10,227450.0,Adelantos transitorios del BCRA al Gobierno Nacional,Informe Monetario Diario,Saldos,D,En millones de ARS,ML
1225,2014-11-11,227450.0,Adelantos transitorios del BCRA al Gobierno Nacional,Informe Monetario Diario,Saldos,D,En millones de ARS,ML
1225,2014-11-12,227450.0,Adelantos transitorios del BCRA al Gobierno Nacional,Informe Monetario Diario,Saldos,D,En millones de ARS,ML
1225,2014-11-13,232450.0,Adelantos transitorios del BCRA al Gobierno Nacional,Informe Monetario Diario,Saldos,D,En millones de ARS,ML
1225,2014-11-14,232450.0,Adelantos transitorios del BCRA al Gobierno Nacional,Informe Monetario Diario,Saldos,D,En millones de ARS,ML
1225,2014-11-17,232450.0,Adelantos transitorios del BCRA al Gobierno Nacional,Informe Monetario Diario,Saldos,D,En millones de ARS,ML
1225,2014-11-18,232450.0,Adelantos transitorios del BCRA al Gobierno Nacional,Informe Monetario Diario,Saldos,D,En millones de ARS,ML
1225,2014-11-19,232450.0,Adelantos transitorios del BCRA al Gobierno Nacional,Informe Monetario Diario,Saldos,D,En millones de ARS,ML
1225,2014-11-20,228450.0,Adelantos transitorios del BCRA al Gobierno Nacional,Informe Monetario Diario,Saldos,D,En millones de ARS,ML
1225,2014-11-21,232450.0,Adelantos transitorios del BCRA al Gobierno Nacional,Informe Monetario Diario,Saldos,D,En millones de ARS,ML
1225,2014-11-25,232450.0,Adelantos transitorios del BCRA al Gobierno Nacional,Informe Monetario Diario,Saldos,D,En millones de ARS,ML
1225,2014-11-26,232450.0,Adelantos transitorios del BCRA al Gobierno Nacional,Informe Monetario Diario,Saldos,D,En millones de ARS,ML
1225,2014-11-27,232450.0,Adelantos transitorios del BCRA al Gobierno Nacional,Informe Monetario Diario,Saldos,D,En millones de ARS,ML
1225,2014-11-28,232450.0,Adelantos transitorios del BCRA al Gobierno Nacional,Informe Monetario Diario,Saldos,D,En millones de ARS,ML
1225,2014-12-01,232450.0,Adelantos transitorios del BCRA al Gobierno Nacional,Informe Monetario Diario,Saldos,D,En millones de ARS,ML
1225,2014-12-02,232450.0,Adelantos transitorios del BCRA al Gobierno Nacional,Informe Monetario Diario,Saldos,D,En millones de ARS,ML
1225,2014-12-03,232450.0,Adelantos transitorios del BCRA al Gobierno Nacional,Informe Monetario Diario,Saldos,D,En millones de ARS,ML
1225,2014-12-04,232450.0,Adelantos transitorios del BCRA al Gobierno Nacional,Informe Monetario Diario,Saldos,D,En millones de ARS,ML
1225,2014-12-05,239450.0,Adelantos transitorios del BCRA al Gobierno Nacional,Informe Monetario Diario,Saldos,D,En millones de ARS,ML
1225,2014-12-09,239450.0,Adelantos transitorios del BCRA al Gobierno Nacional,Informe Monetario Diario,Saldos,D,En millones de ARS,ML
1225,2014-12-10,239450.0,Adelantos transitorios del BCRA al Gobierno Nacional,Informe Monetario Diario,Saldos,D,En millones de ARS,ML
1225,2014-12-11,227450.0,Adelantos transitorios del BCRA al Gobierno Nacional,Informe Monetario Diario,Saldos,D,En millones de ARS,ML
1225,2014-12-12,239450.0,Adelantos transitorios del BCRA al Gobierno Nacional,Informe Monetario Diario,Saldos,D,En millones de ARS,ML
1225,2014-12-15,239450.0,Adelantos transitorios del BCRA al Gobierno Nacional,Informe Monetario Diario,Saldos,D,En millones de ARS,ML
1225,2014-12-16,243450.0,Adelantos transitorios del BCRA al Gobierno Nacional,Informe Monetario Diario,Saldos,D,En millones de ARS,ML
1225,2014-12-17,243450.0,Adelantos transitorios del BCRA al Gobierno Nacional,Informe Monetario Diario,Saldos,D,En millones de ARS,ML
1225,2014-12-18,243450.0,Adelantos transitorios del BCRA al Gobierno Nacional,Informe Monetario Diario,Saldos,D,En millones de ARS,ML
1225,2014-12-19,243450.0,Adelantos transitorios del BCRA al Gobierno Nacional,Informe Monetario Diario,Saldos,D,En millones de ARS,ML
1225,2014-12-22,243450.0,Adelantos transitorios del BCRA al Gobierno Nacional,Informe Monetario Diario,Saldos,D,En millones de ARS,ML
1225,2014-12-23,251450.0,Adelantos transitorios del BCRA al Gobierno Nacional,Informe Monetario Diario,Saldos,D,En millones de ARS,ML
1225,2014-12-24,251450.0,Adelantos transitorios del BCRA al Gobierno Nacional,Informe Monetario Diario,Saldos,D,En millones de ARS,ML
1225,2014-12-29,251450.0,Adelantos transitorios del BCRA al Gobierno Nacional,Informe Monetario Diario,Saldos,D,En millones de ARS,ML
1225,2014-12-30,251450.0,Adelantos transitorios del BCRA al Gobierno Nacional,Informe Monetario Diario,Saldos,D,En millones de ARS,ML
1225,2015-01-02,251450.0,Adelantos transitorios del BCRA al Gobierno Nacional,Informe Monetario Diario,Saldos,D,En millones de ARS,ML
1225,2015-01-05,251450.0,Adelantos transitorios del BCRA al Gobierno Nacional,Informe Monetario Diario,Saldos,D,En millones de ARS,ML
1225,2015-01-06,251450.0,Adelantos transitorios del BCRA al Gobierno Nacional,Informe Monetario Diario,Saldos,D,En millones de ARS,ML
1225,2015-01-07,251450.0,Adelantos transitorios del BCRA al Gobierno Nacional,Informe Monetario Diario,Saldos,D,En millones de ARS,ML
1225,2015-01-08,251450.0,Adelantos transitorios del BCRA al Gobierno Nacional,Informe Monetario Diario,Saldos,D,En millones de ARS,ML
1225,2015-01-09,251450.0,Adelantos transitorios del BCRA al Gobierno Nacional,Informe Monetario Diario,Saldos,D,En millones de ARS,ML
1225,2015-01-12,251450.0,Adelantos transitorios del BCRA al Gobierno Nacional,Informe Monetario Diario,Saldos,D,En millones de ARS,ML
1225,2015-01-13,251450.0,Adelantos transitorios del BCRA al Gobierno Nacional,Informe Monetario Diario,Saldos,D,En millones de ARS,ML
1225,2015-01-14,251450.0,Adelantos transitorios del BCRA al Gobierno Nacional,Informe Monetario Diario,Saldos,D,En millones de ARS,ML
1225,2015-01-15,242450.0,Adelantos transitorios del BCRA al Gobierno Nacional,Informe Monetario Diario,Saldos,D,En millones de ARS,ML
1225,2015-01-16,242450.0,Adelantos transitorios del BCRA al Gobierno Nacional,Informe Monetario Diario,Saldos,D,En millones de ARS,ML
1225,2015-01-19,242450.0,Adelantos transitorios del BCRA al Gobierno Nacional,Informe Monetario Diario,Saldos,D,En millones de ARS,ML
1225,2015-01-20,242450.0,Adelantos transitorios del BCRA al Gobierno Nacional,Informe Monetario Diario,Saldos,D,En millones de ARS,ML
1225,2015-01-21,242450.0,Adelantos transitorios del BCRA al Gobierno Nacional,Informe Monetario Diario,Saldos,D,En millones de ARS,ML
1225,2015-01-22,249550.0,Adelantos transitorios del BCRA al Gobierno Nacional,Informe Monetario Diario,Saldos,D,En millones de ARS,ML
1225,2015-01-23,249550.0,Adelantos transitorios del BCRA al Gobierno Nacional,Informe Monetario Diario,Saldos,D,En millones de ARS,ML
1225,2015-01-26,249550.0,Adelantos transitorios del BCRA al Gobierno Nacional,Informe Monetario Diario,Saldos,D,En millones de ARS,ML
1225,2015-01-27,249550.0,Adelantos transitorios del BCRA al Gobierno Nacional,Informe Monetario Diario,Saldos,D,En millones de ARS,ML
1225,2015-01-28,249550.0,Adelantos transitorios del BCRA al Gobierno Nacional,Informe Monetario Diario,Saldos,D,En millones de ARS,ML
1225,2015-01-29,249550.0,Adelantos transitorios del BCRA al Gobierno Nacional,Informe Monetario Diario,Saldos,D,En millones de ARS,ML
1225,2015-01-30,249550.0,Adelantos transitorios del BCRA al Gobierno Nacional,Informe Monetario Diario,Saldos,D,En millones de ARS,ML
1225,2015-02-02,249550.0,Adelantos transitorios del BCRA al Gobierno Nacional,Informe Monetario Diario,Saldos,D,En millones de ARS,ML
1225,2015-02-03,249550.0,Adelantos transitorios del BCRA al Gobierno Nacional,Informe Monetario Diario,Saldos,D,En millones de ARS,ML
1225,2015-02-04,249550.0,Adelantos transitorios del BCRA al Gobierno Nacional,Informe Monetario Diario,Saldos,D,En millones de ARS,ML
1225,2015-02-05,250850.0,Adelantos transitorios del BCRA al Gobierno Nacional,Informe Monetario Diario,Saldos,D,En millones de ARS,ML
1225,2015-02-06,250850.0,Adelantos transitorios del BCRA al Gobierno Nacional,Informe Monetario Diario,Saldos,D,En millones de ARS,ML
1225,2015-02-09,250850.0,Adelantos transitorios del BCRA al Gobierno Nacional,Informe Monetario Diario,Saldos,D,En millones de ARS,ML
1225,2015-02-10,250850.0,Adelantos transitorios del BCRA al Gobierno Nacional,Informe Monetario Diario,Saldos,D,En millones de ARS,ML
1225,2015-02-11,250850.0,Adelantos transitorios del BCRA al Gobierno Nacional,Informe Monetario Diario,Saldos,D,En millones de ARS,ML
1225,2015-02-12,250850.0,Adelantos transitorios del BCRA al Gobierno Nacional,Informe Monetario Diario,Saldos,D,En millones de ARS,ML
1225,2015-02-13,248050.0,Adelantos transitorios del BCRA al Gobierno Nacional,Informe Monetario Diario,Saldos,D,En millones de ARS,ML
1225,2015-02-18,248050.0,Adelantos transitorios del BCRA al Gobierno Nacional,Informe Monetario Diario,Saldos,D,En millones de ARS,ML
1225,2015-02-19,251450.0,Adelantos transitorios del BCRA al Gobierno Nacional,Informe Monetario Diario,Saldos,D,En millones de ARS,ML
1225,2015-02-20,249150.0,Adelantos transitorios del BCRA al Gobierno Nacional,Informe Monetario Diario,Saldos,D,En millones de ARS,ML
1225,2015-02-23,249150.0,Adelantos transitorios del BCRA al Gobierno Nacional,Informe Monetario Diario,Saldos,D,En millones de ARS,ML
1225,2015-02-24,249150.0,Adelantos transitorios del BCRA al Gobierno Nacional,Informe Monetario Diario,Saldos,D,En millones de ARS,ML
1225,2015-02-25,249150.0,Adelantos transitorios del BCRA al Gobierno Nacional,Informe Monetario Diario,Saldos,D,En millones de ARS,ML
1225,2015-02-26,251450.0,Adelantos transitorios del BCRA al Gobierno Nacional,Informe Monetario Diario,Saldos,D,En millones de ARS,ML
1225,2015-02-27,251450.0,Adelantos transitorios del BCRA al Gobierno Nacional,Informe Monetario Diario,Saldos,D,En millones de ARS,ML
1225,2015-03-02,251450.0,Adelantos transitorios del BCRA al Gobierno Nacional,Informe Monetario Diario,Saldos,D,En millones de ARS,ML
1225,2015-03-03,251450.0,Adelantos transitorios del BCRA al Gobierno Nacional,Informe Monetario Diario,Saldos,D,En millones de ARS,ML
1225,2015-03-04,251450.0,Adelantos transitorios del BCRA al Gobierno Nacional,Informe Monetario Diario,Saldos,D,En millones de ARS,ML
1225,2015-03-05,258450.0,Adelantos transitorios del BCRA al Gobierno Nacional,Informe Monetario Diario,Saldos,D,En millones de ARS,ML
1225,2015-03-06,255850.0,Adelantos transitorios del BCRA al Gobierno Nacional,Informe Monetario Diario,Saldos,D,En millones de ARS,ML
1225,2015-03-09,255850.0,Adelantos transitorios del BCRA al Gobierno Nacional,Informe Monetario Diario,Saldos,D,En millones de ARS,ML
1225,2015-03-10,255850.0,Adelantos transitorios del BCRA al Gobierno Nacional,Informe Monetario Diario,Saldos,D,En millones de ARS,ML
1225,2015-03-11,255850.0,Adelantos transitorios del BCRA al Gobierno Nacional,Informe Monetario Diario,Saldos,D,En millones de ARS,ML
1225,2015-03-12,258250.0,Adelantos transitorios del BCRA al Gobierno Nacional,Informe Monetario Diario,Saldos,D,En millones de ARS,ML
1225,2015-03-13,258250.0,Adelantos transitorios del BCRA al Gobierno Nacional,Informe Monetario Diario,Saldos,D,En millones de ARS,ML
1225,2015-03-16,258250.0,Adelantos transitorios del BCRA al Gobierno Nacional,Informe Monetario Diario,Saldos,D,En millones de ARS,ML
1225,2015-03-17,258250.0,Adelantos transitorios del BCRA al Gobierno Nacional,Informe Monetario Diario,Saldos,D,En millones de ARS,ML
1225,2015-03-18,258250.0,Adelantos transitorios del BCRA al Gobierno Nacional,Informe Monetario Diario,Saldos,D,En millones de ARS,ML
1225,2015-03-19,258250.0,Adelantos transitorios del BCRA al Gobierno Nacional,Informe Monetario Diario,Saldos,D,En millones de ARS,ML
1225,2015-03-20,258250.0,Adelantos transitorios del BCRA al Gobierno Nacional,Informe Monetario Diario,Saldos,D,En millones de ARS,ML
1225,2015-03-25,258250.0,Adelantos transitorios del BCRA al Gobierno Nacional,Informe Monetario Diario,Saldos,D,En millones de ARS,ML
1225,2015-03-26,251950.0,Adelantos transitorios del BCRA al Gobierno Nacional,Informe Monetario Diario,Saldos,D,En millones de ARS,ML
1225,2015-03-27,257750.0,Adelantos transitorios del BCRA al Gobierno Nacional,Informe Monetario Diario,Saldos,D,En millones de ARS,ML
1225,2015-03-30,257750.0,Adelantos transitorios del BCRA al Gobierno Nacional,Informe Monetario Diario,Saldos,D,En millones de ARS,ML
1225,2015-03-31,257750.0,Adelantos transitorios del BCRA al Gobierno Nacional,Informe Monetario Diario,Saldos,D,En millones de ARS,ML
1225,2015-04-01,257750.0,Adelantos transitorios del BCRA al Gobierno Nacional,Informe Monetario Diario,Saldos,D,En millones de ARS,ML
1225,2015-04-06,254950.0,Adelantos transitorios del BCRA al Gobierno Nacional,Informe Monetario Diario,Saldos,D,En millones de ARS,ML
1225,2015-04-07,254950.0,Adelantos transitorios del BCRA al Gobierno Nacional,Informe Monetario Diario,Saldos,D,En millones de ARS,ML
1225,2015-04-08,254950.0,Adelantos transitorios del BCRA al Gobierno Nacional,Informe Monetario Diario,Saldos,D,En millones de ARS,ML
1225,2015-04-09,258450.0,Adelantos transitorios del BCRA al Gobierno Nacional,Informe Monetario Diario,Saldos,D,En millones de ARS,ML
1225,2015-04-10,258450.0,Adelantos transitorios del BCRA al Gobierno Nacional,Informe Monetario Diario,Saldos,D,En millones de ARS,ML
1225,2015-04-13,257750.0,Adelantos transitorios del BCRA al Gobierno Nacional,Informe Monetario Diario,Saldos,D,En millones de ARS,ML
1225,2015-04-14,257750.0,Adelantos transitorios del BCRA al Gobierno Nacional,Informe Monetario Diario,Saldos,D,En millones de ARS,ML
1225,2015-04-15,257750.0,Adelantos transitorios del BCRA al Gobierno Nacional,Informe Monetario Diario,Saldos,D,En millones de ARS,ML
1225,2015-04-16,258450.0,Adelantos transitorios del BCRA al Gobierno Nacional,Informe Monetario Diario,Saldos,D,En millones de ARS,ML
1225,2015-04-17,258450.0,Adelantos transitorios del BCRA al Gobierno Nacional,Informe Monetario Diario,Saldos,D,En millones de ARS,ML
1225,2015-04-20,254850.0,Adelantos transitorios del BCRA al Gobierno Nacional,Informe Monetario Diario,Saldos,D,En millones de ARS,ML
1225,2015-04-21,254850.0,Adelantos transitorios del BCRA al Gobierno Nacional,Informe Monetario Diario,Saldos,D,En millones de ARS,ML
1225,2015-04-22,254850.0,Adelantos transitorios del BCRA al Gobierno Nacional,Informe Monetario Diario,Saldos,D,En millones de ARS,ML
1225,2015-04-23,258450.0,Adelantos transitorios del BCRA al Gobierno Nacional,Informe Monetario Diario,Saldos,D,En millones de ARS,ML
1225,2015-04-24,258450.0,Adelantos transitorios del BCRA al Gobierno Nacional,Informe Monetario Diario,Saldos,D,En millones de ARS,ML
1225,2015-04-27,256000.0,Adelantos transitorios del BCRA al Gobierno Nacional,Informe Monetario Diario,Saldos,D,En millones de ARS,ML
1225,2015-04-28,256000.0,Adelantos transitorios del BCRA al Gobierno Nacional,Informe Monetario Diario,Saldos,D,En millones de ARS,ML
1225,2015-04-29,256000.0,Adelantos transitorios del BCRA al Gobierno Nacional,Informe Monetario Diario,Saldos,D,En millones de ARS,ML
1225,2015-04-30,262650.0,Adelantos transitorios del BCRA al Gobierno Nacional,Informe Monetario Diario,Saldos,D,En millones de ARS,ML
1225,2015-05-04,262650.0,Adelantos transitorios del BCRA al Gobierno Nacional,Informe Monetario Diario,Saldos,D,En millones de ARS,ML
1225,2015-05-05,262650.0,Adelantos transitorios del BCRA al Gobierno Nacional,Informe Monetario Diario,Saldos,D,En millones de ARS,ML
1225,2015-05-06,262650.0,Adelantos transitorios del BCRA al Gobierno Nacional,Informe Monetario Diario,Saldos,D,En millones de ARS,ML
1225,2015-05-07,268350.0,Adelantos transitorios del BCRA al Gobierno Nacional,Informe Monetario Diario,Saldos,D,En millones de ARS,ML
1225,2015-05-08,268350.0,Adelantos transitorios del BCRA al Gobierno Nacional,Informe Monetario Diario,Saldos,D,En millones de ARS,ML
1225,2015-05-11,268350.0,Adelantos transitorios del BCRA al Gobierno Nacional,Informe Monetario Diario,Saldos,D,En millones de ARS,ML
1225,2015-05-12,268350.0,Adelantos transitorios del BCRA al Gobierno Nacional,Informe Monetario Diario,Saldos,D,En millones de ARS,ML
1225,2015-05-13,268350.0,Adelantos transitorios del BCRA al Gobierno Nacional,Informe Monetario Diario,Saldos,D,En millones de ARS,ML
1225,2015-05-14,268350.0,Adelantos transitorios del BCRA al Gobierno Nacional,Informe Monetario Diario,Saldos,D,En millones de ARS,ML
1225,2015-05-15,268350.0,Adelantos transitorios del BCRA al Gobierno Nacional,Informe Monetario Diario,Saldos,D,En millones de ARS,ML
1225,2015-05-18,268350.0,Adelantos transitorios del BCRA al Gobierno Nacional,Informe Monetario Diario,Saldos,D,En millones de ARS,ML
1225,2015-05-19,268350.0,Adelantos transitorios del BCRA al Gobierno Nacional,Informe Monetario Diario,Saldos,D,En millones de ARS,ML
1225,2015-05-20,268350.0,Adelantos transitorios del BCRA al Gobierno Nacional,Informe Monetario Diario,Saldos,D,En millones de ARS,ML
1225,2015-05-21,268350.0,Adelantos transitorios del BCRA al Gobierno Nacional,Informe Monetario Diario,Saldos,D,En millones de ARS,ML
1225,2015-05-22,268350.0,Adelantos transitorios del BCRA al Gobierno Nacional,Informe Monetario Diario,Saldos,D,En millones de ARS,ML
1225,2015-05-26,268350.0,Adelantos transitorios del BCRA al Gobierno Nacional,Informe Monetario Diario,Saldos,D,En millones de ARS,ML
1225,2015-05-27,265650.0,Adelantos transitorios del BCRA al Gobierno Nacional,Informe Monetario Diario,Saldos,D,En millones de ARS,ML
1225,2015-05-28,268350.0,Adelantos transitorios del BCRA al Gobierno Nacional,Informe Monetario Diario,Saldos,D,En millones de ARS,ML
1225,2015-05-29,268350.0,Adelantos transitorios del BCRA al Gobierno Nacional,Informe Monetario Diario,Saldos,D,En millones de ARS,ML
1225,2015-06-01,268350.0,Adelantos transitorios del BCRA al Gobierno Nacional,Informe Monetario Diario,Saldos,D,En millones de ARS,ML
1225,2015-06-02,268350.0,Adelantos transitorios del BCRA al Gobierno Nacional,Informe Monetario Diario,Saldos,D,En millones de ARS,ML
1225,2015-06-03,268350.0,Adelantos transitorios del BCRA al Gobierno Nacional,Informe Monetario Diario,Saldos,D,En millones de ARS,ML
1225,2015-06-04,268350.0,Adelantos transitorios del BCRA al Gobierno Nacional,Informe Monetario Diario,Saldos,D,En millones de ARS,ML
1225,2015-06-05,268350.0,Adelantos transitorios del BCRA al Gobierno Nacional,Informe Monetario Diario,Saldos,D,En millones de ARS,ML
1225,2015-06-08,268350.0,Adelantos transitorios del BCRA al Gobierno Nacional,Informe Monetario Diario,Saldos,D,En millones de ARS,ML
1225,2015-06-09,268350.0,Adelantos transitorios del BCRA al Gobierno Nacional,Informe Monetario Diario,Saldos,D,En millones de ARS,ML
1225,2015-06-10,268350.0,Adelantos transitorios del BCRA al Gobierno Nacional,Informe Monetario Diario,Saldos,D,En millones de ARS,ML
1225,2015-06-11,268350.0,Adelantos transitorios del BCRA al Gobierno Nacional,Informe Monetario Diario,Saldos,D,En millones de ARS,ML
1225,2015-06-12,268350.0,Adelantos transitorios del BCRA al Gobierno Nacional,Informe Monetario Diario,Saldos,D,En millones de ARS,ML
1225,2015-06-15,268350.0,Adelantos transitorios del BCRA al Gobierno Nacional,Informe Monetario Diario,Saldos,D,En millones de ARS,ML
1225,2015-06-16,268350.0,Adelantos transitorios del BCRA al Gobierno Nacional,Informe Monetario Diario,Saldos,D,En millones de ARS,ML
1225,2015-06-17,268350.0,Adelantos transitorios del BCRA al Gobierno Nacional,Informe Monetario Diario,Saldos,D,En millones de ARS,ML
1225,2015-06-18,268350.0,Adelantos transitorios del BCRA al Gobierno Nacional,Informe Monetario Diario,Saldos,D,En millones de ARS,ML
1225,2015-06-19,268350.0,Adelantos transitorios del BCRA al Gobierno Nacional,Informe Monetario Diario,Saldos,D,En millones de ARS,ML
1225,2015-06-22,268350.0,Adelantos transitorios del BCRA al Gobierno Nacional,Informe Monetario Diario,Saldos,D,En millones de ARS,ML
1225,2015-06-23,268350.0,Adelantos transitorios del BCRA al Gobierno Nacional,Informe Monetario Diario,Saldos,D,En millones de ARS,ML
1225,2015-06-24,268350.0,Adelantos transitorios del BCRA al Gobierno Nacional,Informe Monetario Diario,Saldos,D,En millones de ARS,ML
1225,2015-06-25,268350.0,Adelantos transitorios del BCRA al Gobierno Nacional,Informe Monetario Diario,Saldos,D,En millones de ARS,ML
1225,2015-06-26,272350.0,Adelantos transitorios del BCRA al Gobierno Nacional,Informe Monetario Diario,Saldos,D,En millones de ARS,ML
1225,2015-06-29,272350.0,Adelantos transitorios del BCRA al Gobierno Nacional,Informe Monetario Diario,Saldos,D,En millones de ARS,ML
1225,2015-06-30,272350.0,Adelantos transitorios del BCRA al Gobierno Nacional,Informe Monetario Diario,Saldos,D,En millones de ARS,ML
1225,2015-07-01,272350.0,Adelantos transitorios del BCRA al Gobierno Nacional,Informe Monetario Diario,Saldos,D,En millones de ARS,ML
1225,2015-07-02,272350.0,Adelantos transitorios del BCRA al Gobierno Nacional,Informe Monetario Diario,Saldos,D,En millones de ARS,ML
1225,2015-07-03,272350.0,Adelantos transitorios del BCRA al Gobierno Nacional,Informe Monetario Diario,Saldos,D,En millones de ARS,ML
1225,2015-07-06,272350.0,Adelantos transitorios del BCRA al Gobierno Nacional,Informe Monetario Diario,Saldos,D,En millones de ARS,ML
1225,2015-07-07,272350.0,Adelantos transitorios del BCRA al Gobierno Nacional,Informe Monetario Diario,Saldos,D,En millones de ARS,ML
1225,2015-07-08,272350.0,Adelantos transitorios del BCRA al Gobierno Nacional,Informe Monetario Diario,Saldos,D,En millones de ARS,ML
1225,2015-07-10,272350.0,Adelantos transitorios del BCRA al Gobierno Nacional,Informe Monetario Diario,Saldos,D,En millones de ARS,ML
1225,2015-07-13,272350.0,Adelantos transitorios del BCRA al Gobierno Nacional,Informe Monetario Diario,Saldos,D,En millones de ARS,ML
1225,2015-07-14,272350.0,Adelantos transitorios del BCRA al Gobierno Nacional,Informe Monetario Diario,Saldos,D,En millones de ARS,ML
1225,2015-07-15,272350.0,Adelantos transitorios del BCRA al Gobierno Nacional,Informe Monetario Diario,Saldos,D,En millones de ARS,ML
1225,2015-07-16,272350.0,Adelantos transitorios del BCRA al Gobierno Nacional,Informe Monetario Diario,Saldos,D,En millones de ARS,ML
1225,2015-07-17,272350.0,Adelantos transitorios del BCRA al Gobierno Nacional,Informe Monetario Diario,Saldos,D,En millones de ARS,ML
1225,2015-07-20,272350.0,Adelantos transitorios del BCRA al Gobierno Nacional,Informe Monetario Diario,Saldos,D,En millones de ARS,ML
1225,2015-07-21,272350.0,Adelantos transitorios del BCRA al Gobierno Nacional,Informe Monetario Diario,Saldos,D,En millones de ARS,ML
1225,2015-07-22,272350.0,Adelantos transitorios del BCRA al Gobierno Nacional,Informe Monetario Diario,Saldos,D,En millones de ARS,ML
1225,2015-07-23,282350.0,Adelantos transitorios del BCRA al Gobierno Nacional,Informe Monetario Diario,Saldos,D,En millones de ARS,ML
1225,2015-07-24,282350.0,Adelantos transitorios del BCRA al Gobierno Nacional,Informe Monetario Diario,Saldos,D,En millones de ARS,ML
1225,2015-07-27,282350.0,Adelantos transitorios del BCRA al Gobierno Nacional,Informe Monetario Diario,Saldos,D,En millones de ARS,ML
1225,2015-07-28,282350.0,Adelantos transitorios del BCRA al Gobierno Nacional,Informe Monetario Diario,Saldos,D,En millones de ARS,ML
1225,2015-07-29,282350.0,Adelantos transitorios del BCRA al Gobierno Nacional,Informe Monetario Diario,Saldos,D,En millones de ARS,ML
1225,2015-07-30,282350.0,Adelantos transitorios del BCRA al Gobierno Nacional,Informe Monetario Diario,Saldos,D,En millones de ARS,ML
1225,2015-07-31,282350.0,Adelantos transitorios del BCRA al Gobierno Nacional,Informe Monetario Diario,Saldos,D,En millones de ARS,ML
1225,2015-08-03,282350.0,Adelantos transitorios del BCRA al Gobierno Nacional,Informe Monetario Diario,Saldos,D,En millones de ARS,ML
1225,2015-08-04,282350.0,Adelantos transitorios del BCRA al Gobierno Nacional,Informe Monetario Diario,Saldos,D,En millones de ARS,ML
1225,2015-08-05,282350.0,Adelantos transitorios del BCRA al Gobierno Nacional,Informe Monetario Diario,Saldos,D,En millones de ARS,ML
1225,2015-08-06,282350.0,Adelantos transitorios del BCRA al Gobierno Nacional,Informe Monetario Diario,Saldos,D,En millones de ARS,ML
1225,2015-08-07,282350.0,Adelantos transitorios del BCRA al Gobierno Nacional,Informe Monetario Diario,Saldos,D,En millones de ARS,ML
1225,2015-08-10,282350.0,Adelantos transitorios del BCRA al Gobierno Nacional,Informe Monetario Diario,Saldos,D,En millones de ARS,ML
1225,2015-08-11,282350.0,Adelantos transitorios del BCRA al Gobierno Nacional,Informe Monetario Diario,Saldos,D,En millones de ARS,ML
1225,2015-08-12,282350.0,Adelantos transitorios del BCRA al Gobierno Nacional,Informe Monetario Diario,Saldos,D,En millones de ARS,ML
1225,2015-08-13,282350.0,Adelantos transitorios del BCRA al Gobierno Nacional,Informe Monetario Diario,Saldos,D,En millones de ARS,ML
1225,2015-08-14,282350.0,Adelantos transitorios del BCRA al Gobierno Nacional,Informe Monetario Diario,Saldos,D,En millones de ARS,ML
1225,2015-08-18,282350.0,Adelantos transitorios del BCRA al Gobierno Nacional,Informe Monetario Diario,Saldos,D,En millones de ARS,ML
1225,2015-08-19,282350.0,Adelantos transitorios del BCRA al Gobierno Nacional,Informe Monetario Diario,Saldos,D,En millones de ARS,ML
1225,2015-08-20,282350.0,Adelantos transitorios del BCRA al Gobierno Nacional,Informe Monetario Diario,Saldos,D,En millones de ARS,ML
1225,2015-08-21,282350.0,Adelantos transitorios del BCRA al Gobierno Nacional,Informe Monetario Diario,Saldos,D,En millones de ARS,ML
1225,2015-08-24,282350.0,Adelantos transitorios del BCRA al Gobierno Nacional,Informe Monetario Diario,Saldos,D,En millones de ARS,ML
1225,2015-08-25,282350.0,Adelantos transitorios del BCRA al Gobierno Nacional,Informe Monetario Diario,Saldos,D,En millones de ARS,ML
1225,2015-08-26,282350.0,Adelantos transitorios del BCRA al Gobierno Nacional,Informe Monetario Diario,Saldos,D,En millones de ARS,ML
1225,2015-08-27,280650.0,Adelantos transitorios del BCRA al Gobierno Nacional,Informe Monetario Diario,Saldos,D,En millones de ARS,ML
1225,2015-08-28,282350.0,Adelantos transitorios del BCRA al Gobierno Nacional,Informe Monetario Diario,Saldos,D,En millones de ARS,ML
1225,2015-08-31,282350.0,Adelantos transitorios del BCRA al Gobierno Nacional,Informe Monetario Diario,Saldos,D,En millones de ARS,ML
1225,2015-09-01,282350.0,Adelantos transitorios del BCRA al Gobierno Nacional,Informe Monetario Diario,Saldos,D,En millones de ARS,ML
1225,2015-09-02,282350.0,Adelantos transitorios del BCRA al Gobierno Nacional,Informe Monetario Diario,Saldos,D,En millones de ARS,ML
1225,2015-09-03,292350.0,Adelantos transitorios del BCRA al Gobierno Nacional,Informe Monetario Diario,Saldos,D,En millones de ARS,ML
1225,2015-09-04,292350.0,Adelantos transitorios del BCRA al Gobierno Nacional,Informe Monetario Diario,Saldos,D,En millones de ARS,ML
1225,2015-09-07,292350.0,Adelantos transitorios del BCRA al Gobierno Nacional,Informe Monetario Diario,Saldos,D,En millones de ARS,ML
1225,2015-09-08,292350.0,Adelantos transitorios del BCRA al Gobierno Nacional,Informe Monetario Diario,Saldos,D,En millones de ARS,ML
1225,2015-09-09,292350.0,Adelantos transitorios del BCRA al Gobierno Nacional,Informe Monetario Diario,Saldos,D,En millones de ARS,ML
1225,2015-09-10,292350.0,Adelantos transitorios del BCRA al Gobierno Nacional,Informe Monetario Diario,Saldos,D,En millones de ARS,ML
1225,2015-09-11,292350.0,Adelantos transitorios del BCRA al Gobierno Nacional,Informe Monetario Diario,Saldos,D,En millones de ARS,ML
1225,2015-09-14,292350.0,Adelantos transitorios del BCRA al Gobierno Nacional,Informe Monetario Diario,Saldos,D,En millones de ARS,ML
1225,2015-09-15,292350.0,Adelantos transitorios del BCRA al Gobierno Nacional,Informe Monetario Diario,Saldos,D,En millones de ARS,ML
1225,2015-09-16,292350.0,Adelantos transitorios del BCRA al Gobierno Nacional,Informe Monetario Diario,Saldos,D,En millones de ARS,ML
1225,2015-09-17,292350.0,Adelantos transitorios del BCRA al Gobierno Nacional,Informe Monetario Diario,Saldos,D,En millones de ARS,ML
1225,2015-09-18,292350.0,Adelantos transitorios del BCRA al Gobierno Nacional,Informe Monetario Diario,Saldos,D,En millones de ARS,ML
1225,2015-09-21,292350.0,Adelantos transitorios del BCRA al Gobierno Nacional,Informe Monetario Diario,Saldos,D,En millones de ARS,ML
1225,2015-09-22,292350.0,Adelantos transitorios del BCRA al Gobierno Nacional,Informe Monetario Diario,Saldos,D,En millones de ARS,ML
1225,2015-09-23,292350.0,Adelantos transitorios del BCRA al Gobierno Nacional,Informe Monetario Diario,Saldos,D,En millones de ARS,ML
1225,2015-09-24,292350.0,Adelantos transitorios del BCRA al Gobierno Nacional,Informe Monetario Diario,Saldos,D,En millones de ARS,ML
1225,2015-09-25,292350.0,Adelantos transitorios del BCRA al Gobierno Nacional,Informe Monetario Diario,Saldos,D,En millones de ARS,ML
1225,2015-09-28,292350.0,Adelantos transitorios del BCRA al Gobierno Nacional,Informe Monetario Diario,Saldos,D,En millones de ARS,ML
1225,2015-09-29,292350.0,Adelantos transitorios del BCRA al Gobierno Nacional,Informe Monetario Diario,Saldos,D,En millones de ARS,ML
1225,2015-09-30,292350.0,Adelantos transitorios del BCRA al Gobierno Nacional,Informe Monetario Diario,Saldos,D,En millones de ARS,ML
1225,2015-10-01,292350.0,Adelantos transitorios del BCRA al Gobierno Nacional,Informe Monetario Diario,Saldos,D,En millones de ARS,ML
1225,2015-10-02,292350.0,Adelantos transitorios del BCRA al Gobierno Nacional,Informe Monetario Diario,Saldos,D,En millones de ARS,ML
1225,2015-10-05,292350.0,Adelantos transitorios del BCRA al Gobierno Nacional,Informe Monetario Diario,Saldos,D,En millones de ARS,ML
1225,2015-10-06,292350.0,Adelantos transitorios del BCRA al Gobierno Nacional,Informe Monetario Diario,Saldos,D,En millones de ARS,ML
1225,2015-10-07,292350.0,Adelantos transitorios del BCRA al Gobierno Nacional,Informe Monetario Diario,Saldos,D,En millones de ARS,ML
1225,2015-10-08,292350.0,Adelantos transitorios del BCRA al Gobierno Nacional,Informe Monetario Diario,Saldos,D,En millones de ARS,ML
1225,2015-10-09,292350.0,Adelantos transitorios del BCRA al Gobierno Nacional,Informe Monetario Diario,Saldos,D,En millones de ARS,ML
1225,2015-10-13,292350.0,Adelantos transitorios del BCRA al Gobierno Nacional,Informe Monetario Diario,Saldos,D,En millones de ARS,ML
1225,2015-10-14,292350.0,Adelantos transitorios del BCRA al Gobierno Nacional,Informe Monetario Diario,Saldos,D,En millones de ARS,ML
1225,2015-10-15,292350.0,Adelantos transitorios del BCRA al Gobierno Nacional,Informe Monetario Diario,Saldos,D,En millones de ARS,ML
1225,2015-10-16,292350.0,Adelantos transitorios del BCRA al Gobierno Nacional,Informe Monetario Diario,Saldos,D,En millones de ARS,ML
1225,2015-10-19,292350.0,Adelantos transitorios del BCRA al Gobierno Nacional,Informe Monetario Diario,Saldos,D,En millones de ARS,ML
1225,2015-10-20,292350.0,Adelantos transitorios del BCRA al Gobierno Nacional,Informe Monetario Diario,Saldos,D,En millones de ARS,ML
1225,2015-10-21,292350.0,Adelantos transitorios del BCRA al Gobierno Nacional,Informe Monetario Diario,Saldos,D,En millones de ARS,ML
1225,2015-10-22,292350.0,Adelantos transitorios del BCRA al Gobierno Nacional,Informe Monetario Diario,Saldos,D,En millones de ARS,ML
1225,2015-10-23,292350.0,Adelantos transitorios del BCRA al Gobierno Nacional,Informe Monetario Diario,Saldos,D,En millones de ARS,ML
1225,2015-10-26,292350.0,Adelantos transitorios del BCRA al Gobierno Nacional,Informe Monetario Diario,Saldos,D,En millones de ARS,ML
1225,2015-10-27,292350.0,Adelantos transitorios del BCRA al Gobierno Nacional,Informe Monetario Diario,Saldos,D,En millones de ARS,ML
1225,2015-10-28,292350.0,Adelantos transitorios del BCRA al Gobierno Nacional,Informe Monetario Diario,Saldos,D,En millones de ARS,ML
1225,2015-10-29,292350.0,Adelantos transitorios del BCRA al Gobierno Nacional,Informe Monetario Diario,Saldos,D,En millones de ARS,ML
1225,2015-10-30,292350.0,Adelantos transitorios del BCRA al Gobierno Nacional,Informe Monetario Diario,Saldos,D,En millones de ARS,ML
1225,2015-11-02,292350.0,Adelantos transitorios del BCRA al Gobierno Nacional,Informe Monetario Diario,Saldos,D,En millones de ARS,ML
1225,2015-11-03,292350.0,Adelantos transitorios del BCRA al Gobierno Nacional,Informe Monetario Diario,Saldos,D,En millones de ARS,ML
1225,2015-11-04,292350.0,Adelantos transitorios del BCRA al Gobierno Nacional,Informe Monetario Diario,Saldos,D,En millones de ARS,ML
1225,2015-11-05,292350.0,Adelantos transitorios del BCRA al Gobierno Nacional,Informe Monetario Diario,Saldos,D,En millones de ARS,ML
1225,2015-11-09,292350.0,Adelantos transitorios del BCRA al Gobierno Nacional,Informe Monetario Diario,Saldos,D,En millones de ARS,ML
1225,2015-11-10,292350.0,Adelantos transitorios del BCRA al Gobierno Nacional,Informe Monetario Diario,Saldos,D,En millones de ARS,ML
1225,2015-11-11,292350.0,Adelantos transitorios del BCRA al Gobierno Nacional,Informe Monetario Diario,Saldos,D,En millones de ARS,ML
1225,2015-11-12,282950.0,Adelantos transitorios del BCRA al Gobierno Nacional,Informe Monetario Diario,Saldos,D,En millones de ARS,ML
1225,2015-11-13,292350.0,Adelantos transitorios del BCRA al Gobierno Nacional,Informe Monetario Diario,Saldos,D,En millones de ARS,ML
1225,2015-11-16,292350.0,Adelantos transitorios del BCRA al Gobierno Nacional,Informe Monetario Diario,Saldos,D,En millones de ARS,ML
1225,2015-11-17,292350.0,Adelantos transitorios del BCRA al Gobierno Nacional,Informe Monetario Diario,Saldos,D,En millones de ARS,ML
1225,2015-11-18,292350.0,Adelantos transitorios del BCRA al Gobierno Nacional,Informe Monetario Diario,Saldos,D,En millones de ARS,ML
1225,2015-11-19,292350.0,Adelantos transitorios del BCRA al Gobierno Nacional,Informe Monetario Diario,Saldos,D,En millones de ARS,ML
1225,2015-11-20,292350.0,Adelantos transitorios del BCRA al Gobierno Nacional,Informe Monetario Diario,Saldos,D,En millones de ARS,ML
1225,2015-11-23,292350.0,Adelantos transitorios del BCRA al Gobierno Nacional,Informe Monetario Diario,Saldos,D,En millones de ARS,ML
1225,2015-11-24,292350.0,Adelantos transitorios del BCRA al Gobierno Nacional,Informe Monetario Diario,Saldos,D,En millones de ARS,ML
1225,2015-11-25,292350.0,Adelantos transitorios del BCRA al Gobierno Nacional,Informe Monetario Diario,Saldos,D,En millones de ARS,ML
1225,2015-11-26,292350.0,Adelantos transitorios del BCRA al Gobierno Nacional,Informe Monetario Diario,Saldos,D,En millones de ARS,ML
1225,2015-11-30,300650.0,Adelantos transitorios del BCRA al Gobierno Nacional,Informe Monetario Diario,Saldos,D,En millones de ARS,ML
1225,2015-12-01,311850.0,Adelantos transitorios del BCRA al Gobierno Nacional,Informe Monetario Diario,Saldos,D,En millones de ARS,ML
1225,2015-12-02,314050.0,Adelantos transitorios del BCRA al Gobierno Nacional,Informe Monetario Diario,Saldos,D,En millones de ARS,ML
1225,2015-12-03,314050.0,Adelantos transitorios del BCRA al Gobierno Nacional,Informe Monetario Diario,Saldos,D,En millones de ARS,ML
1225,2015-12-04,317050.0,Adelantos transitorios del BCRA al Gobierno Nacional,Informe Monetario Diario,Saldos,D,En millones de ARS,ML
1225,2015-12-09,326850.0,Adelantos transitorios del BCRA al Gobierno Nacional,Informe Monetario Diario,Saldos,D,En millones de ARS,ML
1225,2015-12-10,326850.0,Adelantos transitorios del BCRA al Gobierno Nacional,Informe Monetario Diario,Saldos,D,En millones de ARS,ML
1225,2015-12-11,326850.0,Adelantos transitorios del BCRA al Gobierno Nacional,Informe Monetario Diario,Saldos,D,En millones de ARS,ML
1225,2015-12-14,326850.0,Adelantos transitorios del BCRA al Gobierno Nacional,Informe Monetario Diario,Saldos,D,En millones de ARS,ML
1225,2015-12-15,326850.0,Adelantos transitorios del BCRA al Gobierno Nacional,Informe Monetario Diario,Saldos,D,En millones de ARS,ML
1225,2015-12-16,326850.0,Adelantos transitorios del BCRA al Gobierno Nacional,Informe Monetario Diario,Saldos,D,En millones de ARS,ML
1225,2015-12-17,326850.0,Adelantos transitorios del BCRA al Gobierno Nacional,Informe Monetario Diario,Saldos,D,En millones de ARS,ML
1225,2015-12-18,326850.0,Adelantos transitorios del BCRA al Gobierno Nacional,Informe Monetario Diario,Saldos,D,En millones de ARS,ML
1225,2015-12-21,326850.0,Adelantos transitorios del BCRA al Gobierno Nacional,Informe Monetario Diario,Saldos,D,En millones de ARS,ML
1225,2015-12-22,326850.0,Adelantos transitorios del BCRA al Gobierno Nacional,Informe Monetario Diario,Saldos,D,En millones de ARS,ML
1225,2015-12-23,326850.0,Adelantos transitorios del BCRA al Gobierno Nacional,Informe Monetario Diario,Saldos,D,En millones de ARS,ML
1225,2015-12-24,326850.0,Adelantos transitorios del BCRA al Gobierno Nacional,Informe Monetario Diario,Saldos,D,En millones de ARS,ML
1225,2015-12-28,326850.0,Adelantos transitorios del BCRA al Gobierno Nacional,Informe Monetario Diario,Saldos,D,En millones de ARS,ML
1225,2015-12-29,326850.0,Adelantos transitorios del BCRA al Gobierno Nacional,Informe Monetario Diario,Saldos,D,En millones de ARS,ML
1225,2015-12-30,331850.0,Adelantos transitorios del BCRA al Gobierno Nacional,Informe Monetario Diario,Saldos,D,En millones de ARS,ML
1225,2015-12-31,331850.0,Adelantos transitorios del BCRA al Gobierno Nacional,Informe Monetario Diario,Saldos,D,En millones de ARS,ML
1225,2016-01-04,331850.0,Adelantos transitorios del BCRA al Gobierno Nacional,Informe Monetario Diario,Saldos,D,En millones de ARS,ML
1225,2016-01-05,331850.0,Adelantos transitorios del BCRA al Gobierno Nacional,Informe Monetario Diario,Saldos,D,En millones de ARS,ML
1225,2016-01-06,331850.0,Adelantos transitorios del BCRA al Gobierno Nacional,Informe Monetario Diario,Saldos,D,En millones de ARS,ML
1225,2016-01-07,331850.0,Adelantos transitorios del BCRA al Gobierno Nacional,Informe Monetario Diario,Saldos,D,En millones de ARS,ML
1225,2016-01-08,331850.0,Adelantos transitorios del BCRA al Gobierno Nacional,Informe Monetario Diario,Saldos,D,En millones de ARS,ML
1225,2016-01-11,331850.0,Adelantos transitorios del BCRA al Gobierno Nacional,Informe Monetario Diario,Saldos,D,En millones de ARS,ML
1225,2016-01-12,331850.0,Adelantos transitorios del BCRA al Gobierno Nacional,Informe Monetario Diario,Saldos,D,En millones de ARS,ML
1225,2016-01-13,331850.0,Adelantos transitorios del BCRA al Gobierno Nacional,Informe Monetario Diario,Saldos,D,En millones de ARS,ML
1225,2016-01-14,331850.0,Adelantos transitorios del BCRA al Gobierno Nacional,Informe Monetario Diario,Saldos,D,En millones de ARS,ML
1225,2016-01-15,331850.0,Adelantos transitorios del BCRA al Gobierno Nacional,Informe Monetario Diario,Saldos,D,En millones de ARS,ML
1225,2016-01-18,331850.0,Adelantos transitorios del BCRA al Gobierno Nacional,Informe Monetario Diario,Saldos,D,En millones de ARS,ML
1225,2016-01-19,331850.0,Adelantos transitorios del BCRA al Gobierno Nacional,Informe Monetario Diario,Saldos,D,En millones de ARS,ML
1225,2016-01-20,331850.0,Adelantos transitorios del BCRA al Gobierno Nacional,Informe Monetario Diario,Saldos,D,En millones de ARS,ML
1225,2016-01-21,331850.0,Adelantos transitorios del BCRA al Gobierno Nacional,Informe Monetario Diario,Saldos,D,En millones de ARS,ML
1225,2016-01-22,331850.0,Adelantos transitorios del BCRA al Gobierno Nacional,Informe Monetario Diario,Saldos,D,En millones de ARS,ML
1225,2016-01-25,331850.0,Adelantos transitorios del BCRA al Gobierno Nacional,Informe Monetario Diario,Saldos,D,En millones de ARS,ML
1225,2016-01-26,331850.0,Adelantos transitorios del BCRA al Gobierno Nacional,Informe Monetario Diario,Saldos,D,En millones de ARS,ML
1225,2016-01-27,331850.0,Adelantos transitorios del BCRA al Gobierno Nacional,Informe Monetario Diario,Saldos,D,En millones de ARS,ML
1225,2016-01-28,331850.0,Adelantos transitorios del BCRA al Gobierno Nacional,Informe Monetario Diario,Saldos,D,En millones de ARS,ML
1225,2016-01-29,331850.0,Adelantos transitorios del BCRA al Gobierno Nacional,Informe Monetario Diario,Saldos,D,En millones de ARS,ML
1225,2016-02-01,331850.0,Adelantos transitorios del BCRA al Gobierno Nacional,Informe Monetario Diario,Saldos,D,En millones de ARS,ML
1225,2016-02-02,331850.0,Adelantos transitorios del BCRA al Gobierno Nacional,Informe Monetario Diario,Saldos,D,En millones de ARS,ML
1225,2016-02-03,331850.0,Adelantos transitorios del BCRA al Gobierno Nacional,Informe Monetario Diario,Saldos,D,En millones de ARS,ML
1225,2016-02-04,331850.0,Adelantos transitorios del BCRA al Gobierno Nacional,Informe Monetario Diario,Saldos,D,En millones de ARS,ML
1225,2016-02-05,330550.0,Adelantos transitorios del BCRA al Gobierno Nacional,Informe Monetario Diario,Saldos,D,En millones de ARS,ML
1225,2016-02-10,330550.0,Adelantos transitorios del BCRA al Gobierno Nacional,Informe Monetario Diario,Saldos,D,En millones de ARS,ML
1225,2016-02-11,330550.0,Adelantos transitorios del BCRA al Gobierno Nacional,Informe Monetario Diario,Saldos,D,En millones de ARS,ML
1225,2016-02-12,330550.0,Adelantos transitorios del BCRA al Gobierno Nacional,Informe Monetario Diario,Saldos,D,En millones de ARS,ML
1225,2016-02-15,330550.0,Adelantos transitorios del BCRA al Gobierno Nacional,Informe Monetario Diario,Saldos,D,En millones de ARS,ML
1225,2016-02-16,330550.0,Adelantos transitorios del BCRA al Gobierno Nacional,Informe Monetario Diario,Saldos,D,En millones de ARS,ML
1225,2016-02-17,330550.0,Adelantos transitorios del BCRA al Gobierno Nacional,Informe Monetario Diario,Saldos,D,En millones de ARS,ML
1225,2016-02-18,330550.0,Adelantos transitorios del BCRA al Gobierno Nacional,Informe Monetario Diario,Saldos,D,En millones de ARS,ML
1225,2016-02-19,329850.0,Adelantos transitorios del BCRA al Gobierno Nacional,Informe Monetario Diario,Saldos,D,En millones de ARS,ML
1225,2016-02-22,329850.0,Adelantos transitorios del BCRA al Gobierno Nacional,Informe Monetario Diario,Saldos,D,En millones de ARS,ML
1225,2016-02-23,329850.0,Adelantos transitorios del BCRA al Gobierno Nacional,Informe Monetario Diario,Saldos,D,En millones de ARS,ML
1225,2016-02-24,329850.0,Adelantos transitorios del BCRA al Gobierno Nacional,Informe Monetario Diario,Saldos,D,En millones de ARS,ML
1225,2016-02-25,329850.0,Adelantos transitorios del BCRA al Gobierno Nacional,Informe Monetario Diario,Saldos,D,En millones de ARS,ML
1225,2016-02-26,327550.0,Adelantos transitorios del BCRA al Gobierno Nacional,Informe Monetario Diario,Saldos,D,En millones de ARS,ML
1225,2016-02-29,327550.0,Adelantos transitorios del BCRA al Gobierno Nacional,Informe Monetario Diario,Saldos,D,En millones de ARS,ML
1225,2016-03-01,327550.0,Adelantos transitorios del BCRA al Gobierno Nacional,Informe Monetario Diario,Saldos,D,En millones de ARS,ML
1225,2016-03-02,327550.0,Adelantos transitorios del BCRA al Gobierno Nacional,Informe Monetario Diario,Saldos,D,En millones de ARS,ML
1225,2016-03-03,327550.0,Adelantos transitorios del BCRA al Gobierno Nacional,Informe Monetario Diario,Saldos,D,En millones de ARS,ML
1225,2016-03-04,327550.0,Adelantos transitorios del BCRA al Gobierno Nacional,Informe Monetario Diario,Saldos,D,En millones de ARS,ML
1225,2016-03-07,327550.0,Adelantos transitorios del BCRA al Gobierno Nacional,Informe Monetario Diario,Saldos,D,En millones de ARS,ML
1225,2016-03-08,327550.0,Adelantos transitorios del BCRA al Gobierno Nacional,Informe Monetario Diario,Saldos,D,En millones de ARS,ML
1225,2016-03-09,327550.0,Adelantos transitorios del BCRA al Gobierno Nacional,Informe Monetario Diario,Saldos,D,En millones de ARS,ML
1225,2016-03-10,327550.0,Adelantos transitorios del BCRA al Gobierno Nacional,Informe Monetario Diario,Saldos,D,En millones de ARS,ML
1225,2016-03-11,327550.0,Adelantos transitorios del BCRA al Gobierno Nacional,Informe Monetario Diario,Saldos,D,En millones de ARS,ML
1225,2016-03-14,327550.0,Adelantos transitorios del BCRA al Gobierno Nacional,Informe Monetario Diario,Saldos,D,En millones de ARS,ML
1225,2016-03-15,327550.0,Adelantos transitorios del BCRA al Gobierno Nacional,Informe Monetario Diario,Saldos,D,En millones de ARS,ML
1225,2016-03-16,327550.0,Adelantos transitorios del BCRA al Gobierno Nacional,Informe Monetario Diario,Saldos,D,En millones de ARS,ML
1225,2016-03-17,332550.0,Adelantos transitorios del BCRA al Gobierno Nacional,Informe Monetario Diario,Saldos,D,En millones de ARS,ML
1225,2016-03-18,337850.0,Adelantos transitorios del BCRA al Gobierno Nacional,Informe Monetario Diario,Saldos,D,En millones de ARS,ML
1225,2016-03-21,337850.0,Adelantos transitorios del BCRA al Gobierno Nacional,Informe Monetario Diario,Saldos,D,En millones de ARS,ML
1225,2016-03-22,337850.0,Adelantos transitorios del BCRA al Gobierno Nacional,Informe Monetario Diario,Saldos,D,En millones de ARS,ML
1225,2016-03-23,337850.0,Adelantos transitorios del BCRA al Gobierno Nacional,Informe Monetario Diario,Saldos,D,En millones de ARS,ML
1225,2016-03-28,337850.0,Adelantos transitorios del BCRA al Gobierno Nacional,Informe Monetario Diario,Saldos,D,En millones de ARS,ML
1225,2016-03-29,337850.0,Adelantos transitorios del BCRA al Gobierno Nacional,Informe Monetario Diario,Saldos,D,En millones de ARS,ML
1225,2016-03-30,337850.0,Adelantos transitorios del BCRA al Gobierno Nacional,Informe Monetario Diario,Saldos,D,En millones de ARS,ML
1225,2016-03-31,337850.0,Adelantos transitorios del BCRA al Gobierno Nacional,Informe Monetario Diario,Saldos,D,En millones de ARS,ML
1225,2016-04-01,337850.0,Adelantos transitorios del BCRA al Gobierno Nacional,Informe Monetario Diario,Saldos,D,En millones de ARS,ML
1225,2016-04-04,337850.0,Adelantos transitorios del BCRA al Gobierno Nacional,Informe Monetario Diario,Saldos,D,En millones de ARS,ML
1225,2016-04-05,337850.0,Adelantos transitorios del BCRA al Gobierno Nacional,Informe Monetario Diario,Saldos,D,En millones de ARS,ML
1225,2016-04-06,337850.0,Adelantos transitorios del BCRA al Gobierno Nacional,Informe Monetario Diario,Saldos,D,En millones de ARS,ML
1225,2016-04-07,337850.0,Adelantos transitorios del BCRA al Gobierno Nacional,Informe Monetario Diario,Saldos,D,En millones de ARS,ML
1225,2016-04-08,337850.0,Adelantos transitorios del BCRA al Gobierno Nacional,Informe Monetario Diario,Saldos,D,En millones de ARS,ML
1225,2016-04-11,337850.0,Adelantos transitorios del BCRA al Gobierno Nacional,Informe Monetario Diario,Saldos,D,En millones de ARS,ML
1225,2016-04-12,337850.0,Adelantos transitorios del BCRA al Gobierno Nacional,Informe Monetario Diario,Saldos,D,En millones de ARS,ML
1225,2016-04-13,337850.0,Adelantos transitorios del BCRA al Gobierno Nacional,Informe Monetario Diario,Saldos,D,En millones de ARS,ML
1225,2016-04-14,341450.0,Adelantos transitorios del BCRA al Gobierno Nacional,Informe Monetario Diario,Saldos,D,En millones de ARS,ML
1225,2016-04-15,341450.0,Adelantos transitorios del BCRA al Gobierno Nacional,Informe Monetario Diario,Saldos,D,En millones de ARS,ML
1225,2016-04-18,341450.0,Adelantos transitorios del BCRA al Gobierno Nacional,Informe Monetario Diario,Saldos,D,En millones de ARS,ML
1225,2016-04-19,341450.0,Adelantos transitorios del BCRA al Gobierno Nacional,Informe Monetario Diario,Saldos,D,En millones de ARS,ML
1225,2016-04-20,341450.0,Adelantos transitorios del BCRA al Gobierno Nacional,Informe Monetario Diario,Saldos,D,En millones de ARS,ML
1225,2016-04-21,341450.0,Adelantos transitorios del BCRA al Gobierno Nacional,Informe Monetario Diario,Saldos,D,En millones de ARS,ML
1225,2016-04-22,341350.0,Adelantos transitorios del BCRA al Gobierno Nacional,Informe Monetario Diario,Saldos,D,En millones de ARS,ML
1225,2016-04-25,341350.0,Adelantos transitorios del BCRA al Gobierno Nacional,Informe Monetario Diario,Saldos,D,En millones de ARS,ML
1225,2016-04-26,341350.0,Adelantos transitorios del BCRA al Gobierno Nacional,Informe Monetario Diario,Saldos,D,En millones de ARS,ML
1225,2016-04-27,341350.0,Adelantos transitorios del BCRA al Gobierno Nacional,Informe Monetario Diario,Saldos,D,En millones de ARS,ML
1225,2016-04-28,341350.0,Adelantos transitorios del BCRA al Gobierno Nacional,Informe Monetario Diario,Saldos,D,En millones de ARS,ML
1225,2016-04-29,343650.0,Adelantos transitorios del BCRA al Gobierno Nacional,Informe Monetario Diario,Saldos,D,En millones de ARS,ML
1225,2016-05-02,343650.0,Adelantos transitorios del BCRA al Gobierno Nacional,Informe Monetario Diario,Saldos,D,En millones de ARS,ML
1225,2016-05-03,343650.0,Adelantos transitorios del BCRA al Gobierno Nacional,Informe Monetario Diario,Saldos,D,En millones de ARS,ML
1225,2016-05-04,343650.0,Adelantos transitorios del BCRA al Gobierno Nacional,Informe Monetario Diario,Saldos,D,En millones de ARS,ML
1225,2016-05-05,343650.0,Adelantos transitorios del BCRA al Gobierno Nacional,Informe Monetario Diario,Saldos,D,En millones de ARS,ML
1225,2016-05-06,343750.0,Adelantos transitorios del BCRA al Gobierno Nacional,Informe Monetario Diario,Saldos,D,En millones de ARS,ML
1225,2016-05-09,343750.0,Adelantos transitorios del BCRA al Gobierno Nacional,Informe Monetario Diario,Saldos,D,En millones de ARS,ML
1225,2016-05-10,343750.0,Adelantos transitorios del BCRA al Gobierno Nacional,Informe Monetario Diario,Saldos,D,En millones de ARS,ML
1225,2016-05-11,343750.0,Adelantos transitorios del BCRA al Gobierno Nacional,Informe Monetario Diario,Saldos,D,En millones de ARS,ML
1225,2016-05-12,343750.0,Adelantos transitorios del BCRA al Gobierno Nacional,Informe Monetario Diario,Saldos,D,En millones de ARS,ML
1225,2016-05-13,356050.0,Adelantos transitorios del BCRA al Gobierno Nacional,Informe Monetario Diario,Saldos,D,En millones de ARS,ML
1225,2016-05-16,356250.0,Adelantos transitorios del BCRA al Gobierno Nacional,Informe Monetario Diario,Saldos,D,En millones de ARS,ML
1225,2016-05-17,356250.0,Adelantos transitorios del BCRA al Gobierno Nacional,Informe Monetario Diario,Saldos,D,En millones de ARS,ML
1225,2016-05-18,356250.0,Adelantos transitorios del BCRA al Gobierno Nacional,Informe Monetario Diario,Saldos,D,En millones de ARS,ML
1225,2016-05-19,356250.0,Adelantos transitorios del BCRA al Gobierno Nacional,Informe Monetario Diario,Saldos,D,En millones de ARS,ML
1225,2016-05-20,356050.0,Adelantos transitorios del BCRA al Gobierno Nacional,Informe Monetario Diario,Saldos,D,En millones de ARS,ML
1225,2016-05-23,356050.0,Adelantos transitorios del BCRA al Gobierno Nacional,Informe Monetario Diario,Saldos,D,En millones de ARS,ML
1225,2016-05-24,356050.0,Adelantos transitorios del BCRA al Gobierno Nacional,Informe Monetario Diario,Saldos,D,En millones de ARS,ML
1225,2016-05-26,356050.0,Adelantos transitorios del BCRA al Gobierno Nacional,Informe Monetario Diario,Saldos,D,En millones de ARS,ML
1225,2016-05-27,356050.0,Adelantos transitorios del BCRA al Gobierno Nacional,Informe Monetario Diario,Saldos,D,En millones de ARS,ML
1225,2016-05-30,356050.0,Adelantos transitorios del BCRA al Gobierno Nacional,Informe Monetario Diario,Saldos,D,En millones de ARS,ML
1225,2016-05-31,356050.0,Adelantos transitorios del BCRA al Gobierno Nacional,Informe Monetario Diario,Saldos,D,En millones de ARS,ML
1225,2016-06-01,356050.0,Adelantos transitorios del BCRA al Gobierno Nacional,Informe Monetario Diario,Saldos,D,En millones de ARS,ML
1225,2016-06-02,356050.0,Adelantos transitorios del BCRA al Gobierno Nacional,Informe Monetario Diario,Saldos,D,En millones de ARS,ML
1225,2016-06-03,358750.0,Adelantos transitorios del BCRA al Gobierno Nacional,Informe Monetario Diario,Saldos,D,En millones de ARS,ML
1225,2016-06-06,358750.0,Adelantos transitorios del BCRA al Gobierno Nacional,Informe Monetario Diario,Saldos,D,En millones de ARS,ML
1225,2016-06-07,358750.0,Adelantos transitorios del BCRA al Gobierno Nacional,Informe Monetario Diario,Saldos,D,En millones de ARS,ML
1225,2016-06-08,358750.0,Adelantos transitorios del BCRA al Gobierno Nacional,Informe Monetario Diario,Saldos,D,En millones de ARS,ML
1225,2016-06-09,358750.0,Adelantos transitorios del BCRA al Gobierno Nacional,Informe Monetario Diario,Saldos,D,En millones de ARS,ML
1225,2016-06-10,363750.0,Adelantos transitorios del BCRA al Gobierno Nacional,Informe Monetario Diario,Saldos,D,En millones de ARS,ML
1225,2016-06-13,363750.0,Adelantos transitorios del BCRA al Gobierno Nacional,Informe Monetario Diario,Saldos,D,En millones de ARS,ML
1225,2016-06-14,363750.0,Adelantos transitorios del BCRA al Gobierno Nacional,Informe Monetario Diario,Saldos,D,En millones de ARS,ML
1225,2016-06-15,363750.0,Adelantos transitorios del BCRA al Gobierno Nacional,Informe Monetario Diario,Saldos,D,En millones de ARS,ML
1225,2016-06-16,363750.0,Adelantos transitorios del BCRA al Gobierno Nacional,Informe Monetario Diario,Saldos,D,En millones de ARS,ML
1225,2016-06-21,363750.0,Adelantos transitorios del BCRA al Gobierno Nacional,Informe Monetario Diario,Saldos,D,En millones de ARS,ML
1225,2016-06-22,363750.0,Adelantos transitorios del BCRA al Gobierno Nacional,Informe Monetario Diario,Saldos,D,En millones de ARS,ML
1225,2016-06-23,363750.0,Adelantos transitorios del BCRA al Gobierno Nacional,Informe Monetario Diario,Saldos,D,En millones de ARS,ML
1225,2016-06-24,363750.0,Adelantos transitorios del BCRA al Gobierno Nacional,Informe Monetario Diario,Saldos,D,En millones de ARS,ML
1225,2016-06-27,363750.0,Adelantos transitorios del BCRA al Gobierno Nacional,Informe Monetario Diario,Saldos,D,En millones de ARS,ML
1225,2016-06-28,363750.0,Adelantos transitorios del BCRA al Gobierno Nacional,Informe Monetario Diario,Saldos,D,En millones de ARS,ML
1225,2016-06-29,363750.0,Adelantos transitorios del BCRA al Gobierno Nacional,Informe Monetario Diario,Saldos,D,En millones de ARS,ML
1225,2016-06-30,363750.0,Adelantos transitorios del BCRA al Gobierno Nacional,Informe Monetario Diario,Saldos,D,En millones de ARS,ML
1225,2016-07-01,368250.0,Adelantos transitorios del BCRA al Gobierno Nacional,Informe Monetario Diario,Saldos,D,En millones de ARS,ML
1225,2016-07-04,368250.0,Adelantos transitorios del BCRA al Gobierno Nacional,Informe Monetario Diario,Saldos,D,En millones de ARS,ML
1225,2016-07-05,368250.0,Adelantos transitorios del BCRA al Gobierno Nacional,Informe Monetario Diario,Saldos,D,En millones de ARS,ML
1225,2016-07-06,368250.0,Adelantos transitorios del BCRA al Gobierno Nacional,Informe Monetario Diario,Saldos,D,En millones de ARS,ML
1225,2016-07-07,368250.0,Adelantos transitorios del BCRA al Gobierno Nacional,Informe Monetario Diario,Saldos,D,En millones de ARS,ML
1225,2016-07-11,368250.0,Adelantos transitorios del BCRA al Gobierno Nacional,Informe Monetario Diario,Saldos,D,En millones de ARS,ML
1225,2016-07-12,368250.0,Adelantos transitorios del BCRA al Gobierno Nacional,Informe Monetario Diario,Saldos,D,En millones de ARS,ML
1225,2016-07-13,368250.0,Adelantos transitorios del BCRA al Gobierno Nacional,Informe Monetario Diario,Saldos,D,En millones de ARS,ML
1225,2016-07-14,368250.0,Adelantos transitorios del BCRA al Gobierno Nacional,Informe Monetario Diario,Saldos,D,En millones de ARS,ML
1225,2016-07-15,368250.0,Adelantos transitorios del BCRA al Gobierno Nacional,Informe Monetario Diario,Saldos,D,En millones de ARS,ML
1225,2016-07-18,368250.0,Adelantos transitorios del BCRA al Gobierno Nacional,Informe Monetario Diario,Saldos,D,En millones de ARS,ML
1225,2016-07-19,368250.0,Adelantos transitorios del BCRA al Gobierno Nacional,Informe Monetario Diario,Saldos,D,En millones de ARS,ML
1225,2016-07-20,368250.0,Adelantos transitorios del BCRA al Gobierno Nacional,Informe Monetario Diario,Saldos,D,En millones de ARS,ML
1225,2016-07-21,368250.0,Adelantos transitorios del BCRA al Gobierno Nacional,Informe Monetario Diario,Saldos,D,En millones de ARS,ML
1225,2016-07-22,368250.0,Adelantos transitorios del BCRA al Gobierno Nacional,Informe Monetario Diario,Saldos,D,En millones de ARS,ML
1225,2016-07-25,368250.0,Adelantos transitorios del BCRA al Gobierno Nacional,Informe Monetario Diario,Saldos,D,En millones de ARS,ML
1225,2016-07-26,368250.0,Adelantos transitorios del BCRA al Gobierno Nacional,Informe Monetario Diario,Saldos,D,En millones de ARS,ML
1225,2016-07-27,368250.0,Adelantos transitorios del BCRA al Gobierno Nacional,Informe Monetario Diario,Saldos,D,En millones de ARS,ML
1225,2016-07-28,368250.0,Adelantos transitorios del BCRA al Gobierno Nacional,Informe Monetario Diario,Saldos,D,En millones de ARS,ML
1225,2016-07-29,368250.0,Adelantos transitorios del BCRA al Gobierno Nacional,Informe Monetario Diario,Saldos,D,En millones de ARS,ML
1225,2016-08-01,368250.0,Adelantos transitorios del BCRA al Gobierno Nacional,Informe Monetario Diario,Saldos,D,En millones de ARS,ML
1225,2016-08-02,368250.0,Adelantos transitorios del BCRA al Gobierno Nacional,Informe Monetario Diario,Saldos,D,En millones de ARS,ML
1225,2016-08-03,368250.0,Adelantos transitorios del BCRA al Gobierno Nacional,Informe Monetario Diario,Saldos,D,En millones de ARS,ML
1225,2016-08-04,368250.0,Adelantos transitorios del BCRA al Gobierno Nacional,Informe Monetario Diario,Saldos,D,En millones de ARS,ML
1225,2016-08-05,368250.0,Adelantos transitorios del BCRA al Gobierno Nacional,Informe Monetario Diario,Saldos,D,En millones de ARS,ML
1225,2016-08-08,368250.0,Adelantos transitorios del BCRA al Gobierno Nacional,Informe Monetario Diario,Saldos,D,En millones de ARS,ML
1225,2016-08-09,368250.0,Adelantos transitorios del BCRA al Gobierno Nacional,Informe Monetario Diario,Saldos,D,En millones de ARS,ML
1225,2016-08-10,368250.0,Adelantos transitorios del BCRA al Gobierno Nacional,Informe Monetario Diario,Saldos,D,En millones de ARS,ML
1225,2016-08-11,368250.0,Adelantos transitorios del BCRA al Gobierno Nacional,Informe Monetario Diario,Saldos,D,En millones de ARS,ML
1225,2016-08-12,368250.0,Adelantos transitorios del BCRA al Gobierno Nacional,Informe Monetario Diario,Saldos,D,En millones de ARS,ML
1225,2016-08-16,368250.0,Adelantos transitorios del BCRA al Gobierno Nacional,Informe Monetario Diario,Saldos,D,En millones de ARS,ML
1225,2016-08-17,368250.0,Adelantos transitorios del BCRA al Gobierno Nacional,Informe Monetario Diario,Saldos,D,En millones de ARS,ML
1225,2016-08-18,368250.0,Adelantos transitorios del BCRA al Gobierno Nacional,Informe Monetario Diario,Saldos,D,En millones de ARS,ML
1225,2016-08-19,368250.0,Adelantos transitorios del BCRA al Gobierno Nacional,Informe Monetario Diario,Saldos,D,En millones de ARS,ML
1225,2016-08-22,368250.0,Adelantos transitorios del BCRA al Gobierno Nacional,Informe Monetario Diario,Saldos,D,En millones de ARS,ML
1225,2016-08-23,368250.0,Adelantos transitorios del BCRA al Gobierno Nacional,Informe Monetario Diario,Saldos,D,En millones de ARS,ML
1225,2016-08-24,368250.0,Adelantos transitorios del BCRA al Gobierno Nacional,Informe Monetario Diario,Saldos,D,En millones de ARS,ML
1225,2016-08-25,368250.0,Adelantos transitorios del BCRA al Gobierno Nacional,Informe Monetario Diario,Saldos,D,En millones de ARS,ML
1225,2016-08-26,368250.0,Adelantos transitorios del BCRA al Gobierno Nacional,Informe Monetario Diario,Saldos,D,En millones de ARS,ML
1225,2016-08-29,368250.0,Adelantos transitorios del BCRA al Gobierno Nacional,Informe Monetario Diario,Saldos,D,En millones de ARS,ML
1225,2016-08-30,368250.0,Adelantos transitorios del BCRA al Gobierno Nacional,Informe Monetario Diario,Saldos,D,En millones de ARS,ML
1225,2016-08-31,368250.0,Adelantos transitorios del BCRA al Gobierno Nacional,Informe Monetario Diario,Saldos,D,En millones de ARS,ML
1225,2016-09-01,368250.0,Adelantos transitorios del BCRA al Gobierno Nacional,Informe Monetario Diario,Saldos,D,En millones de ARS,ML
1225,2016-09-02,368250.0,Adelantos transitorios del BCRA al Gobierno Nacional,Informe Monetario Diario,Saldos,D,En millones de ARS,ML
1225,2016-09-05,368250.0,Adelantos transitorios del BCRA al Gobierno Nacional,Informe Monetario Diario,Saldos,D,En millones de ARS,ML
1225,2016-09-06,368250.0,Adelantos transitorios del BCRA al Gobierno Nacional,Informe Monetario Diario,Saldos,D,En millones de ARS,ML
1225,2016-09-07,368250.0,Adelantos transitorios del BCRA al Gobierno Nacional,Informe Monetario Diario,Saldos,D,En millones de ARS,ML
1225,2016-09-08,368250.0,Adelantos transitorios del BCRA al Gobierno Nacional,Informe Monetario Diario,Saldos,D,En millones de ARS,ML
1225,2016-09-09,368250.0,Adelantos transitorios del BCRA al Gobierno Nacional,Informe Monetario Diario,Saldos,D,En millones de ARS,ML
1225,2016-09-12,368250.0,Adelantos transitorios del BCRA al Gobierno Nacional,Informe Monetario Diario,Saldos,D,En millones de ARS,ML
1225,2016-09-13,368250.0,Adelantos transitorios del BCRA al Gobierno Nacional,Informe Monetario Diario,Saldos,D,En millones de ARS,ML
1225,2016-09-14,368250.0,Adelantos transitorios del BCRA al Gobierno Nacional,Informe Monetario Diario,Saldos,D,En millones de ARS,ML
1225,2016-09-15,368250.0,Adelantos transitorios del BCRA al Gobierno Nacional,Informe Monetario Diario,Saldos,D,En millones de ARS,ML
1225,2016-09-16,368250.0,Adelantos transitorios del BCRA al Gobierno Nacional,Informe Monetario Diario,Saldos,D,En millones de ARS,ML
1225,2016-09-19,368250.0,Adelantos transitorios del BCRA al Gobierno Nacional,Informe Monetario Diario,Saldos,D,En millones de ARS,ML
1225,2016-09-20,368250.0,Adelantos transitorios del BCRA al Gobierno Nacional,Informe Monetario Diario,Saldos,D,En millones de ARS,ML
1225,2016-09-21,368250.0,Adelantos transitorios del BCRA al Gobierno Nacional,Informe Monetario Diario,Saldos,D,En millones de ARS,ML
1225,2016-09-22,368250.0,Adelantos transitorios del BCRA al Gobierno Nacional,Informe Monetario Diario,Saldos,D,En millones de ARS,ML
1225,2016-09-23,368250.0,Adelantos transitorios del BCRA al Gobierno Nacional,Informe Monetario Diario,Saldos,D,En millones de ARS,ML
1225,2016-09-26,368250.0,Adelantos transitorios del BCRA al Gobierno Nacional,Informe Monetario Diario,Saldos,D,En millones de ARS,ML
1225,2016-09-27,368250.0,Adelantos transitorios del BCRA al Gobierno Nacional,Informe Monetario Diario,Saldos,D,En millones de ARS,ML
1225,2016-09-28,368250.0,Adelantos transitorios del BCRA al Gobierno Nacional,Informe Monetario Diario,Saldos,D,En millones de ARS,ML
1225,2016-09-29,368250.0,Adelantos transitorios del BCRA al Gobierno Nacional,Informe Monetario Diario,Saldos,D,En millones de ARS,ML
1225,2016-09-30,376130.0,Adelantos transitorios del BCRA al Gobierno Nacional,Informe Monetario Diario,Saldos,D,En millones de ARS,ML
1225,2016-10-03,376130.0,Adelantos transitorios del BCRA al Gobierno Nacional,Informe Monetario Diario,Saldos,D,En millones de ARS,ML
1225,2016-10-04,376130.0,Adelantos transitorios del BCRA al Gobierno Nacional,Informe Monetario Diario,Saldos,D,En millones de ARS,ML
1225,2016-10-05,376130.0,Adelantos transitorios del BCRA al Gobierno Nacional,Informe Monetario Diario,Saldos,D,En millones de ARS,ML
1225,2016-10-06,376130.0,Adelantos transitorios del BCRA al Gobierno Nacional,Informe Monetario Diario,Saldos,D,En millones de ARS,ML
1225,2016-10-07,376130.0,Adelantos transitorios del BCRA al Gobierno Nacional,Informe Monetario Diario,Saldos,D,En millones de ARS,ML
1225,2016-10-11,376130.0,Adelantos transitorios del BCRA al Gobierno Nacional,Informe Monetario Diario,Saldos,D,En millones de ARS,ML
1225,2016-10-12,376130.0,Adelantos transitorios del BCRA al Gobierno Nacional,Informe Monetario Diario,Saldos,D,En millones de ARS,ML
1225,2016-10-13,376130.0,Adelantos transitorios del BCRA al Gobierno Nacional,Informe Monetario Diario,Saldos,D,En millones de ARS,ML
1225,2016-10-14,376130.0,Adelantos transitorios del BCRA al Gobierno Nacional,Informe Monetario Diario,Saldos,D,En millones de ARS,ML
1225,2016-10-17,376130.0,Adelantos transitorios del BCRA al Gobierno Nacional,Informe Monetario Diario,Saldos,D,En millones de ARS,ML
1225,2016-10-18,376130.0,Adelantos transitorios del BCRA al Gobierno Nacional,Informe Monetario Diario,Saldos,D,En millones de ARS,ML
1225,2016-10-19,376130.0,Adelantos transitorios del BCRA al Gobierno Nacional,Informe Monetario Diario,Saldos,D,En millones de ARS,ML
1225,2016-10-20,376130.0,Adelantos transitorios del BCRA al Gobierno Nacional,Informe Monetario Diario,Saldos,D,En millones de ARS,ML
1225,2016-10-21,376130.0,Adelantos transitorios del BCRA al Gobierno Nacional,Informe Monetario Diario,Saldos,D,En millones de ARS,ML
1225,2016-10-24,376130.0,Adelantos transitorios del BCRA al Gobierno Nacional,Informe Monetario Diario,Saldos,D,En millones de ARS,ML
1225,2016-10-25,376130.0,Adelantos transitorios del BCRA al Gobierno Nacional,Informe Monetario Diario,Saldos,D,En millones de ARS,ML
1225,2016-10-26,376130.0,Adelantos transitorios del BCRA al Gobierno Nacional,Informe Monetario Diario,Saldos,D,En millones de ARS,ML
1225,2016-10-27,376130.0,Adelantos transitorios del BCRA al Gobierno Nacional,Informe Monetario Diario,Saldos,D,En millones de ARS,ML
1225,2016-10-28,376130.0,Adelantos transitorios del BCRA al Gobierno Nacional,Informe Monetario Diario,Saldos,D,En millones de ARS,ML
1225,2016-10-31,376130.0,Adelantos transitorios del BCRA al Gobierno Nacional,Informe Monetario Diario,Saldos,D,En millones de ARS,ML
1225,2016-11-01,376130.0,Adelantos transitorios del BCRA al Gobierno Nacional,Informe Monetario Diario,Saldos,D,En millones de ARS,ML
1225,2016-11-02,376130.0,Adelantos transitorios del BCRA al Gobierno Nacional,Informe Monetario Diario,Saldos,D,En millones de ARS,ML
1225,2016-11-03,376130.0,Adelantos transitorios del BCRA al Gobierno Nacional,Informe Monetario Diario,Saldos,D,En millones de ARS,ML
1225,2016-11-04,376130.0,Adelantos transitorios del BCRA al Gobierno Nacional,Informe Monetario Diario,Saldos,D,En millones de ARS,ML
1225,2016-11-07,376130.0,Adelantos transitorios del BCRA al Gobierno Nacional,Informe Monetario Diario,Saldos,D,En millones de ARS,ML
1225,2016-11-08,376130.0,Adelantos transitorios del BCRA al Gobierno Nacional,Informe Monetario Diario,Saldos,D,En millones de ARS,ML
1225,2016-11-09,376130.0,Adelantos transitorios del BCRA al Gobierno Nacional,Informe Monetario Diario,Saldos,D,En millones de ARS,ML
1225,2016-11-10,376130.0,Adelantos transitorios del BCRA al Gobierno Nacional,Informe Monetario Diario,Saldos,D,En millones de ARS,ML
1225,2016-11-11,376130.0,Adelantos transitorios del BCRA al Gobierno Nacional,Informe Monetario Diario,Saldos,D,En millones de ARS,ML
1225,2016-11-14,376130.0,Adelantos transitorios del BCRA al Gobierno Nacional,Informe Monetario Diario,Saldos,D,En millones de ARS,ML
1225,2016-11-15,376130.0,Adelantos transitorios del BCRA al Gobierno Nacional,Informe Monetario Diario,Saldos,D,En millones de ARS,ML
1225,2016-11-16,376130.0,Adelantos transitorios del BCRA al Gobierno Nacional,Informe Monetario Diario,Saldos,D,En millones de ARS,ML
1225,2016-11-17,376130.0,Adelantos transitorios del BCRA al Gobierno Nacional,Informe Monetario Diario,Saldos,D,En millones de ARS,ML
1225,2016-11-18,376130.0,Adelantos transitorios del BCRA al Gobierno Nacional,Informe Monetario Diario,Saldos,D,En millones de ARS,ML
1225,2016-11-21,376130.0,Adelantos transitorios del BCRA al Gobierno Nacional,Informe Monetario Diario,Saldos,D,En millones de ARS,ML
1225,2016-11-22,376130.0,Adelantos transitorios del BCRA al Gobierno Nacional,Informe Monetario Diario,Saldos,D,En millones de ARS,ML
1225,2016-11-23,376130.0,Adelantos transitorios del BCRA al Gobierno Nacional,Informe Monetario Diario,Saldos,D,En millones de ARS,ML
1225,2016-11-24,376130.0,Adelantos transitorios del BCRA al Gobierno Nacional,Informe Monetario Diario,Saldos,D,En millones de ARS,ML
1225,2016-11-25,382230.0,Adelantos transitorios del BCRA al Gobierno Nacional,Informe Monetario Diario,Saldos,D,En millones de ARS,ML
1225,2016-11-29,382230.0,Adelantos transitorios del BCRA al Gobierno Nacional,Informe Monetario Diario,Saldos,D,En millones de ARS,ML
1225,2016-11-30,382230.0,Adelantos transitorios del BCRA al Gobierno Nacional,Informe Monetario Diario,Saldos,D,En millones de ARS,ML
1225,2016-12-01,382230.0,Adelantos transitorios del BCRA al Gobierno Nacional,Informe Monetario Diario,Saldos,D,En millones de ARS,ML
1225,2016-12-02,382230.0,Adelantos transitorios del BCRA al Gobierno Nacional,Informe Monetario Diario,Saldos,D,En millones de ARS,ML
1225,2016-12-05,382230.0,Adelantos transitorios del BCRA al Gobierno Nacional,Informe Monetario Diario,Saldos,D,En millones de ARS,ML
1225,2016-12-06,382230.0,Adelantos transitorios del BCRA al Gobierno Nacional,Informe Monetario Diario,Saldos,D,En millones de ARS,ML
1225,2016-12-07,382230.0,Adelantos transitorios del BCRA al Gobierno Nacional,Informe Monetario Diario,Saldos,D,En millones de ARS,ML
1225,2016-12-12,382230.0,Adelantos transitorios del BCRA al Gobierno Nacional,Informe Monetario Diario,Saldos,D,En millones de ARS,ML
1225,2016-12-13,382230.0,Adelantos transitorios del BCRA al Gobierno Nacional,Informe Monetario Diario,Saldos,D,En millones de ARS,ML
1225,2016-12-14,382230.0,Adelantos transitorios del BCRA al Gobierno Nacional,Informe Monetario Diario,Saldos,D,En millones de ARS,ML
1225,2016-12-15,382230.0,Adelantos transitorios del BCRA al Gobierno Nacional,Informe Monetario Diario,Saldos,D,En millones de ARS,ML
1225,2016-12-16,382230.0,Adelantos transitorios del BCRA al Gobierno Nacional,Informe Monetario Diario,Saldos,D,En millones de ARS,ML
1225,2016-12-19,382230.0,Adelantos transitorios del BCRA al Gobierno Nacional,Informe Monetario Diario,Saldos,D,En millones de ARS,ML
1225,2016-12-20,382230.0,Adelantos transitorios del BCRA al Gobierno Nacional,Informe Monetario Diario,Saldos,D,En millones de ARS,ML
1225,2016-12-21,382230.0,Adelantos transitorios del BCRA al Gobierno Nacional,Informe Monetario Diario,Saldos,D,En millones de ARS,ML
1225,2016-12-22,382230.0,Adelantos transitorios del BCRA al Gobierno Nacional,Informe Monetario Diario,Saldos,D,En millones de ARS,ML
1225,2016-12-23,382230.0,Adelantos transitorios del BCRA al Gobierno Nacional,Informe Monetario Diario,Saldos,D,En millones de ARS,ML
1225,2016-12-26,382230.0,Adelantos transitorios del BCRA al Gobierno Nacional,Informe Monetario Diario,Saldos,D,En millones de ARS,ML
1225,2016-12-27,382230.0,Adelantos transitorios del BCRA al Gobierno Nacional,Informe Monetario Diario,Saldos,D,En millones de ARS,ML
1225,2016-12-28,382230.0,Adelantos transitorios del BCRA al Gobierno Nacional,Informe Monetario Diario,Saldos,D,En millones de ARS,ML
1225,2016-12-29,382230.0,Adelantos transitorios del BCRA al Gobierno Nacional,Informe Monetario Diario,Saldos,D,En millones de ARS,ML
1225,2016-12-30,382230.0,Adelantos transitorios del BCRA al Gobierno Nacional,Informe Monetario Diario,Saldos,D,En millones de ARS,ML
1225,2017-01-02,382230.0,Adelantos transitorios del BCRA al Gobierno Nacional,Informe Monetario Diario,Saldos,D,En millones de ARS,ML
1225,2017-01-03,382230.0,Adelantos transitorios del BCRA al Gobierno Nacional,Informe Monetario Diario,Saldos,D,En millones de ARS,ML
1225,2017-01-04,382230.0,Adelantos transitorios del BCRA al Gobierno Nacional,Informe Monetario Diario,Saldos,D,En millones de ARS,ML
1225,2017-01-05,382230.0,Adelantos transitorios del BCRA al Gobierno Nacional,Informe Monetario Diario,Saldos,D,En millones de ARS,ML
1225,2017-01-06,382230.0,Adelantos transitorios del BCRA al Gobierno Nacional,Informe Monetario Diario,Saldos,D,En millones de ARS,ML
1225,2017-01-09,382230.0,Adelantos transitorios del BCRA al Gobierno Nacional,Informe Monetario Diario,Saldos,D,En millones de ARS,ML
1225,2017-01-10,382230.0,Adelantos transitorios del BCRA al Gobierno Nacional,Informe Monetario Diario,Saldos,D,En millones de ARS,ML
1225,2017-01-11,382230.0,Adelantos transitorios del BCRA al Gobierno Nacional,Informe Monetario Diario,Saldos,D,En millones de ARS,ML
1225,2017-01-12,380230.0,Adelantos transitorios del BCRA al Gobierno Nacional,Informe Monetario Diario,Saldos,D,En millones de ARS,ML
1225,2017-01-13,380230.0,Adelantos transitorios del BCRA al Gobierno Nacional,Informe Monetario Diario,Saldos,D,En millones de ARS,ML
1225,2017-01-16,380230.0,Adelantos transitorios del BCRA al Gobierno Nacional,Informe Monetario Diario,Saldos,D,En millones de ARS,ML
1225,2017-01-17,380230.0,Adelantos transitorios del BCRA al Gobierno Nacional,Informe Monetario Diario,Saldos,D,En millones de ARS,ML
1225,2017-01-18,380230.0,Adelantos transitorios del BCRA al Gobierno Nacional,Informe Monetario Diario,Saldos,D,En millones de ARS,ML
1225,2017-01-19,380230.0,Adelantos transitorios del BCRA al Gobierno Nacional,Informe Monetario Diario,Saldos,D,En millones de ARS,ML
1225,2017-01-20,380230.0,Adelantos transitorios del BCRA al Gobierno Nacional,Informe Monetario Diario,Saldos,D,En millones de ARS,ML
1225,2017-01-23,380230.0,Adelantos transitorios del BCRA al Gobierno Nacional,Informe Monetario Diario,Saldos,D,En millones de ARS,ML
1225,2017-01-24,380230.0,Adelantos transitorios del BCRA al Gobierno Nacional,Informe Monetario Diario,Saldos,D,En millones de ARS,ML
1225,2017-01-25,380230.0,Adelantos transitorios del BCRA al Gobierno Nacional,Informe Monetario Diario,Saldos,D,En millones de ARS,ML
1225,2017-01-26,380230.0,Adelantos transitorios del BCRA al Gobierno Nacional,Informe Monetario Diario,Saldos,D,En millones de ARS,ML
1225,2017-01-27,380230.0,Adelantos transitorios del BCRA al Gobierno Nacional,Informe Monetario Diario,Saldos,D,En millones de ARS,ML
1225,2017-01-30,380230.0,Adelantos transitorios del BCRA al Gobierno Nacional,Informe Monetario Diario,Saldos,D,En millones de ARS,ML
1225,2017-01-31,380230.0,Adelantos transitorios del BCRA al Gobierno Nacional,Informe Monetario Diario,Saldos,D,En millones de ARS,ML
1225,2017-02-01,380230.0,Adelantos transitorios del BCRA al Gobierno Nacional,Informe Monetario Diario,Saldos,D,En millones de ARS,ML
1225,2017-02-02,380230.0,Adelantos transitorios del BCRA al Gobierno Nacional,Informe Monetario Diario,Saldos,D,En millones de ARS,ML
1225,2017-02-03,380230.0,Adelantos transitorios del BCRA al Gobierno Nacional,Informe Monetario Diario,Saldos,D,En millones de ARS,ML
1225,2017-02-06,380230.0,Adelantos transitorios del BCRA al Gobierno Nacional,Informe Monetario Diario,Saldos,D,En millones de ARS,ML
1225,2017-02-07,380230.0,Adelantos transitorios del BCRA al Gobierno Nacional,Informe Monetario Diario,Saldos,D,En millones de ARS,ML
1225,2017-02-08,380230.0,Adelantos transitorios del BCRA al Gobierno Nacional,Informe Monetario Diario,Saldos,D,En millones de ARS,ML
1225,2017-02-09,380230.0,Adelantos transitorios del BCRA al Gobierno Nacional,Informe Monetario Diario,Saldos,D,En millones de ARS,ML
1225,2017-02-10,380230.0,Adelantos transitorios del BCRA al Gobierno Nacional,Informe Monetario Diario,Saldos,D,En millones de ARS,ML
1225,2017-02-13,380230.0,Adelantos transitorios del BCRA al Gobierno Nacional,Informe Monetario Diario,Saldos,D,En millones de ARS,ML
1225,2017-02-14,380230.0,Adelantos transitorios del BCRA al Gobierno Nacional,Informe Monetario Diario,Saldos,D,En millones de ARS,ML
1225,2017-02-15,380230.0,Adelantos transitorios del BCRA al Gobierno Nacional,Informe Monetario Diario,Saldos,D,En millones de ARS,ML
1225,2017-02-16,380230.0,Adelantos transitorios del BCRA al Gobierno Nacional,Informe Monetario Diario,Saldos,D,En millones de ARS,ML
1225,2017-02-17,396230.0,Adelantos transitorios del BCRA al Gobierno Nacional,Informe Monetario Diario,Saldos,D,En millones de ARS,ML
1225,2017-02-20,392230.0,Adelantos transitorios del BCRA al Gobierno Nacional,Informe Monetario Diario,Saldos,D,En millones de ARS,ML
1225,2017-02-21,392230.0,Adelantos transitorios del BCRA al Gobierno Nacional,Informe Monetario Diario,Saldos,D,En millones de ARS,ML
1225,2017-02-22,392230.0,Adelantos transitorios del BCRA al Gobierno Nacional,Informe Monetario Diario,Saldos,D,En millones de ARS,ML
1225,2017-02-23,392230.0,Adelantos transitorios del BCRA al Gobierno Nacional,Informe Monetario Diario,Saldos,D,En millones de ARS,ML
1225,2017-02-24,392230.0,Adelantos transitorios del BCRA al Gobierno Nacional,Informe Monetario Diario,Saldos,D,En millones de ARS,ML
1225,2017-03-01,392230.0,Adelantos transitorios del BCRA al Gobierno Nacional,Informe Monetario Diario,Saldos,D,En millones de ARS,ML
1225,2017-03-02,392230.0,Adelantos transitorios del BCRA al Gobierno Nacional,Informe Monetario Diario,Saldos,D,En millones de ARS,ML
1225,2017-03-03,392230.0,Adelantos transitorios del BCRA al Gobierno Nacional,Informe Monetario Diario,Saldos,D,En millones de ARS,ML
1225,2017-03-06,392230.0,Adelantos transitorios del BCRA al Gobierno Nacional,Informe Monetario Diario,Saldos,D,En millones de ARS,ML
1225,2017-03-07,392230.0,Adelantos transitorios del BCRA al Gobierno Nacional,Informe Monetario Diario,Saldos,D,En millones de ARS,ML
1225,2017-03-08,392230.0,Adelantos transitorios del BCRA al Gobierno Nacional,Informe Monetario Diario,Saldos,D,En millones de ARS,ML
1225,2017-03-09,392230.0,Adelantos transitorios del BCRA al Gobierno Nacional,Informe Monetario Diario,Saldos,D,En millones de ARS,ML
1225,2017-03-10,406230.0,Adelantos transitorios del BCRA al Gobierno Nacional,Informe Monetario Diario,Saldos,D,En millones de ARS,ML
1225,2017-03-13,406230.0,Adelantos transitorios del BCRA al Gobierno Nacional,Informe Monetario Diario,Saldos,D,En millones de ARS,ML
1225,2017-03-14,406230.0,Adelantos transitorios del BCRA al Gobierno Nacional,Informe Monetario Diario,Saldos,D,En millones de ARS,ML
1225,2017-03-15,406230.0,Adelantos transitorios del BCRA al Gobierno Nacional,Informe Monetario Diario,Saldos,D,En millones de ARS,ML
1225,2017-03-16,406230.0,Adelantos transitorios del BCRA al Gobierno Nacional,Informe Monetario Diario,Saldos,D,En millones de ARS,ML
1225,2017-03-17,406230.0,Adelantos transitorios del BCRA al Gobierno Nacional,Informe Monetario Diario,Saldos,D,En millones de ARS,ML
1225,2017-03-20,419730.0,Adelantos transitorios del BCRA al Gobierno Nacional,Informe Monetario Diario,Saldos,D,En millones de ARS,ML
1225,2017-03-21,419730.0,Adelantos transitorios del BCRA al Gobierno Nacional,Informe Monetario Diario,Saldos,D,En millones de ARS,ML
1225,2017-03-22,419730.0,Adelantos transitorios del BCRA al Gobierno Nacional,Informe Monetario Diario,Saldos,D,En millones de ARS,ML
1225,2017-03-23,419730.0,Adelantos transitorios del BCRA al Gobierno Nacional,Informe Monetario Diario,Saldos,D,En millones de ARS,ML
1225,2017-03-27,419730.0,Adelantos transitorios del BCRA al Gobierno Nacional,Informe Monetario Diario,Saldos,D,En millones de ARS,ML
1225,2017-03-28,419730.0,Adelantos transitorios del BCRA al Gobierno Nacional,Informe Monetario Diario,Saldos,D,En millones de ARS,ML
1225,2017-03-29,419730.0,Adelantos transitorios del BCRA al Gobierno Nacional,Informe Monetario Diario,Saldos,D,En millones de ARS,ML
1225,2017-03-30,419730.0,Adelantos transitorios del BCRA al Gobierno Nacional,Informe Monetario Diario,Saldos,D,En millones de ARS,ML
1225,2017-03-31,419730.0,Adelantos transitorios del BCRA al Gobierno Nacional,Informe Monetario Diario,Saldos,D,En millones de ARS,ML
1225,2017-04-03,419730.0,Adelantos transitorios del BCRA al Gobierno Nacional,Informe Monetario Diario,Saldos,D,En millones de ARS,ML
1225,2017-04-04,419730.0,Adelantos transitorios del BCRA al Gobierno Nacional,Informe Monetario Diario,Saldos,D,En millones de ARS,ML
1225,2017-04-05,419730.0,Adelantos transitorios del BCRA al Gobierno Nacional,Informe Monetario Diario,Saldos,D,En millones de ARS,ML
1225,2017-04-06,419730.0,Adelantos transitorios del BCRA al Gobierno Nacional,Informe Monetario Diario,Saldos,D,En millones de ARS,ML
1225,2017-04-07,419730.0,Adelantos transitorios del BCRA al Gobierno Nacional,Informe Monetario Diario,Saldos,D,En millones de ARS,ML
1225,2017-04-10,419730.0,Adelantos transitorios del BCRA al Gobierno Nacional,Informe Monetario Diario,Saldos,D,En millones de ARS,ML
1225,2017-04-11,419730.0,Adelantos transitorios del BCRA al Gobierno Nacional,Informe Monetario Diario,Saldos,D,En millones de ARS,ML
1225,2017-04-12,419730.0,Adelantos transitorios del BCRA al Gobierno Nacional,Informe Monetario Diario,Saldos,D,En millones de ARS,ML
1225,2017-04-17,419730.0,Adelantos transitorios del BCRA al Gobierno Nacional,Informe Monetario Diario,Saldos,D,En millones de ARS,ML
1225,2017-04-18,419730.0,Adelantos transitorios del BCRA al Gobierno Nacional,Informe Monetario Diario,Saldos,D,En millones de ARS,ML
1225,2017-04-19,419730.0,Adelantos transitorios del BCRA al Gobierno Nacional,Informe Monetario Diario,Saldos,D,En millones de ARS,ML
1225,2017-04-20,419730.0,Adelantos transitorios del BCRA al Gobierno Nacional,Informe Monetario Diario,Saldos,D,En millones de ARS,ML
1225,2017-04-21,419730.0,Adelantos transitorios del BCRA al Gobierno Nacional,Informe Monetario Diario,Saldos,D,En millones de ARS,ML
1225,2017-04-24,419730.0,Adelantos transitorios del BCRA al Gobierno Nacional,Informe Monetario Diario,Saldos,D,En millones de ARS,ML
1225,2017-04-25,419730.0,Adelantos transitorios del BCRA al Gobierno Nacional,Informe Monetario Diario,Saldos,D,En millones de ARS,ML
1225,2017-04-26,419730.0,Adelantos transitorios del BCRA al Gobierno Nacional,Informe Monetario Diario,Saldos,D,En millones de ARS,ML
1225,2017-04-27,432230.0,Adelantos transitorios del BCRA al Gobierno Nacional,Informe Monetario Diario,Saldos,D,En millones de ARS,ML
1225,2017-04-28,432230.0,Adelantos transitorios del BCRA al Gobierno Nacional,Informe Monetario Diario,Saldos,D,En millones de ARS,ML
1225,2017-05-02,432230.0,Adelantos transitorios del BCRA al Gobierno Nacional,Informe Monetario Diario,Saldos,D,En millones de ARS,ML
1225,2017-05-03,432230.0,Adelantos transitorios del BCRA al Gobierno Nacional,Informe Monetario Diario,Saldos,D,En millones de ARS,ML
1225,2017-05-04,432230.0,Adelantos transitorios del BCRA al Gobierno Nacional,Informe Monetario Diario,Saldos,D,En millones de ARS,ML
1225,2017-05-05,432230.0,Adelantos transitorios del BCRA al Gobierno Nacional,Informe Monetario Diario,Saldos,D,En millones de ARS,ML
1225,2017-05-08,432230.0,Adelantos transitorios del BCRA al Gobierno Nacional,Informe Monetario Diario,Saldos,D,En millones de ARS,ML
1225,2017-05-09,432230.0,Adelantos transitorios del BCRA al Gobierno Nacional,Informe Monetario Diario,Saldos,D,En millones de ARS,ML
1225,2017-05-10,432230.0,Adelantos transitorios del BCRA al Gobierno Nacional,Informe Monetario Diario,Saldos,D,En millones de ARS,ML
1225,2017-05-11,432230.0,Adelantos transitorios del BCRA al Gobierno Nacional,Informe Monetario Diario,Saldos,D,En millones de ARS,ML
1225,2017-05-12,432230.0,Adelantos transitorios del BCRA al Gobierno Nacional,Informe Monetario Diario,Saldos,D,En millones de ARS,ML
1225,2017-05-15,432230.0,Adelantos transitorios del BCRA al Gobierno Nacional,Informe Monetario Diario,Saldos,D,En millones de ARS,ML
1225,2017-05-16,432230.0,Adelantos transitorios del BCRA al Gobierno Nacional,Informe Monetario Diario,Saldos,D,En millones de ARS,ML
1225,2017-05-17,432230.0,Adelantos transitorios del BCRA al Gobierno Nacional,Informe Monetario Diario,Saldos,D,En millones de ARS,ML
1225,2017-05-18,432230.0,Adelantos transitorios del BCRA al Gobierno Nacional,Informe Monetario Diario,Saldos,D,En millones de ARS,ML
1225,2017-05-19,444730.0,Adelantos transitorios del BCRA al Gobierno Nacional,Informe Monetario Diario,Saldos,D,En millones de ARS,ML
1225,2017-05-22,444730.0,Adelantos transitorios del BCRA al Gobierno Nacional,Informe Monetario Diario,Saldos,D,En millones de ARS,ML
1225,2017-05-23,444730.0,Adelantos transitorios del BCRA al Gobierno Nacional,Informe Monetario Diario,Saldos,D,En millones de ARS,ML
1225,2017-05-24,444730.0,Adelantos transitorios del BCRA al Gobierno Nacional,Informe Monetario Diario,Saldos,D,En millones de ARS,ML
1225,2017-05-26,444730.0,Adelantos transitorios del BCRA al Gobierno Nacional,Informe Monetario Diario,Saldos,D,En millones de ARS,ML
1225,2017-05-29,444730.0,Adelantos transitorios del BCRA al Gobierno Nacional,Informe Monetario Diario,Saldos,D,En millones de ARS,ML
1225,2017-05-30,436430.0,Adelantos transitorios del BCRA al Gobierno Nacional,Informe Monetario Diario,Saldos,D,En millones de ARS,ML
1225,2017-05-31,436430.0,Adelantos transitorios del BCRA al Gobierno Nacional,Informe Monetario Diario,Saldos,D,En millones de ARS,ML
1225,2017-06-01,455730.0,Adelantos transitorios del BCRA al Gobierno Nacional,Informe Monetario Diario,Saldos,D,En millones de ARS,ML
1225,2017-06-02,455730.0,Adelantos transitorios del BCRA al Gobierno Nacional,Informe Monetario Diario,Saldos,D,En millones de ARS,ML
1225,2017-06-05,455730.0,Adelantos transitorios del BCRA al Gobierno Nacional,Informe Monetario Diario,Saldos,D,En millones de ARS,ML
1225,2017-06-06,478730.0,Adelantos transitorios del BCRA al Gobierno Nacional,Informe Monetario Diario,Saldos,D,En millones de ARS,ML
1225,2017-06-07,478730.0,Adelantos transitorios del BCRA al Gobierno Nacional,Informe Monetario Diario,Saldos,D,En millones de ARS,ML
1225,2017-06-08,478730.0,Adelantos transitorios del BCRA al Gobierno Nacional,Informe Monetario Diario,Saldos,D,En millones de ARS,ML
1225,2017-06-09,478730.0,Adelantos transitorios del BCRA al Gobierno Nacional,Informe Monetario Diario,Saldos,D,En millones de ARS,ML
1225,2017-06-12,478730.0,Adelantos transitorios del BCRA al Gobierno Nacional,Informe Monetario Diario,Saldos,D,En millones de ARS,ML
1225,2017-06-13,478730.0,Adelantos transitorios del BCRA al Gobierno Nacional,Informe Monetario Diario,Saldos,D,En millones de ARS,ML
1225,2017-06-14,478730.0,Adelantos transitorios del BCRA al Gobierno Nacional,Informe Monetario Diario,Saldos,D,En millones de ARS,ML
1225,2017-06-15,478730.0,Adelantos transitorios del BCRA al Gobierno Nacional,Informe Monetario Diario,Saldos,D,En millones de ARS,ML
1225,2017-06-16,478730.0,Adelantos transitorios del BCRA al Gobierno Nacional,Informe Monetario Diario,Saldos,D,En millones de ARS,ML
1225,2017-06-19,478730.0,Adelantos transitorios del BCRA al Gobierno Nacional,Informe Monetario Diario,Saldos,D,En millones de ARS,ML
1225,2017-06-21,478730.0,Adelantos transitorios del BCRA al Gobierno Nacional,Informe Monetario Diario,Saldos,D,En millones de ARS,ML
1225,2017-06-22,478730.0,Adelantos transitorios del BCRA al Gobierno Nacional,Informe Monetario Diario,Saldos,D,En millones de ARS,ML
1225,2017-06-23,478730.0,Adelantos transitorios del BCRA al Gobierno Nacional,Informe Monetario Diario,Saldos,D,En millones de ARS,ML
1225,2017-06-26,478730.0,Adelantos transitorios del BCRA al Gobierno Nacional,Informe Monetario Diario,Saldos,D,En millones de ARS,ML
1225,2017-06-27,478730.0,Adelantos transitorios del BCRA al Gobierno Nacional,Informe Monetario Diario,Saldos,D,En millones de ARS,ML
1225,2017-06-28,478730.0,Adelantos transitorios del BCRA al Gobierno Nacional,Informe Monetario Diario,Saldos,D,En millones de ARS,ML
1225,2017-06-29,478730.0,Adelantos transitorios del BCRA al Gobierno Nacional,Informe Monetario Diario,Saldos,D,En millones de ARS,ML
1225,2017-06-30,478730.0,Adelantos transitorios del BCRA al Gobierno Nacional,Informe Monetario Diario,Saldos,D,En millones de ARS,ML
1225,2017-07-03,478730.0,Adelantos transitorios del BCRA al Gobierno Nacional,Informe Monetario Diario,Saldos,D,En millones de ARS,ML
1225,2017-07-04,478730.0,Adelantos transitorios del BCRA al Gobierno Nacional,Informe Monetario Diario,Saldos,D,En millones de ARS,ML
1225,2017-07-05,478730.0,Adelantos transitorios del BCRA al Gobierno Nacional,Informe Monetario Diario,Saldos,D,En millones de ARS,ML
1225,2017-07-06,478730.0,Adelantos transitorios del BCRA al Gobierno Nacional,Informe Monetario Diario,Saldos,D,En millones de ARS,ML
1225,2017-07-07,478730.0,Adelantos transitorios del BCRA al Gobierno Nacional,Informe Monetario Diario,Saldos,D,En millones de ARS,ML
1225,2017-07-10,478730.0,Adelantos transitorios del BCRA al Gobierno Nacional,Informe Monetario Diario,Saldos,D,En millones de ARS,ML
1225,2017-07-11,478730.0,Adelantos transitorios del BCRA al Gobierno Nacional,Informe Monetario Diario,Saldos,D,En millones de ARS,ML
1225,2017-07-12,478730.0,Adelantos transitorios del BCRA al Gobierno Nacional,Informe Monetario Diario,Saldos,D,En millones de ARS,ML
1225,2017-07-13,478730.0,Adelantos transitorios del BCRA al Gobierno Nacional,Informe Monetario Diario,Saldos,D,En millones de ARS,ML
1225,2017-07-14,478730.0,Adelantos transitorios del BCRA al Gobierno Nacional,Informe Monetario Diario,Saldos,D,En millones de ARS,ML
1225,2017-07-17,478730.0,Adelantos transitorios del BCRA al Gobierno Nacional,Informe Monetario Diario,Saldos,D,En millones de ARS,ML
1225,2017-07-18,478730.0,Adelantos transitorios del BCRA al Gobierno Nacional,Informe Monetario Diario,Saldos,D,En millones de ARS,ML
1225,2017-07-19,478730.0,Adelantos transitorios del BCRA al Gobierno Nacional,Informe Monetario Diario,Saldos,D,En millones de ARS,ML
1225,2017-07-20,478730.0,Adelantos transitorios del BCRA al Gobierno Nacional,Informe Monetario Diario,Saldos,D,En millones de ARS,ML
1225,2017-07-21,478730.0,Adelantos transitorios del BCRA al Gobierno Nacional,Informe Monetario Diario,Saldos,D,En millones de ARS,ML
1225,2017-07-24,478730.0,Adelantos transitorios del BCRA al Gobierno Nacional,Informe Monetario Diario,Saldos,D,En millones de ARS,ML
1225,2017-07-25,478730.0,Adelantos transitorios del BCRA al Gobierno Nacional,Informe Monetario Diario,Saldos,D,En millones de ARS,ML
1225,2017-07-26,478730.0,Adelantos transitorios del BCRA al Gobierno Nacional,Informe Monetario Diario,Saldos,D,En millones de ARS,ML
1225,2017-07-27,478730.0,Adelantos transitorios del BCRA al Gobierno Nacional,Informe Monetario Diario,Saldos,D,En millones de ARS,ML
1225,2017-07-28,471530.0,Adelantos transitorios del BCRA al Gobierno Nacional,Informe Monetario Diario,Saldos,D,En millones de ARS,ML
1225,2017-07-31,471530.0,Adelantos transitorios del BCRA al Gobierno Nacional,Informe Monetario Diario,Saldos,D,En millones de ARS,ML
1225,2017-08-01,471530.0,Adelantos transitorios del BCRA al Gobierno Nacional,Informe Monetario Diario,Saldos,D,En millones de ARS,ML
1225,2017-08-02,471530.0,Adelantos transitorios del BCRA al Gobierno Nacional,Informe Monetario Diario,Saldos,D,En millones de ARS,ML
1225,2017-08-03,471530.0,Adelantos transitorios del BCRA al Gobierno Nacional,Informe Monetario Diario,Saldos,D,En millones de ARS,ML
1225,2017-08-04,471530.0,Adelantos transitorios del BCRA al Gobierno Nacional,Informe Monetario Diario,Saldos,D,En millones de ARS,ML
1225,2017-08-07,471530.0,Adelantos transitorios del BCRA al Gobierno Nacional,Informe Monetario Diario,Saldos,D,En millones de ARS,ML
1225,2017-08-08,471530.0,Adelantos transitorios del BCRA al Gobierno Nacional,Informe Monetario Diario,Saldos,D,En millones de ARS,ML
1225,2017-08-09,471530.0,Adelantos transitorios del BCRA al Gobierno Nacional,Informe Monetario Diario,Saldos,D,En millones de ARS,ML
1225,2017-08-10,471530.0,Adelantos transitorios del BCRA al Gobierno Nacional,Informe Monetario Diario,Saldos,D,En millones de ARS,ML
1225,2017-08-11,471530.0,Adelantos transitorios del BCRA al Gobierno Nacional,Informe Monetario Diario,Saldos,D,En millones de ARS,ML
1225,2017-08-14,471530.0,Adelantos transitorios del BCRA al Gobierno Nacional,Informe Monetario Diario,Saldos,D,En millones de ARS,ML
1225,2017-08-15,471530.0,Adelantos transitorios del BCRA al Gobierno Nacional,Informe Monetario Diario,Saldos,D,En millones de ARS,ML
1225,2017-08-16,471530.0,Adelantos transitorios del BCRA al Gobierno Nacional,Informe Monetario Diario,Saldos,D,En millones de ARS,ML
1225,2017-08-17,471530.0,Adelantos transitorios del BCRA al Gobierno Nacional,Informe Monetario Diario,Saldos,D,En millones de ARS,ML
1225,2017-08-18,471530.0,Adelantos transitorios del BCRA al Gobierno Nacional,Informe Monetario Diario,Saldos,D,En millones de ARS,ML
1225,2017-08-22,471530.0,Adelantos transitorios del BCRA al Gobierno Nacional,Informe Monetario Diario,Saldos,D,En millones de ARS,ML
1225,2017-08-23,471530.0,Adelantos transitorios del BCRA al Gobierno Nacional,Informe Monetario Diario,Saldos,D,En millones de ARS,ML
1225,2017-08-24,471530.0,Adelantos transitorios del BCRA al Gobierno Nacional,Informe Monetario Diario,Saldos,D,En millones de ARS,ML
1225,2017-08-25,471530.0,Adelantos transitorios del BCRA al Gobierno Nacional,Informe Monetario Diario,Saldos,D,En millones de ARS,ML
1225,2017-08-28,471530.0,Adelantos transitorios del BCRA al Gobierno Nacional,Informe Monetario Diario,Saldos,D,En millones de ARS,ML
1225,2017-08-29,471530.0,Adelantos transitorios del BCRA al Gobierno Nacional,Informe Monetario Diario,Saldos,D,En millones de ARS,ML
1225,2017-08-30,471530.0,Adelantos transitorios del BCRA al Gobierno Nacional,Informe Monetario Diario,Saldos,D,En millones de ARS,ML
1225,2017-08-31,471530.0,Adelantos transitorios del BCRA al Gobierno Nacional,Informe Monetario Diario,Saldos,D,En millones de ARS,ML
1225,2017-09-01,471530.0,Adelantos transitorios del BCRA al Gobierno Nacional,Informe Monetario Diario,Saldos,D,En millones de ARS,ML
1225,2017-09-04,471530.0,Adelantos transitorios del BCRA al Gobierno Nacional,Informe Monetario Diario,Saldos,D,En millones de ARS,ML
1225,2017-09-05,471530.0,Adelantos transitorios del BCRA al Gobierno Nacional,Informe Monetario Diario,Saldos,D,En millones de ARS,ML
1225,2017-09-06,471530.0,Adelantos transitorios del BCRA al Gobierno Nacional,Informe Monetario Diario,Saldos,D,En millones de ARS,ML
1225,2017-09-07,471530.0,Adelantos transitorios del BCRA al Gobierno Nacional,Informe Monetario Diario,Saldos,D,En millones de ARS,ML
1225,2017-09-08,471530.0,Adelantos transitorios del BCRA al Gobierno Nacional,Informe Monetario Diario,Saldos,D,En millones de ARS,ML
1225,2017-09-11,471530.0,Adelantos transitorios del BCRA al Gobierno Nacional,Informe Monetario Diario,Saldos,D,En millones de ARS,ML
1225,2017-09-12,471530.0,Adelantos transitorios del BCRA al Gobierno Nacional,Informe Monetario Diario,Saldos,D,En millones de ARS,ML
1225,2017-09-13,471530.0,Adelantos transitorios del BCRA al Gobierno Nacional,Informe Monetario Diario,Saldos,D,En millones de ARS,ML
1225,2017-09-14,471530.0,Adelantos transitorios del BCRA al Gobierno Nacional,Informe Monetario Diario,Saldos,D,En millones de ARS,ML
1225,2017-09-15,464630.0,Adelantos transitorios del BCRA al Gobierno Nacional,Informe Monetario Diario,Saldos,D,En millones de ARS,ML
1225,2017-09-18,472230.0,Adelantos transitorios del BCRA al Gobierno Nacional,Informe Monetario Diario,Saldos,D,En millones de ARS,ML
1225,2017-09-19,472230.0,Adelantos transitorios del BCRA al Gobierno Nacional,Informe Monetario Diario,Saldos,D,En millones de ARS,ML
1225,2017-09-20,472230.0,Adelantos transitorios del BCRA al Gobierno Nacional,Informe Monetario Diario,Saldos,D,En millones de ARS,ML
1225,2017-09-21,472230.0,Adelantos transitorios del BCRA al Gobierno Nacional,Informe Monetario Diario,Saldos,D,En millones de ARS,ML
1225,2017-09-22,472230.0,Adelantos transitorios del BCRA al Gobierno Nacional,Informe Monetario Diario,Saldos,D,En millones de ARS,ML
1225,2017-09-25,472230.0,Adelantos transitorios del BCRA al Gobierno Nacional,Informe Monetario Diario,Saldos,D,En millones de ARS,ML
1225,2017-09-26,472230.0,Adelantos transitorios del BCRA al Gobierno Nacional,Informe Monetario Diario,Saldos,D,En millones de ARS,ML
1225,2017-09-27,472230.0,Adelantos transitorios del BCRA al Gobierno Nacional,Informe Monetario Diario,Saldos,D,En millones de ARS,ML
1225,2017-09-28,472230.0,Adelantos transitorios del BCRA al Gobierno Nacional,Informe Monetario Diario,Saldos,D,En millones de ARS,ML
1225,2017-09-29,472230.0,Adelantos transitorios del BCRA al Gobierno Nacional,Informe Monetario Diario,Saldos,D,En millones de ARS,ML
1225,2017-10-02,472230.0,Adelantos transitorios del BCRA al Gobierno Nacional,Informe Monetario Diario,Saldos,D,En millones de ARS,ML
1225,2017-10-03,472230.0,Adelantos transitorios del BCRA al Gobierno Nacional,Informe Monetario Diario,Saldos,D,En millones de ARS,ML
1225,2017-10-04,472230.0,Adelantos transitorios del BCRA al Gobierno Nacional,Informe Monetario Diario,Saldos,D,En millones de ARS,ML
1225,2017-10-05,472230.0,Adelantos transitorios del BCRA al Gobierno Nacional,Informe Monetario Diario,Saldos,D,En millones de ARS,ML
1225,2017-10-06,472230.0,Adelantos transitorios del BCRA al Gobierno Nacional,Informe Monetario Diario,Saldos,D,En millones de ARS,ML
1225,2017-10-09,472230.0,Adelantos transitorios del BCRA al Gobierno Nacional,Informe Monetario Diario,Saldos,D,En millones de ARS,ML
1225,2017-10-10,472230.0,Adelantos transitorios del BCRA al Gobierno Nacional,Informe Monetario Diario,Saldos,D,En millones de ARS,ML
1225,2017-10-11,472230.0,Adelantos transitorios del BCRA al Gobierno Nacional,Informe Monetario Diario,Saldos,D,En millones de ARS,ML
1225,2017-10-12,472230.0,Adelantos transitorios del BCRA al Gobierno Nacional,Informe Monetario Diario,Saldos,D,En millones de ARS,ML
1225,2017-10-13,472230.0,Adelantos transitorios del BCRA al Gobierno Nacional,Informe Monetario Diario,Saldos,D,En millones de ARS,ML
1225,2017-10-17,472230.0,Adelantos transitorios del BCRA al Gobierno Nacional,Informe Monetario Diario,Saldos,D,En millones de ARS,ML
1225,2017-10-18,472230.0,Adelantos transitorios del BCRA al Gobierno Nacional,Informe Monetario Diario,Saldos,D,En millones de ARS,ML
1225,2017-10-19,472230.0,Adelantos transitorios del BCRA al Gobierno Nacional,Informe Monetario Diario,Saldos,D,En millones de ARS,ML
1225,2017-10-20,472230.0,Adelantos transitorios del BCRA al Gobierno Nacional,Informe Monetario Diario,Saldos,D,En millones de ARS,ML
1225,2017-10-23,472230.0,Adelantos transitorios del BCRA al Gobierno Nacional,Informe Monetario Diario,Saldos,D,En millones de ARS,ML
1225,2017-10-24,472230.0,Adelantos transitorios del BCRA al Gobierno Nacional,Informe Monetario Diario,Saldos,D,En millones de ARS,ML
1225,2017-10-25,472230.0,Adelantos transitorios del BCRA al Gobierno Nacional,Informe Monetario Diario,Saldos,D,En millones de ARS,ML
1225,2017-10-26,472230.0,Adelantos transitorios del BCRA al Gobierno Nacional,Informe Monetario Diario,Saldos,D,En millones de ARS,ML
1225,2017-10-27,472230.0,Adelantos transitorios del BCRA al Gobierno Nacional,Informe Monetario Diario,Saldos,D,En millones de ARS,ML
1225,2017-10-30,472230.0,Adelantos transitorios del BCRA al Gobierno Nacional,Informe Monetario Diario,Saldos,D,En millones de ARS,ML
1225,2017-10-31,472230.0,Adelantos transitorios del BCRA al Gobierno Nacional,Informe Monetario Diario,Saldos,D,En millones de ARS,ML
1225,2017-11-01,472230.0,Adelantos transitorios del BCRA al Gobierno Nacional,Informe Monetario Diario,Saldos,D,En millones de ARS,ML
1225,2017-11-02,472230.0,Adelantos transitorios del BCRA al Gobierno Nacional,Informe Monetario Diario,Saldos,D,En millones de ARS,ML
1225,2017-11-03,472230.0,Adelantos transitorios del BCRA al Gobierno Nacional,Informe Monetario Diario,Saldos,D,En millones de ARS,ML
1225,2017-11-07,472230.0,Adelantos transitorios del BCRA al Gobierno Nacional,Informe Monetario Diario,Saldos,D,En millones de ARS,ML
1225,2017-11-08,472230.0,Adelantos transitorios del BCRA al Gobierno Nacional,Informe Monetario Diario,Saldos,D,En millones de ARS,ML
1225,2017-11-09,472230.0,Adelantos transitorios del BCRA al Gobierno Nacional,Informe Monetario Diario,Saldos,D,En millones de ARS,ML
1225,2017-11-10,472230.0,Adelantos transitorios del BCRA al Gobierno Nacional,Informe Monetario Diario,Saldos,D,En millones de ARS,ML
1225,2017-11-13,472230.0,Adelantos transitorios del BCRA al Gobierno Nacional,Informe Monetario Diario,Saldos,D,En millones de ARS,ML
1225,2017-11-14,472230.0,Adelantos transitorios del BCRA al Gobierno Nacional,Informe Monetario Diario,Saldos,D,En millones de ARS,ML
1225,2017-11-15,472230.0,Adelantos transitorios del BCRA al Gobierno Nacional,Informe Monetario Diario,Saldos,D,En millones de ARS,ML
1225,2017-11-16,472230.0,Adelantos transitorios del BCRA al Gobierno Nacional,Informe Monetario Diario,Saldos,D,En millones de ARS,ML
1225,2017-11-17,472230.0,Adelantos transitorios del BCRA al Gobierno Nacional,Informe Monetario Diario,Saldos,D,En millones de ARS,ML
1225,2017-11-21,472230.0,Adelantos transitorios del BCRA al Gobierno Nacional,Informe Monetario Diario,Saldos,D,En millones de ARS,ML
1225,2017-11-22,472230.0,Adelantos transitorios del BCRA al Gobierno Nacional,Informe Monetario Diario,Saldos,D,En millones de ARS,ML
1225,2017-11-23,472230.0,Adelantos transitorios del BCRA al Gobierno Nacional,Informe Monetario Diario,Saldos,D,En millones de ARS,ML
1225,2017-11-24,472230.0,Adelantos transitorios del BCRA al Gobierno Nacional,Informe Monetario Diario,Saldos,D,En millones de ARS,ML
1225,2017-11-27,472230.0,Adelantos transitorios del BCRA al Gobierno Nacional,Informe Monetario Diario,Saldos,D,En millones de ARS,ML
1225,2017-11-28,472230.0,Adelantos transitorios del BCRA al Gobierno Nacional,Informe Monetario Diario,Saldos,D,En millones de ARS,ML
1225,2017-11-29,472230.0,Adelantos transitorios del BCRA al Gobierno Nacional,Informe Monetario Diario,Saldos,D,En millones de ARS,ML
1225,2017-11-30,472230.0,Adelantos transitorios del BCRA al Gobierno Nacional,Informe Monetario Diario,Saldos,D,En millones de ARS,ML
1225,2017-12-01,472230.0,Adelantos transitorios del BCRA al Gobierno Nacional,Informe Monetario Diario,Saldos,D,En millones de ARS,ML
1225,2017-12-04,472230.0,Adelantos transitorios del BCRA al Gobierno Nacional,Informe Monetario Diario,Saldos,D,En millones de ARS,ML
1225,2017-12-05,472230.0,Adelantos transitorios del BCRA al Gobierno Nacional,Informe Monetario Diario,Saldos,D,En millones de ARS,ML
1225,2017-12-06,472230.0,Adelantos transitorios del BCRA al Gobierno Nacional,Informe Monetario Diario,Saldos,D,En millones de ARS,ML
1225,2017-12-07,472230.0,Adelantos transitorios del BCRA al Gobierno Nacional,Informe Monetario Diario,Saldos,D,En millones de ARS,ML
1225,2017-12-11,472230.0,Adelantos transitorios del BCRA al Gobierno Nacional,Informe Monetario Diario,Saldos,D,En millones de ARS,ML
1225,2017-12-12,472230.0,Adelantos transitorios del BCRA al Gobierno Nacional,Informe Monetario Diario,Saldos,D,En millones de ARS,ML
1225,2017-12-13,472230.0,Adelantos transitorios del BCRA al Gobierno Nacional,Informe Monetario Diario,Saldos,D,En millones de ARS,ML
1225,2017-12-14,472230.0,Adelantos transitorios del BCRA al Gobierno Nacional,Informe Monetario Diario,Saldos,D,En millones de ARS,ML
1225,2017-12-15,472230.0,Adelantos transitorios del BCRA al Gobierno Nacional,Informe Monetario Diario,Saldos,D,En millones de ARS,ML
1225,2017-12-18,472230.0,Adelantos transitorios del BCRA al Gobierno Nacional,Informe Monetario Diario,Saldos,D,En millones de ARS,ML
1225,2017-12-19,472230.0,Adelantos transitorios del BCRA al Gobierno Nacional,Informe Monetario Diario,Saldos,D,En millones de ARS,ML
1225,2017-12-20,472230.0,Adelantos transitorios del BCRA al Gobierno Nacional,Informe Monetario Diario,Saldos,D,En millones de ARS,ML
1225,2017-12-21,472230.0,Adelantos transitorios del BCRA al Gobierno Nacional,Informe Monetario Diario,Saldos,D,En millones de ARS,ML
1225,2017-12-22,472230.0,Adelantos transitorios del BCRA al Gobierno Nacional,Informe Monetario Diario,Saldos,D,En millones de ARS,ML
1225,2017-12-26,472230.0,Adelantos transitorios del BCRA al Gobierno Nacional,Informe Monetario Diario,Saldos,D,En millones de ARS,ML
1225,2017-12-27,472230.0,Adelantos transitorios del BCRA al Gobierno Nacional,Informe Monetario Diario,Saldos,D,En millones de ARS,ML
1225,2017-12-28,472230.0,Adelantos transitorios del BCRA al Gobierno Nacional,Informe Monetario Diario,Saldos,D,En millones de ARS,ML
1225,2017-12-29,472230.0,Adelantos transitorios del BCRA al Gobierno Nacional,Informe Monetario Diario,Saldos,D,En millones de ARS,ML
1225,2018-01-02,495530.0,Adelantos transitorios del BCRA al Gobierno Nacional,Informe Monetario Diario,Saldos,D,En millones de ARS,ML
1225,2018-01-03,495530.0,Adelantos transitorios del BCRA al Gobierno Nacional,Informe Monetario Diario,Saldos,D,En millones de ARS,ML
1225,2018-01-04,495530.0,Adelantos transitorios del BCRA al Gobierno Nacional,Informe Monetario Diario,Saldos,D,En millones de ARS,ML
1225,2018-01-05,495530.0,Adelantos transitorios del BCRA al Gobierno Nacional,Informe Monetario Diario,Saldos,D,En millones de ARS,ML
1225,2018-01-08,495530.0,Adelantos transitorios del BCRA al Gobierno Nacional,Informe Monetario Diario,Saldos,D,En millones de ARS,ML
1225,2018-01-09,495530.0,Adelantos transitorios del BCRA al Gobierno Nacional,Informe Monetario Diario,Saldos,D,En millones de ARS,ML
1225,2018-01-10,495530.0,Adelantos transitorios del BCRA al Gobierno Nacional,Informe Monetario Diario,Saldos,D,En millones de ARS,ML
1225,2018-01-11,495530.0,Adelantos transitorios del BCRA al Gobierno Nacional,Informe Monetario Diario,Saldos,D,En millones de ARS,ML
1225,2018-01-12,495530.0,Adelantos transitorios del BCRA al Gobierno Nacional,Informe Monetario Diario,Saldos,D,En millones de ARS,ML
1225,2018-01-15,495530.0,Adelantos transitorios del BCRA al Gobierno Nacional,Informe Monetario Diario,Saldos,D,En millones de ARS,ML
1225,2018-01-16,495530.0,Adelantos transitorios del BCRA al Gobierno Nacional,Informe Monetario Diario,Saldos,D,En millones de ARS,ML
1225,2018-01-17,495530.0,Adelantos transitorios del BCRA al Gobierno Nacional,Informe Monetario Diario,Saldos,D,En millones de ARS,ML
1225,2018-01-18,495530.0,Adelantos transitorios del BCRA al Gobierno Nacional,Informe Monetario Diario,Saldos,D,En millones de ARS,ML
1225,2018-01-19,495530.0,Adelantos transitorios del BCRA al Gobierno Nacional,Informe Monetario Diario,Saldos,D,En millones de ARS,ML
1225,2018-01-22,495530.0,Adelantos transitorios del BCRA al Gobierno Nacional,Informe Monetario Diario,Saldos,D,En millones de ARS,ML
1225,2018-01-23,495530.0,Adelantos transitorios del BCRA al Gobierno Nacional,Informe Monetario Diario,Saldos,D,En millones de ARS,ML
1225,2018-01-24,495530.0,Adelantos transitorios del BCRA al Gobierno Nacional,Informe Monetario Diario,Saldos,D,En millones de ARS,ML
1225,2018-01-25,495530.0,Adelantos transitorios del BCRA al Gobierno Nacional,Informe Monetario Diario,Saldos,D,En millones de ARS,ML
1225,2018-01-26,495530.0,Adelantos transitorios del BCRA al Gobierno Nacional,Informe Monetario Diario,Saldos,D,En millones de ARS,ML
1225,2018-01-29,495530.0,Adelantos transitorios del BCRA al Gobierno Nacional,Informe Monetario Diario,Saldos,D,En millones de ARS,ML
1225,2018-01-30,495530.0,Adelantos transitorios del BCRA al Gobierno Nacional,Informe Monetario Diario,Saldos,D,En millones de ARS,ML
1225,2018-01-31,495530.0,Adelantos transitorios del BCRA al Gobierno Nacional,Informe Monetario Diario,Saldos,D,En millones de ARS,ML
1225,2018-02-01,495530.0,Adelantos transitorios del BCRA al Gobierno Nacional,Informe Monetario Diario,Saldos,D,En millones de ARS,ML
1225,2018-02-02,495530.0,Adelantos transitorios del BCRA al Gobierno Nacional,Informe Monetario Diario,Saldos,D,En millones de ARS,ML
1225,2018-02-05,495530.0,Adelantos transitorios del BCRA al Gobierno Nacional,Informe Monetario Diario,Saldos,D,En millones de ARS,ML
1225,2018-02-06,495530.0,Adelantos transitorios del BCRA al Gobierno Nacional,Informe Monetario Diario,Saldos,D,En millones de ARS,ML
1225,2018-02-07,495530.0,Adelantos transitorios del BCRA al Gobierno Nacional,Informe Monetario Diario,Saldos,D,En millones de ARS,ML
1225,2018-02-08,495530.0,Adelantos transitorios del BCRA al Gobierno Nacional,Informe Monetario Diario,Saldos,D,En millones de ARS,ML
1225,2018-02-09,495530.0,Adelantos transitorios del BCRA al Gobierno Nacional,Informe Monetario Diario,Saldos,D,En millones de ARS,ML
1225,2018-02-14,495530.0,Adelantos transitorios del BCRA al Gobierno Nacional,Informe Monetario Diario,Saldos,D,En millones de ARS,ML
1225,2018-02-15,495530.0,Adelantos transitorios del BCRA al Gobierno Nacional,Informe Monetario Diario,Saldos,D,En millones de ARS,ML
1225,2018-02-16,495530.0,Adelantos transitorios del BCRA al Gobierno Nacional,Informe Monetario Diario,Saldos,D,En millones de ARS,ML
1225,2018-02-19,495530.0,Adelantos transitorios del BCRA al Gobierno Nacional,Informe Monetario Diario,Saldos,D,En millones de ARS,ML
1225,2018-02-20,495530.0,Adelantos transitorios del BCRA al Gobierno Nacional,Informe Monetario Diario,Saldos,D,En millones de ARS,ML
1225,2018-02-21,495530.0,Adelantos transitorios del BCRA al Gobierno Nacional,Informe Monetario Diario,Saldos,D,En millones de ARS,ML
1225,2018-02-22,495530.0,Adelantos transitorios del BCRA al Gobierno Nacional,Informe Monetario Diario,Saldos,D,En millones de ARS,ML
1225,2018-02-23,495530.0,Adelantos transitorios del BCRA al Gobierno Nacional,Informe Monetario Diario,Saldos,D,En millones de ARS,ML
1225,2018-02-26,495530.0,Adelantos transitorios del BCRA al Gobierno Nacional,Informe Monetario Diario,Saldos,D,En millones de ARS,ML
1225,2018-02-27,495530.0,Adelantos transitorios del BCRA al Gobierno Nacional,Informe Monetario Diario,Saldos,D,En millones de ARS,ML
1225,2018-02-28,495530.0,Adelantos transitorios del BCRA al Gobierno Nacional,Informe Monetario Diario,Saldos,D,En millones de ARS,ML
1225,2018-03-01,495530.0,Adelantos transitorios del BCRA al Gobierno Nacional,Informe Monetario Diario,Saldos,D,En millones de ARS,ML
1225,2018-03-02,495530.0,Adelantos transitorios del BCRA al Gobierno Nacional,Informe Monetario Diario,Saldos,D,En millones de ARS,ML
1225,2018-03-05,495530.0,Adelantos transitorios del BCRA al Gobierno Nacional,Informe Monetario Diario,Saldos,D,En millones de ARS,ML
1225,2018-03-06,495530.0,Adelantos transitorios del BCRA al Gobierno Nacional,Informe Monetario Diario,Saldos,D,En millones de ARS,ML
1225,2018-03-07,495530.0,Adelantos transitorios del BCRA al Gobierno Nacional,Informe Monetario Diario,Saldos,D,En millones de ARS,ML
1225,2018-03-08,495530.0,Adelantos transitorios del BCRA al Gobierno Nacional,Informe Monetario Diario,Saldos,D,En millones de ARS,ML
1225,2018-03-09,495530.0,Adelantos transitorios del BCRA al Gobierno Nacional,Informe Monetario Diario,Saldos,D,En millones de ARS,ML
1225,2018-03-12,495530.0,Adelantos transitorios del BCRA al Gobierno Nacional,Informe Monetario Diario,Saldos,D,En millones de ARS,ML
1225,2018-03-13,495530.0,Adelantos transitorios del BCRA al Gobierno Nacional,Informe Monetario Diario,Saldos,D,En millones de ARS,ML
1225,2018-03-14,495530.0,Adelantos transitorios del BCRA al Gobierno Nacional,Informe Monetario Diario,Saldos,D,En millones de ARS,ML
1225,2018-03-15,495530.0,Adelantos transitorios del BCRA al Gobierno Nacional,Informe Monetario Diario,Saldos,D,En millones de ARS,ML
1225,2018-03-16,507130.0,Adelantos transitorios del BCRA al Gobierno Nacional,Informe Monetario Diario,Saldos,D,En millones de ARS,ML
1225,2018-03-19,507130.0,Adelantos transitorios del BCRA al Gobierno Nacional,Informe Monetario Diario,Saldos,D,En millones de ARS,ML
1225,2018-03-20,507130.0,Adelantos transitorios del BCRA al Gobierno Nacional,Informe Monetario Diario,Saldos,D,En millones de ARS,ML
1225,2018-03-21,507130.0,Adelantos transitorios del BCRA al Gobierno Nacional,Informe Monetario Diario,Saldos,D,En millones de ARS,ML
1225,2018-03-22,507130.0,Adelantos transitorios del BCRA al Gobierno Nacional,Informe Monetario Diario,Saldos,D,En millones de ARS,ML
1225,2018-03-23,507130.0,Adelantos transitorios del BCRA al Gobierno Nacional,Informe Monetario Diario,Saldos,D,En millones de ARS,ML
1225,2018-03-26,507130.0,Adelantos transitorios del BCRA al Gobierno Nacional,Informe Monetario Diario,Saldos,D,En millones de ARS,ML
1225,2018-03-27,507130.0,Adelantos transitorios del BCRA al Gobierno Nacional,Informe Monetario Diario,Saldos,D,En millones de ARS,ML
1225,2018-03-28,507130.0,Adelantos transitorios del BCRA al Gobierno Nacional,Informe Monetario Diario,Saldos,D,En millones de ARS,ML
1225,2018-04-03,507130.0,Adelantos transitorios del BCRA al Gobierno Nacional,Informe Monetario Diario,Saldos,D,En millones de ARS,ML
1225,2018-04-04,507130.0,Adelantos transitorios del BCRA al Gobierno Nacional,Informe Monetario Diario,Saldos,D,En millones de ARS,ML
1225,2018-04-05,507130.0,Adelantos transitorios del BCRA al Gobierno Nacional,Informe Monetario Diario,Saldos,D,En millones de ARS,ML
1225,2018-04-06,507130.0,Adelantos transitorios del BCRA al Gobierno Nacional,Informe Monetario Diario,Saldos,D,En millones de ARS,ML
1225,2018-04-09,507130.0,Adelantos transitorios del BCRA al Gobierno Nacional,Informe Monetario Diario,Saldos,D,En millones de ARS,ML
1225,2018-04-10,507130.0,Adelantos transitorios del BCRA al Gobierno Nacional,Informe Monetario Diario,Saldos,D,En millones de ARS,ML
1225,2018-04-11,507130.0,Adelantos transitorios del BCRA al Gobierno Nacional,Informe Monetario Diario,Saldos,D,En millones de ARS,ML
1225,2018-04-12,518730.0,Adelantos transitorios del BCRA al Gobierno Nacional,Informe Monetario Diario,Saldos,D,En millones de ARS,ML
1225,2018-04-13,518730.0,Adelantos transitorios del BCRA al Gobierno Nacional,Informe Monetario Diario,Saldos,D,En millones de ARS,ML
1225,2018-04-16,518730.0,Adelantos transitorios del BCRA al Gobierno Nacional,Informe Monetario Diario,Saldos,D,En millones de ARS,ML
1225,2018-04-17,518730.0,Adelantos transitorios del BCRA al Gobierno Nacional,Informe Monetario Diario,Saldos,D,En millones de ARS,ML
1225,2018-04-18,518730.0,Adelantos transitorios del BCRA al Gobierno Nacional,Informe Monetario Diario,Saldos,D,En millones de ARS,ML
1225,2018-04-19,518730.0,Adelantos transitorios del BCRA al Gobierno Nacional,Informe Monetario Diario,Saldos,D,En millones de ARS,ML
1225,2018-04-20,518730.0,Adelantos transitorios del BCRA al Gobierno Nacional,Informe Monetario Diario,Saldos,D,En millones de ARS,ML
1225,2018-04-23,518730.0,Adelantos transitorios del BCRA al Gobierno Nacional,Informe Monetario Diario,Saldos,D,En millones de ARS,ML
1225,2018-04-24,518730.0,Adelantos transitorios del BCRA al Gobierno Nacional,Informe Monetario Diario,Saldos,D,En millones de ARS,ML
1225,2018-04-25,518730.0,Adelantos transitorios del BCRA al Gobierno Nacional,Informe Monetario Diario,Saldos,D,En millones de ARS,ML
1225,2018-04-26,518730.0,Adelantos transitorios del BCRA al Gobierno Nacional,Informe Monetario Diario,Saldos,D,En millones de ARS,ML
1225,2018-04-27,518730.0,Adelantos transitorios del BCRA al Gobierno Nacional,Informe Monetario Diario,Saldos,D,En millones de ARS,ML
1225,2018-05-02,518730.0,Adelantos transitorios del BCRA al Gobierno Nacional,Informe Monetario Diario,Saldos,D,En millones de ARS,ML
1225,2018-05-03,518730.0,Adelantos transitorios del BCRA al Gobierno Nacional,Informe Monetario Diario,Saldos,D,En millones de ARS,ML
1225,2018-05-04,518730.0,Adelantos transitorios del BCRA al Gobierno Nacional,Informe Monetario Diario,Saldos,D,En millones de ARS,ML
1225,2018-05-07,518730.0,Adelantos transitorios del BCRA al Gobierno Nacional,Informe Monetario Diario,Saldos,D,En millones de ARS,ML
1225,2018-05-08,518730.0,Adelantos transitorios del BCRA al Gobierno Nacional,Informe Monetario Diario,Saldos,D,En millones de ARS,ML
1225,2018-05-09,518730.0,Adelantos transitorios del BCRA al Gobierno Nacional,Informe Monetario Diario,Saldos,D,En millones de ARS,ML
1225,2018-05-10,518730.0,Adelantos transitorios del BCRA al Gobierno Nacional,Informe Monetario Diario,Saldos,D,En millones de ARS,ML
1225,2018-05-11,518730.0,Adelantos transitorios del BCRA al Gobierno Nacional,Informe Monetario Diario,Saldos,D,En millones de ARS,ML
1225,2018-05-14,518730.0,Adelantos transitorios del BCRA al Gobierno Nacional,Informe Monetario Diario,Saldos,D,En millones de ARS,ML
1225,2018-05-15,518730.0,Adelantos transitorios del BCRA al Gobierno Nacional,Informe Monetario Diario,Saldos,D,En millones de ARS,ML
1225,2018-05-16,518730.0,Adelantos transitorios del BCRA al Gobierno Nacional,Informe Monetario Diario,Saldos,D,En millones de ARS,ML
1225,2018-05-17,518730.0,Adelantos transitorios del BCRA al Gobierno Nacional,Informe Monetario Diario,Saldos,D,En millones de ARS,ML
1225,2018-05-18,530430.0,Adelantos transitorios del BCRA al Gobierno Nacional,Informe Monetario Diario,Saldos,D,En millones de ARS,ML
1225,2018-05-21,530430.0,Adelantos transitorios del BCRA al Gobierno Nacional,Informe Monetario Diario,Saldos,D,En millones de ARS,ML
1225,2018-05-22,530430.0,Adelantos transitorios del BCRA al Gobierno Nacional,Informe Monetario Diario,Saldos,D,En millones de ARS,ML
1225,2018-05-23,530430.0,Adelantos transitorios del BCRA al Gobierno Nacional,Informe Monetario Diario,Saldos,D,En millones de ARS,ML
1225,2018-05-24,530430.0,Adelantos transitorios del BCRA al Gobierno Nacional,Informe Monetario Diario,Saldos,D,En millones de ARS,ML
1225,2018-05-28,530430.0,Adelantos transitorios del BCRA al Gobierno Nacional,Informe Monetario Diario,Saldos,D,En millones de ARS,ML
1225,2018-05-29,530430.0,Adelantos transitorios del BCRA al Gobierno Nacional,Informe Monetario Diario,Saldos,D,En millones de ARS,ML
1225,2018-05-30,530430.0,Adelantos transitorios del BCRA al Gobierno Nacional,Informe Monetario Diario,Saldos,D,En millones de ARS,ML
1225,2018-05-31,530430.0,Adelantos transitorios del BCRA al Gobierno Nacional,Informe Monetario Diario,Saldos,D,En millones de ARS,ML
1225,2018-06-01,530430.0,Adelantos transitorios del BCRA al Gobierno Nacional,Informe Monetario Diario,Saldos,D,En millones de ARS,ML
1225,2018-06-04,542130.0,Adelantos transitorios del BCRA al Gobierno Nacional,Informe Monetario Diario,Saldos,D,En millones de ARS,ML
1225,2018-06-05,542130.0,Adelantos transitorios del BCRA al Gobierno Nacional,Informe Monetario Diario,Saldos,D,En millones de ARS,ML
1225,2018-06-06,542130.0,Adelantos transitorios del BCRA al Gobierno Nacional,Informe Monetario Diario,Saldos,D,En millones de ARS,ML
1225,2018-06-07,542130.0,Adelantos transitorios del BCRA al Gobierno Nacional,Informe Monetario Diario,Saldos,D,En millones de ARS,ML
1225,2018-06-08,542130.0,Adelantos transitorios del BCRA al Gobierno Nacional,Informe Monetario Diario,Saldos,D,En millones de ARS,ML
1225,2018-06-11,542130.0,Adelantos transitorios del BCRA al Gobierno Nacional,Informe Monetario Diario,Saldos,D,En millones de ARS,ML
1225,2018-06-12,542130.0,Adelantos transitorios del BCRA al Gobierno Nacional,Informe Monetario Diario,Saldos,D,En millones de ARS,ML
1225,2018-06-13,542130.0,Adelantos transitorios del BCRA al Gobierno Nacional,Informe Monetario Diario,Saldos,D,En millones de ARS,ML
1225,2018-06-14,542130.0,Adelantos transitorios del BCRA al Gobierno Nacional,Informe Monetario Diario,Saldos,D,En millones de ARS,ML
1225,2018-06-15,542130.0,Adelantos transitorios del BCRA al Gobierno Nacional,Informe Monetario Diario,Saldos,D,En millones de ARS,ML
1225,2018-06-18,542130.0,Adelantos transitorios del BCRA al Gobierno Nacional,Informe Monetario Diario,Saldos,D,En millones de ARS,ML
1225,2018-06-19,542130.0,Adelantos transitorios del BCRA al Gobierno Nacional,Informe Monetario Diario,Saldos,D,En millones de ARS,ML
1225,2018-06-21,542130.0,Adelantos transitorios del BCRA al Gobierno Nacional,Informe Monetario Diario,Saldos,D,En millones de ARS,ML
1225,2018-06-22,542130.0,Adelantos transitorios del BCRA al Gobierno Nacional,Informe Monetario Diario,Saldos,D,En millones de ARS,ML
1225,2018-06-25,542130.0,Adelantos transitorios del BCRA al Gobierno Nacional,Informe Monetario Diario,Saldos,D,En millones de ARS,ML
1225,2018-06-26,542130.0,Adelantos transitorios del BCRA al Gobierno Nacional,Informe Monetario Diario,Saldos,D,En millones de ARS,ML
1225,2018-06-27,542130.0,Adelantos transitorios del BCRA al Gobierno Nacional,Informe Monetario Diario,Saldos,D,En millones de ARS,ML
1225,2018-06-28,542130.0,Adelantos transitorios del BCRA al Gobierno Nacional,Informe Monetario Diario,Saldos,D,En millones de ARS,ML
1225,2018-06-29,542130.0,Adelantos transitorios del BCRA al Gobierno Nacional,Informe Monetario Diario,Saldos,D,En millones de ARS,ML
1225,2018-07-02,542130.0,Adelantos transitorios del BCRA al Gobierno Nacional,Informe Monetario Diario,Saldos,D,En millones de ARS,ML
1225,2018-07-03,542130.0,Adelantos transitorios del BCRA al Gobierno Nacional,Informe Monetario Diario,Saldos,D,En millones de ARS,ML
1225,2018-07-04,542130.0,Adelantos transitorios del BCRA al Gobierno Nacional,Informe Monetario Diario,Saldos,D,En millones de ARS,ML
1225,2018-07-05,542130.0,Adelantos transitorios del BCRA al Gobierno Nacional,Informe Monetario Diario,Saldos,D,En millones de ARS,ML
1225,2018-07-06,542130.0,Adelantos transitorios del BCRA al Gobierno Nacional,Informe Monetario Diario,Saldos,D,En millones de ARS,ML
1225,2018-07-10,542130.0,Adelantos transitorios del BCRA al Gobierno Nacional,Informe Monetario Diario,Saldos,D,En millones de ARS,ML
1225,2018-07-11,542130.0,Adelantos transitorios del BCRA al Gobierno Nacional,Informe Monetario Diario,Saldos,D,En millones de ARS,ML
1225,2018-07-12,542130.0,Adelantos transitorios del BCRA al Gobierno Nacional,Informe Monetario Diario,Saldos,D,En millones de ARS,ML
1225,2018-07-13,542130.0,Adelantos transitorios del BCRA al Gobierno Nacional,Informe Monetario Diario,Saldos,D,En millones de ARS,ML
1225,2018-07-16,542130.0,Adelantos transitorios del BCRA al Gobierno Nacional,Informe Monetario Diario,Saldos,D,En millones de ARS,ML
1225,2018-07-17,542130.0,Adelantos transitorios del BCRA al Gobierno Nacional,Informe Monetario Diario,Saldos,D,En millones de ARS,ML
1225,2018-07-18,542130.0,Adelantos transitorios del BCRA al Gobierno Nacional,Informe Monetario Diario,Saldos,D,En millones de ARS,ML
1225,2018-07-19,542130.0,Adelantos transitorios del BCRA al Gobierno Nacional,Informe Monetario Diario,Saldos,D,En millones de ARS,ML
1225,2018-07-20,529530.0,Adelantos transitorios del BCRA al Gobierno Nacional,Informe Monetario Diario,Saldos,D,En millones de ARS,ML
1225,2018-07-23,529530.0,Adelantos transitorios del BCRA al Gobierno Nacional,Informe Monetario Diario,Saldos,D,En millones de ARS,ML
1225,2018-07-24,529530.0,Adelantos transitorios del BCRA al Gobierno Nacional,Informe Monetario Diario,Saldos,D,En millones de ARS,ML
1225,2018-07-25,529530.0,Adelantos transitorios del BCRA al Gobierno Nacional,Informe Monetario Diario,Saldos,D,En millones de ARS,ML
1225,2018-07-26,529530.0,Adelantos transitorios del BCRA al Gobierno Nacional,Informe Monetario Diario,Saldos,D,En millones de ARS,ML
1225,2018-07-27,529530.0,Adelantos transitorios del BCRA al Gobierno Nacional,Informe Monetario Diario,Saldos,D,En millones de ARS,ML
1225,2018-07-30,529530.0,Adelantos transitorios del BCRA al Gobierno Nacional,Informe Monetario Diario,Saldos,D,En millones de ARS,ML
1225,2018-07-31,529530.0,Adelantos transitorios del BCRA al Gobierno Nacional,Informe Monetario Diario,Saldos,D,En millones de ARS,ML
1225,2018-08-01,529530.0,Adelantos transitorios del BCRA al Gobierno Nacional,Informe Monetario Diario,Saldos,D,En millones de ARS,ML
1225,2018-08-02,529530.0,Adelantos transitorios del BCRA al Gobierno Nacional,Informe Monetario Diario,Saldos,D,En millones de ARS,ML
1225,2018-08-03,529530.0,Adelantos transitorios del BCRA al Gobierno Nacional,Informe Monetario Diario,Saldos,D,En millones de ARS,ML
1225,2018-08-06,529530.0,Adelantos transitorios del BCRA al Gobierno Nacional,Informe Monetario Diario,Saldos,D,En millones de ARS,ML
1225,2018-08-07,529530.0,Adelantos transitorios del BCRA al Gobierno Nacional,Informe Monetario Diario,Saldos,D,En millones de ARS,ML
1225,2018-08-08,529530.0,Adelantos transitorios del BCRA al Gobierno Nacional,Informe Monetario Diario,Saldos,D,En millones de ARS,ML
1225,2018-08-09,529530.0,Adelantos transitorios del BCRA al Gobierno Nacional,Informe Monetario Diario,Saldos,D,En millones de ARS,ML
1225,2018-08-10,529530.0,Adelantos transitorios del BCRA al Gobierno Nacional,Informe Monetario Diario,Saldos,D,En millones de ARS,ML
1225,2018-08-13,529530.0,Adelantos transitorios del BCRA al Gobierno Nacional,Informe Monetario Diario,Saldos,D,En millones de ARS,ML
1225,2018-08-14,529530.0,Adelantos transitorios del BCRA al Gobierno Nacional,Informe Monetario Diario,Saldos,D,En millones de ARS,ML
1225,2018-08-15,529530.0,Adelantos transitorios del BCRA al Gobierno Nacional,Informe Monetario Diario,Saldos,D,En millones de ARS,ML
1225,2018-08-16,529530.0,Adelantos transitorios del BCRA al Gobierno Nacional,Informe Monetario Diario,Saldos,D,En millones de ARS,ML
1225,2018-08-17,529530.0,Adelantos transitorios del BCRA al Gobierno Nacional,Informe Monetario Diario,Saldos,D,En millones de ARS,ML
1225,2018-08-21,529530.0,Adelantos transitorios del BCRA al Gobierno Nacional,Informe Monetario Diario,Saldos,D,En millones de ARS,ML
1225,2018-08-22,529530.0,Adelantos transitorios del BCRA al Gobierno Nacional,Informe Monetario Diario,Saldos,D,En millones de ARS,ML
1225,2018-08-23,529530.0,Adelantos transitorios del BCRA al Gobierno Nacional,Informe Monetario Diario,Saldos,D,En millones de ARS,ML
1225,2018-08-24,527830.0,Adelantos transitorios del BCRA al Gobierno Nacional,Informe Monetario Diario,Saldos,D,En millones de ARS,ML
1225,2018-08-27,527830.0,Adelantos transitorios del BCRA al Gobierno Nacional,Informe Monetario Diario,Saldos,D,En millones de ARS,ML
1225,2018-08-28,527830.0,Adelantos transitorios del BCRA al Gobierno Nacional,Informe Monetario Diario,Saldos,D,En millones de ARS,ML
1225,2018-08-29,527830.0,Adelantos transitorios del BCRA al Gobierno Nacional,Informe Monetario Diario,Saldos,D,En millones de ARS,ML
1225,2018-08-30,527830.0,Adelantos transitorios del BCRA al Gobierno Nacional,Informe Monetario Diario,Saldos,D,En millones de ARS,ML
1225,2018-08-31,523830.0,Adelantos transitorios del BCRA al Gobierno Nacional,Informe Monetario Diario,Saldos,D,En millones de ARS,ML
1225,2018-09-03,523830.0,Adelantos transitorios del BCRA al Gobierno Nacional,Informe Monetario Diario,Saldos,D,En millones de ARS,ML
1225,2018-09-04,523830.0,Adelantos transitorios del BCRA al Gobierno Nacional,Informe Monetario Diario,Saldos,D,En millones de ARS,ML
1225,2018-09-05,523830.0,Adelantos transitorios del BCRA al Gobierno Nacional,Informe Monetario Diario,Saldos,D,En millones de ARS,ML
1225,2018-09-06,523830.0,Adelantos transitorios del BCRA al Gobierno Nacional,Informe Monetario Diario,Saldos,D,En millones de ARS,ML
1225,2018-09-07,523830.0,Adelantos transitorios del BCRA al Gobierno Nacional,Informe Monetario Diario,Saldos,D,En millones de ARS,ML
1225,2018-09-10,523830.0,Adelantos transitorios del BCRA al Gobierno Nacional,Informe Monetario Diario,Saldos,D,En millones de ARS,ML
1225,2018-09-11,523830.0,Adelantos transitorios del BCRA al Gobierno Nacional,Informe Monetario Diario,Saldos,D,En millones de ARS,ML
1225,2018-09-12,523830.0,Adelantos transitorios del BCRA al Gobierno Nacional,Informe Monetario Diario,Saldos,D,En millones de ARS,ML
1225,2018-09-13,523830.0,Adelantos transitorios del BCRA al Gobierno Nacional,Informe Monetario Diario,Saldos,D,En millones de ARS,ML
1225,2018-09-14,523830.0,Adelantos transitorios del BCRA al Gobierno Nacional,Informe Monetario Diario,Saldos,D,En millones de ARS,ML
1225,2018-09-17,523830.0,Adelantos transitorios del BCRA al Gobierno Nacional,Informe Monetario Diario,Saldos,D,En millones de ARS,ML
1225,2018-09-18,516230.0,Adelantos transitorios del BCRA al Gobierno Nacional,Informe Monetario Diario,Saldos,D,En millones de ARS,ML
1225,2018-09-19,516230.0,Adelantos transitorios del BCRA al Gobierno Nacional,Informe Monetario Diario,Saldos,D,En millones de ARS,ML
1225,2018-09-20,502730.0,Adelantos transitorios del BCRA al Gobierno Nacional,Informe Monetario Diario,Saldos,D,En millones de ARS,ML
1225,2018-09-21,502730.0,Adelantos transitorios del BCRA al Gobierno Nacional,Informe Monetario Diario,Saldos,D,En millones de ARS,ML
1225,2018-09-24,502730.0,Adelantos transitorios del BCRA al Gobierno Nacional,Informe Monetario Diario,Saldos,D,En millones de ARS,ML
1225,2018-09-25,502730.0,Adelantos transitorios del BCRA al Gobierno Nacional,Informe Monetario Diario,Saldos,D,En millones de ARS,ML
1225,2018-09-26,502730.0,Adelantos transitorios del BCRA al Gobierno Nacional,Informe Monetario Diario,Saldos,D,En millones de ARS,ML
1225,2018-09-27,502730.0,Adelantos transitorios del BCRA al Gobierno Nacional,Informe Monetario Diario,Saldos,D,En millones de ARS,ML
1225,2018-09-28,502730.0,Adelantos transitorios del BCRA al Gobierno Nacional,Informe Monetario Diario,Saldos,D,En millones de ARS,ML
1225,2018-10-01,502730.0,Adelantos transitorios del BCRA al Gobierno Nacional,Informe Monetario Diario,Saldos,D,En millones de ARS,ML
1225,2018-10-02,502730.0,Adelantos transitorios del BCRA al Gobierno Nacional,Informe Monetario Diario,Saldos,D,En millones de ARS,ML
1225,2018-10-03,502730.0,Adelantos transitorios del BCRA al Gobierno Nacional,Informe Monetario Diario,Saldos,D,En millones de ARS,ML
1225,2018-10-04,502730.0,Adelantos transitorios del BCRA al Gobierno Nacional,Informe Monetario Diario,Saldos,D,En millones de ARS,ML
1225,2018-10-05,502730.0,Adelantos transitorios del BCRA al Gobierno Nacional,Informe Monetario Diario,Saldos,D,En millones de ARS,ML
1225,2018-10-08,502730.0,Adelantos transitorios del BCRA al Gobierno Nacional,Informe Monetario Diario,Saldos,D,En millones de ARS,ML
1225,2018-10-09,502730.0,Adelantos transitorios del BCRA al Gobierno Nacional,Informe Monetario Diario,Saldos,D,En millones de ARS,ML
1225,2018-10-10,502730.0,Adelantos transitorios del BCRA al Gobierno Nacional,Informe Monetario Diario,Saldos,D,En millones de ARS,ML
1225,2018-10-11,502730.0,Adelantos transitorios del BCRA al Gobierno Nacional,Informe Monetario Diario,Saldos,D,En millones de ARS,ML
1225,2018-10-12,502730.0,Adelantos transitorios del BCRA al Gobierno Nacional,Informe Monetario Diario,Saldos,D,En millones de ARS,ML
1225,2018-10-16,502730.0,Adelantos transitorios del BCRA al Gobierno Nacional,Informe Monetario Diario,Saldos,D,En millones de ARS,ML
1225,2018-10-17,502730.0,Adelantos transitorios del BCRA al Gobierno Nacional,Informe Monetario Diario,Saldos,D,En millones de ARS,ML
1225,2018-10-18,502730.0,Adelantos transitorios del BCRA al Gobierno Nacional,Informe Monetario Diario,Saldos,D,En millones de ARS,ML
1225,2018-10-19,502730.0,Adelantos transitorios del BCRA al Gobierno Nacional,Informe Monetario Diario,Saldos,D,En millones de ARS,ML
1225,2018-10-22,502730.0,Adelantos transitorios del BCRA al Gobierno Nacional,Informe Monetario Diario,Saldos,D,En millones de ARS,ML
1225,2018-10-23,502730.0,Adelantos transitorios del BCRA al Gobierno Nacional,Informe Monetario Diario,Saldos,D,En millones de ARS,ML
1225,2018-10-24,502730.0,Adelantos transitorios del BCRA al Gobierno Nacional,Informe Monetario Diario,Saldos,D,En millones de ARS,ML
1225,2018-10-25,502730.0,Adelantos transitorios del BCRA al Gobierno Nacional,Informe Monetario Diario,Saldos,D,En millones de ARS,ML
1225,2018-10-26,502730.0,Adelantos transitorios del BCRA al Gobierno Nacional,Informe Monetario Diario,Saldos,D,En millones de ARS,ML
1225,2018-10-29,502730.0,Adelantos transitorios del BCRA al Gobierno Nacional,Informe Monetario Diario,Saldos,D,En millones de ARS,ML
1225,2018-10-30,502730.0,Adelantos transitorios del BCRA al Gobierno Nacional,Informe Monetario Diario,Saldos,D,En millones de ARS,ML
1225,2018-10-31,502730.0,Adelantos transitorios del BCRA al Gobierno Nacional,Informe Monetario Diario,Saldos,D,En millones de ARS,ML
1225,2018-11-01,502730.0,Adelantos transitorios del BCRA al Gobierno Nacional,Informe Monetario Diario,Saldos,D,En millones de ARS,ML
1225,2018-11-02,502730.0,Adelantos transitorios del BCRA al Gobierno Nacional,Informe Monetario Diario,Saldos,D,En millones de ARS,ML
1225,2018-11-05,502730.0,Adelantos transitorios del BCRA al Gobierno Nacional,Informe Monetario Diario,Saldos,D,En millones de ARS,ML
1225,2018-11-07,502730.0,Adelantos transitorios del BCRA al Gobierno Nacional,Informe Monetario Diario,Saldos,D,En millones de ARS,ML
1225,2018-11-08,502730.0,Adelantos transitorios del BCRA al Gobierno Nacional,Informe Monetario Diario,Saldos,D,En millones de ARS,ML
1225,2018-11-09,502730.0,Adelantos transitorios del BCRA al Gobierno Nacional,Informe Monetario Diario,Saldos,D,En millones de ARS,ML
1225,2018-11-12,502730.0,Adelantos transitorios del BCRA al Gobierno Nacional,Informe Monetario Diario,Saldos,D,En millones de ARS,ML
1225,2018-11-13,502730.0,Adelantos transitorios del BCRA al Gobierno Nacional,Informe Monetario Diario,Saldos,D,En millones de ARS,ML
1225,2018-11-14,502730.0,Adelantos transitorios del BCRA al Gobierno Nacional,Informe Monetario Diario,Saldos,D,En millones de ARS,ML
1225,2018-11-15,502730.0,Adelantos transitorios del BCRA al Gobierno Nacional,Informe Monetario Diario,Saldos,D,En millones de ARS,ML
1225,2018-11-16,502730.0,Adelantos transitorios del BCRA al Gobierno Nacional,Informe Monetario Diario,Saldos,D,En millones de ARS,ML
1225,2018-11-20,502730.0,Adelantos transitorios del BCRA al Gobierno Nacional,Informe Monetario Diario,Saldos,D,En millones de ARS,ML
1225,2018-11-21,502730.0,Adelantos transitorios del BCRA al Gobierno Nacional,Informe Monetario Diario,Saldos,D,En millones de ARS,ML
1225,2018-11-22,502730.0,Adelantos transitorios del BCRA al Gobierno Nacional,Informe Monetario Diario,Saldos,D,En millones de ARS,ML
1225,2018-11-23,502730.0,Adelantos transitorios del BCRA al Gobierno Nacional,Informe Monetario Diario,Saldos,D,En millones de ARS,ML
1225,2018-11-26,502730.0,Adelantos transitorios del BCRA al Gobierno Nacional,Informe Monetario Diario,Saldos,D,En millones de ARS,ML
1225,2018-11-27,502730.0,Adelantos transitorios del BCRA al Gobierno Nacional,Informe Monetario Diario,Saldos,D,En millones de ARS,ML
1225,2018-11-28,502730.0,Adelantos transitorios del BCRA al Gobierno Nacional,Informe Monetario Diario,Saldos,D,En millones de ARS,ML
1225,2018-11-29,502730.0,Adelantos transitorios del BCRA al Gobierno Nacional,Informe Monetario Diario,Saldos,D,En millones de ARS,ML
1225,2018-12-03,502730.0,Adelantos transitorios del BCRA al Gobierno Nacional,Informe Monetario Diario,Saldos,D,En millones de ARS,ML
1225,2018-12-04,502730.0,Adelantos transitorios del BCRA al Gobierno Nacional,Informe Monetario Diario,Saldos,D,En millones de ARS,ML
1225,2018-12-05,502730.0,Adelantos transitorios del BCRA al Gobierno Nacional,Informe Monetario Diario,Saldos,D,En millones de ARS,ML
1225,2018-12-06,501630.0,Adelantos transitorios del BCRA al Gobierno Nacional,Informe Monetario Diario,Saldos,D,En millones de ARS,ML
1225,2018-12-07,501630.0,Adelantos transitorios del BCRA al Gobierno Nacional,Informe Monetario Diario,Saldos,D,En millones de ARS,ML
1225,2018-12-10,501630.0,Adelantos transitorios del BCRA al Gobierno Nacional,Informe Monetario Diario,Saldos,D,En millones de ARS,ML
1225,2018-12-11,501630.0,Adelantos transitorios del BCRA al Gobierno Nacional,Informe Monetario Diario,Saldos,D,En millones de ARS,ML
1225,2018-12-12,501630.0,Adelantos transitorios del BCRA al Gobierno Nacional,Informe Monetario Diario,Saldos,D,En millones de ARS,ML
1225,2018-12-13,502730.0,Adelantos transitorios del BCRA al Gobierno Nacional,Informe Monetario Diario,Saldos,D,En millones de ARS,ML
1225,2018-12-14,502730.0,Adelantos transitorios del BCRA al Gobierno Nacional,Informe Monetario Diario,Saldos,D,En millones de ARS,ML
1225,2018-12-17,502730.0,Adelantos transitorios del BCRA al Gobierno Nacional,Informe Monetario Diario,Saldos,D,En millones de ARS,ML
1225,2018-12-18,502730.0,Adelantos transitorios del BCRA al Gobierno Nacional,Informe Monetario Diario,Saldos,D,En millones de ARS,ML
1225,2018-12-19,502730.0,Adelantos transitorios del BCRA al Gobierno Nacional,Informe Monetario Diario,Saldos,D,En millones de ARS,ML
1225,2018-12-20,502730.0,Adelantos transitorios del BCRA al Gobierno Nacional,Informe Monetario Diario,Saldos,D,En millones de ARS,ML
1225,2018-12-21,502730.0,Adelantos transitorios del BCRA al Gobierno Nacional,Informe Monetario Diario,Saldos,D,En millones de ARS,ML
1225,2018-12-26,502730.0,Adelantos transitorios del BCRA al Gobierno Nacional,Informe Monetario Diario,Saldos,D,En millones de ARS,ML
1225,2018-12-27,502730.0,Adelantos transitorios del BCRA al Gobierno Nacional,Informe Monetario Diario,Saldos,D,En millones de ARS,ML
1225,2018-12-28,502730.0,Adelantos transitorios del BCRA al Gobierno Nacional,Informe Monetario Diario,Saldos,D,En millones de ARS,ML
1225,2019-01-02,502730.0,Adelantos transitorios del BCRA al Gobierno Nacional,Informe Monetario Diario,Saldos,D,En millones de ARS,ML
1225,2019-01-03,502730.0,Adelantos transitorios del BCRA al Gobierno Nacional,Informe Monetario Diario,Saldos,D,En millones de ARS,ML
1225,2019-01-04,502730.0,Adelantos transitorios del BCRA al Gobierno Nacional,Informe Monetario Diario,Saldos,D,En millones de ARS,ML
1225,2019-01-07,502730.0,Adelantos transitorios del BCRA al Gobierno Nacional,Informe Monetario Diario,Saldos,D,En millones de ARS,ML
1225,2019-01-08,502730.0,Adelantos transitorios del BCRA al Gobierno Nacional,Informe Monetario Diario,Saldos,D,En millones de ARS,ML
1225,2019-01-09,502730.0,Adelantos transitorios del BCRA al Gobierno Nacional,Informe Monetario Diario,Saldos,D,En millones de ARS,ML
1225,2019-01-10,502730.0,Adelantos transitorios del BCRA al Gobierno Nacional,Informe Monetario Diario,Saldos,D,En millones de ARS,ML
1225,2019-01-11,502730.0,Adelantos transitorios del BCRA al Gobierno Nacional,Informe Monetario Diario,Saldos,D,En millones de ARS,ML
1225,2019-01-14,502730.0,Adelantos transitorios del BCRA al Gobierno Nacional,Informe Monetario Diario,Saldos,D,En millones de ARS,ML
1225,2019-01-15,502730.0,Adelantos transitorios del BCRA al Gobierno Nacional,Informe Monetario Diario,Saldos,D,En millones de ARS,ML
1225,2019-01-16,502730.0,Adelantos transitorios del BCRA al Gobierno Nacional,Informe Monetario Diario,Saldos,D,En millones de ARS,ML
1225,2019-01-17,502730.0,Adelantos transitorios del BCRA al Gobierno Nacional,Informe Monetario Diario,Saldos,D,En millones de ARS,ML
1225,2019-01-18,502730.0,Adelantos transitorios del BCRA al Gobierno Nacional,Informe Monetario Diario,Saldos,D,En millones de ARS,ML
1225,2019-01-21,502730.0,Adelantos transitorios del BCRA al Gobierno Nacional,Informe Monetario Diario,Saldos,D,En millones de ARS,ML
1225,2019-01-22,502730.0,Adelantos transitorios del BCRA al Gobierno Nacional,Informe Monetario Diario,Saldos,D,En millones de ARS,ML
1225,2019-01-23,502730.0,Adelantos transitorios del BCRA al Gobierno Nacional,Informe Monetario Diario,Saldos,D,En millones de ARS,ML
1225,2019-01-24,502730.0,Adelantos transitorios del BCRA al Gobierno Nacional,Informe Monetario Diario,Saldos,D,En millones de ARS,ML
1225,2019-01-25,502730.0,Adelantos transitorios del BCRA al Gobierno Nacional,Informe Monetario Diario,Saldos,D,En millones de ARS,ML
1225,2019-01-28,502730.0,Adelantos transitorios del BCRA al Gobierno Nacional,Informe Monetario Diario,Saldos,D,En millones de ARS,ML
1225,2019-01-29,502730.0,Adelantos transitorios del BCRA al Gobierno Nacional,Informe Monetario Diario,Saldos,D,En millones de ARS,ML
1225,2019-01-30,502730.0,Adelantos transitorios del BCRA al Gobierno Nacional,Informe Monetario Diario,Saldos,D,En millones de ARS,ML
1225,2019-01-31,502730.0,Adelantos transitorios del BCRA al Gobierno Nacional,Informe Monetario Diario,Saldos,D,En millones de ARS,ML
1225,2019-02-01,502730.0,Adelantos transitorios del BCRA al Gobierno Nacional,Informe Monetario Diario,Saldos,D,En millones de ARS,ML
1225,2019-02-04,502730.0,Adelantos transitorios del BCRA al Gobierno Nacional,Informe Monetario Diario,Saldos,D,En millones de ARS,ML
1225,2019-02-05,502730.0,Adelantos transitorios del BCRA al Gobierno Nacional,Informe Monetario Diario,Saldos,D,En millones de ARS,ML
1225,2019-02-06,502730.0,Adelantos transitorios del BCRA al Gobierno Nacional,Informe Monetario Diario,Saldos,D,En millones de ARS,ML
1225,2019-02-07,502730.0,Adelantos transitorios del BCRA al Gobierno Nacional,Informe Monetario Diario,Saldos,D,En millones de ARS,ML
1225,2019-02-08,502730.0,Adelantos transitorios del BCRA al Gobierno Nacional,Informe Monetario Diario,Saldos,D,En millones de ARS,ML
1225,2019-02-11,502730.0,Adelantos transitorios del BCRA al Gobierno Nacional,Informe Monetario Diario,Saldos,D,En millones de ARS,ML
1225,2019-02-12,502730.0,Adelantos transitorios del BCRA al Gobierno Nacional,Informe Monetario Diario,Saldos,D,En millones de ARS,ML
1225,2019-02-13,502730.0,Adelantos transitorios del BCRA al Gobierno Nacional,Informe Monetario Diario,Saldos,D,En millones de ARS,ML
1225,2019-02-14,502730.0,Adelantos transitorios del BCRA al Gobierno Nacional,Informe Monetario Diario,Saldos,D,En millones de ARS,ML
1225,2019-02-15,502730.0,Adelantos transitorios del BCRA al Gobierno Nacional,Informe Monetario Diario,Saldos,D,En millones de ARS,ML
1225,2019-02-18,502730.0,Adelantos transitorios del BCRA al Gobierno Nacional,Informe Monetario Diario,Saldos,D,En millones de ARS,ML
1225,2019-02-19,502730.0,Adelantos transitorios del BCRA al Gobierno Nacional,Informe Monetario Diario,Saldos,D,En millones de ARS,ML
1225,2019-02-20,502730.0,Adelantos transitorios del BCRA al Gobierno Nacional,Informe Monetario Diario,Saldos,D,En millones de ARS,ML
1225,2019-02-21,502730.0,Adelantos transitorios del BCRA al Gobierno Nacional,Informe Monetario Diario,Saldos,D,En millones de ARS,ML
1225,2019-02-22,502730.0,Adelantos transitorios del BCRA al Gobierno Nacional,Informe Monetario Diario,Saldos,D,En millones de ARS,ML
1225,2019-02-25,502730.0,Adelantos transitorios del BCRA al Gobierno Nacional,Informe Monetario Diario,Saldos,D,En millones de ARS,ML
1225,2019-02-26,502730.0,Adelantos transitorios del BCRA al Gobierno Nacional,Informe Monetario Diario,Saldos,D,En millones de ARS,ML
1225,2019-02-27,502730.0,Adelantos transitorios del BCRA al Gobierno Nacional,Informe Monetario Diario,Saldos,D,En millones de ARS,ML
1225,2019-02-28,502730.0,Adelantos transitorios del BCRA al Gobierno Nacional,Informe Monetario Diario,Saldos,D,En millones de ARS,ML
1225,2019-03-01,502730.0,Adelantos transitorios del BCRA al Gobierno Nacional,Informe Monetario Diario,Saldos,D,En millones de ARS,ML
1225,2019-03-06,502730.0,Adelantos transitorios del BCRA al Gobierno Nacional,Informe Monetario Diario,Saldos,D,En millones de ARS,ML
1225,2019-03-07,502730.0,Adelantos transitorios del BCRA al Gobierno Nacional,Informe Monetario Diario,Saldos,D,En millones de ARS,ML
1225,2019-03-08,502730.0,Adelantos transitorios del BCRA al Gobierno Nacional,Informe Monetario Diario,Saldos,D,En millones de ARS,ML
1225,2019-03-11,502730.0,Adelantos transitorios del BCRA al Gobierno Nacional,Informe Monetario Diario,Saldos,D,En millones de ARS,ML
1225,2019-03-12,502730.0,Adelantos transitorios del BCRA al Gobierno Nacional,Informe Monetario Diario,Saldos,D,En millones de ARS,ML
1225,2019-03-13,502730.0,Adelantos transitorios del BCRA al Gobierno Nacional,Informe Monetario Diario,Saldos,D,En millones de ARS,ML
1225,2019-03-14,502730.0,Adelantos transitorios del BCRA al Gobierno Nacional,Informe Monetario Diario,Saldos,D,En millones de ARS,ML
1225,2019-03-15,502730.0,Adelantos transitorios del BCRA al Gobierno Nacional,Informe Monetario Diario,Saldos,D,En millones de ARS,ML
1225,2019-03-18,502730.0,Adelantos transitorios del BCRA al Gobierno Nacional,Informe Monetario Diario,Saldos,D,En millones de ARS,ML
1225,2019-03-19,502730.0,Adelantos transitorios del BCRA al Gobierno Nacional,Informe Monetario Diario,Saldos,D,En millones de ARS,ML
1225,2019-03-20,502730.0,Adelantos transitorios del BCRA al Gobierno Nacional,Informe Monetario Diario,Saldos,D,En millones de ARS,ML
1225,2019-03-21,502730.0,Adelantos transitorios del BCRA al Gobierno Nacional,Informe Monetario Diario,Saldos,D,En millones de ARS,ML
1225,2019-03-22,502730.0,Adelantos transitorios del BCRA al Gobierno Nacional,Informe Monetario Diario,Saldos,D,En millones de ARS,ML
1225,2019-03-25,502730.0,Adelantos transitorios del BCRA al Gobierno Nacional,Informe Monetario Diario,Saldos,D,En millones de ARS,ML
1225,2019-03-26,502730.0,Adelantos transitorios del BCRA al Gobierno Nacional,Informe Monetario Diario,Saldos,D,En millones de ARS,ML
1225,2019-03-27,502730.0,Adelantos transitorios del BCRA al Gobierno Nacional,Informe Monetario Diario,Saldos,D,En millones de ARS,ML
1225,2019-03-28,502730.0,Adelantos transitorios del BCRA al Gobierno Nacional,Informe Monetario Diario,Saldos,D,En millones de ARS,ML
1225,2019-03-29,502730.0,Adelantos transitorios del BCRA al Gobierno Nacional,Informe Monetario Diario,Saldos,D,En millones de ARS,ML
1225,2019-04-01,502730.0,Adelantos transitorios del BCRA al Gobierno Nacional,Informe Monetario Diario,Saldos,D,En millones de ARS,ML
1225,2019-04-03,502730.0,Adelantos transitorios del BCRA al Gobierno Nacional,Informe Monetario Diario,Saldos,D,En millones de ARS,ML
1225,2019-04-04,502730.0,Adelantos transitorios del BCRA al Gobierno Nacional,Informe Monetario Diario,Saldos,D,En millones de ARS,ML
1225,2019-04-05,502730.0,Adelantos transitorios del BCRA al Gobierno Nacional,Informe Monetario Diario,Saldos,D,En millones de ARS,ML
1225,2019-04-08,502730.0,Adelantos transitorios del BCRA al Gobierno Nacional,Informe Monetario Diario,Saldos,D,En millones de ARS,ML
1225,2019-04-09,502730.0,Adelantos transitorios del BCRA al Gobierno Nacional,Informe Monetario Diario,Saldos,D,En millones de ARS,ML
1225,2019-04-10,502730.0,Adelantos transitorios del BCRA al Gobierno Nacional,Informe Monetario Diario,Saldos,D,En millones de ARS,ML
1225,2019-04-11,502730.0,Adelantos transitorios del BCRA al Gobierno Nacional,Informe Monetario Diario,Saldos,D,En millones de ARS,ML
1225,2019-04-12,502730.0,Adelantos transitorios del BCRA al Gobierno Nacional,Informe Monetario Diario,Saldos,D,En millones de ARS,ML
1225,2019-04-15,502730.0,Adelantos transitorios del BCRA al Gobierno Nacional,Informe Monetario Diario,Saldos,D,En millones de ARS,ML
1225,2019-04-16,502730.0,Adelantos transitorios del BCRA al Gobierno Nacional,Informe Monetario Diario,Saldos,D,En millones de ARS,ML
1225,2019-04-17,502730.0,Adelantos transitorios del BCRA al Gobierno Nacional,Informe Monetario Diario,Saldos,D,En millones de ARS,ML
1225,2019-04-22,502730.0,Adelantos transitorios del BCRA al Gobierno Nacional,Informe Monetario Diario,Saldos,D,En millones de ARS,ML
1225,2019-04-23,502730.0,Adelantos transitorios del BCRA al Gobierno Nacional,Informe Monetario Diario,Saldos,D,En millones de ARS,ML
1225,2019-04-24,502730.0,Adelantos transitorios del BCRA al Gobierno Nacional,Informe Monetario Diario,Saldos,D,En millones de ARS,ML
1225,2019-04-25,502730.0,Adelantos transitorios del BCRA al Gobierno Nacional,Informe Monetario Diario,Saldos,D,En millones de ARS,ML
1225,2019-04-26,502730.0,Adelantos transitorios del BCRA al Gobierno Nacional,Informe Monetario Diario,Saldos,D,En millones de ARS,ML
1225,2019-04-29,502730.0,Adelantos transitorios del BCRA al Gobierno Nacional,Informe Monetario Diario,Saldos,D,En millones de ARS,ML
1225,2019-04-30,502730.0,Adelantos transitorios del BCRA al Gobierno Nacional,Informe Monetario Diario,Saldos,D,En millones de ARS,ML
1225,2019-05-02,502730.0,Adelantos transitorios del BCRA al Gobierno Nacional,Informe Monetario Diario,Saldos,D,En millones de ARS,ML
1225,2019-05-03,502730.0,Adelantos transitorios del BCRA al Gobierno Nacional,Informe Monetario Diario,Saldos,D,En millones de ARS,ML
1225,2019-05-06,502730.0,Adelantos transitorios del BCRA al Gobierno Nacional,Informe Monetario Diario,Saldos,D,En millones de ARS,ML
1225,2019-05-07,502730.0,Adelantos transitorios del BCRA al Gobierno Nacional,Informe Monetario Diario,Saldos,D,En millones de ARS,ML
1225,2019-05-08,502730.0,Adelantos transitorios del BCRA al Gobierno Nacional,Informe Monetario Diario,Saldos,D,En millones de ARS,ML
1225,2019-05-09,502730.0,Adelantos transitorios del BCRA al Gobierno Nacional,Informe Monetario Diario,Saldos,D,En millones de ARS,ML
1225,2019-05-10,502730.0,Adelantos transitorios del BCRA al Gobierno Nacional,Informe Monetario Diario,Saldos,D,En millones de ARS,ML
1225,2019-05-13,502730.0,Adelantos transitorios del BCRA al Gobierno Nacional,Informe Monetario Diario,Saldos,D,En millones de ARS,ML
1225,2019-05-14,502730.0,Adelantos transitorios del BCRA al Gobierno Nacional,Informe Monetario Diario,Saldos,D,En millones de ARS,ML
1225,2019-05-15,502730.0,Adelantos transitorios del BCRA al Gobierno Nacional,Informe Monetario Diario,Saldos,D,En millones de ARS,ML
1225,2019-05-16,502730.0,Adelantos transitorios del BCRA al Gobierno Nacional,Informe Monetario Diario,Saldos,D,En millones de ARS,ML
1225,2019-05-17,502730.0,Adelantos transitorios del BCRA al Gobierno Nacional,Informe Monetario Diario,Saldos,D,En millones de ARS,ML
1225,2019-05-20,502730.0,Adelantos transitorios del BCRA al Gobierno Nacional,Informe Monetario Diario,Saldos,D,En millones de ARS,ML
1225,2019-05-21,502730.0,Adelantos transitorios del BCRA al Gobierno Nacional,Informe Monetario Diario,Saldos,D,En millones de ARS,ML
1225,2019-05-22,502730.0,Adelantos transitorios del BCRA al Gobierno Nacional,Informe Monetario Diario,Saldos,D,En millones de ARS,ML
1225,2019-05-23,502730.0,Adelantos transitorios del BCRA al Gobierno Nacional,Informe Monetario Diario,Saldos,D,En millones de ARS,ML
1225,2019-05-24,502730.0,Adelantos transitorios del BCRA al Gobierno Nacional,Informe Monetario Diario,Saldos,D,En millones de ARS,ML
1225,2019-05-27,502730.0,Adelantos transitorios del BCRA al Gobierno Nacional,Informe Monetario Diario,Saldos,D,En millones de ARS,ML
1225,2019-05-28,502730.0,Adelantos transitorios del BCRA al Gobierno Nacional,Informe Monetario Diario,Saldos,D,En millones de ARS,ML
1225,2019-05-29,502730.0,Adelantos transitorios del BCRA al Gobierno Nacional,Informe Monetario Diario,Saldos,D,En millones de ARS,ML
1225,2019-05-30,502730.0,Adelantos transitorios del BCRA al Gobierno Nacional,Informe Monetario Diario,Saldos,D,En millones de ARS,ML
1225,2019-05-31,502730.0,Adelantos transitorios del BCRA al Gobierno Nacional,Informe Monetario Diario,Saldos,D,En millones de ARS,ML
1225,2019-06-03,502730.0,Adelantos transitorios del BCRA al Gobierno Nacional,Informe Monetario Diario,Saldos,D,En millones de ARS,ML
1225,2019-06-04,502730.0,Adelantos transitorios del BCRA al Gobierno Nacional,Informe Monetario Diario,Saldos,D,En millones de ARS,ML
1225,2019-06-05,502730.0,Adelantos transitorios del BCRA al Gobierno Nacional,Informe Monetario Diario,Saldos,D,En millones de ARS,ML
1225,2019-06-06,502730.0,Adelantos transitorios del BCRA al Gobierno Nacional,Informe Monetario Diario,Saldos,D,En millones de ARS,ML
1225,2019-06-07,502730.0,Adelantos transitorios del BCRA al Gobierno Nacional,Informe Monetario Diario,Saldos,D,En millones de ARS,ML
1225,2019-06-10,502730.0,Adelantos transitorios del BCRA al Gobierno Nacional,Informe Monetario Diario,Saldos,D,En millones de ARS,ML
1225,2019-06-11,502730.0,Adelantos transitorios del BCRA al Gobierno Nacional,Informe Monetario Diario,Saldos,D,En millones de ARS,ML
1225,2019-06-12,502730.0,Adelantos transitorios del BCRA al Gobierno Nacional,Informe Monetario Diario,Saldos,D,En millones de ARS,ML
1225,2019-06-13,502730.0,Adelantos transitorios del BCRA al Gobierno Nacional,Informe Monetario Diario,Saldos,D,En millones de ARS,ML
1225,2019-06-14,502730.0,Adelantos transitorios del BCRA al Gobierno Nacional,Informe Monetario Diario,Saldos,D,En millones de ARS,ML
1225,2019-06-18,502730.0,Adelantos transitorios del BCRA al Gobierno Nacional,Informe Monetario Diario,Saldos,D,En millones de ARS,ML
1225,2019-06-19,502730.0,Adelantos transitorios del BCRA al Gobierno Nacional,Informe Monetario Diario,Saldos,D,En millones de ARS,ML
1225,2019-06-21,502730.0,Adelantos transitorios del BCRA al Gobierno Nacional,Informe Monetario Diario,Saldos,D,En millones de ARS,ML
1225,2019-06-24,502730.0,Adelantos transitorios del BCRA al Gobierno Nacional,Informe Monetario Diario,Saldos,D,En millones de ARS,ML
1225,2019-06-25,502730.0,Adelantos transitorios del BCRA al Gobierno Nacional,Informe Monetario Diario,Saldos,D,En millones de ARS,ML
1225,2019-06-26,502730.0,Adelantos transitorios del BCRA al Gobierno Nacional,Informe Monetario Diario,Saldos,D,En millones de ARS,ML
1225,2019-06-27,502730.0,Adelantos transitorios del BCRA al Gobierno Nacional,Informe Monetario Diario,Saldos,D,En millones de ARS,ML
1225,2019-06-28,502730.0,Adelantos transitorios del BCRA al Gobierno Nacional,Informe Monetario Diario,Saldos,D,En millones de ARS,ML
1225,2019-07-01,502730.0,Adelantos transitorios del BCRA al Gobierno Nacional,Informe Monetario Diario,Saldos,D,En millones de ARS,ML
1225,2019-07-02,502730.0,Adelantos transitorios del BCRA al Gobierno Nacional,Informe Monetario Diario,Saldos,D,En millones de ARS,ML
1225,2019-07-03,502730.0,Adelantos transitorios del BCRA al Gobierno Nacional,Informe Monetario Diario,Saldos,D,En millones de ARS,ML
1225,2019-07-04,502730.0,Adelantos transitorios del BCRA al Gobierno Nacional,Informe Monetario Diario,Saldos,D,En millones de ARS,ML
1225,2019-07-05,502730.0,Adelantos transitorios del BCRA al Gobierno Nacional,Informe Monetario Diario,Saldos,D,En millones de ARS,ML
1225,2019-07-10,502730.0,Adelantos transitorios del BCRA al Gobierno Nacional,Informe Monetario Diario,Saldos,D,En millones de ARS,ML
1225,2019-07-11,502730.0,Adelantos transitorios del BCRA al Gobierno Nacional,Informe Monetario Diario,Saldos,D,En millones de ARS,ML
1225,2019-07-12,502730.0,Adelantos transitorios del BCRA al Gobierno Nacional,Informe Monetario Diario,Saldos,D,En millones de ARS,ML
1225,2019-07-15,502730.0,Adelantos transitorios del BCRA al Gobierno Nacional,Informe Monetario Diario,Saldos,D,En millones de ARS,ML
1225,2019-07-16,502730.0,Adelantos transitorios del BCRA al Gobierno Nacional,Informe Monetario Diario,Saldos,D,En millones de ARS,ML
1225,2019-07-17,502730.0,Adelantos transitorios del BCRA al Gobierno Nacional,Informe Monetario Diario,Saldos,D,En millones de ARS,ML
1225,2019-07-18,502730.0,Adelantos transitorios del BCRA al Gobierno Nacional,Informe Monetario Diario,Saldos,D,En millones de ARS,ML
1225,2019-07-19,502730.0,Adelantos transitorios del BCRA al Gobierno Nacional,Informe Monetario Diario,Saldos,D,En millones de ARS,ML
1225,2019-07-22,502730.0,Adelantos transitorios del BCRA al Gobierno Nacional,Informe Monetario Diario,Saldos,D,En millones de ARS,ML
1225,2019-07-23,502730.0,Adelantos transitorios del BCRA al Gobierno Nacional,Informe Monetario Diario,Saldos,D,En millones de ARS,ML
1225,2019-07-24,502730.0,Adelantos transitorios del BCRA al Gobierno Nacional,Informe Monetario Diario,Saldos,D,En millones de ARS,ML
1225,2019-07-25,502730.0,Adelantos transitorios del BCRA al Gobierno Nacional,Informe Monetario Diario,Saldos,D,En millones de ARS,ML
1225,2019-07-26,502730.0,Adelantos transitorios del BCRA al Gobierno Nacional,Informe Monetario Diario,Saldos,D,En millones de ARS,ML
1225,2019-07-29,502730.0,Adelantos transitorios del BCRA al Gobierno Nacional,Informe Monetario Diario,Saldos,D,En millones de ARS,ML
1225,2019-07-30,502730.0,Adelantos transitorios del BCRA al Gobierno Nacional,Informe Monetario Diario,Saldos,D,En millones de ARS,ML
1225,2019-07-31,502730.0,Adelantos transitorios del BCRA al Gobierno Nacional,Informe Monetario Diario,Saldos,D,En millones de ARS,ML
1225,2019-08-01,502730.0,Adelantos transitorios del BCRA al Gobierno Nacional,Informe Monetario Diario,Saldos,D,En millones de ARS,ML
1225,2019-08-02,502730.0,Adelantos transitorios del BCRA al Gobierno Nacional,Informe Monetario Diario,Saldos,D,En millones de ARS,ML
1225,2019-08-05,502730.0,Adelantos transitorios del BCRA al Gobierno Nacional,Informe Monetario Diario,Saldos,D,En millones de ARS,ML
1225,2019-08-06,502730.0,Adelantos transitorios del BCRA al Gobierno Nacional,Informe Monetario Diario,Saldos,D,En millones de ARS,ML
1225,2019-08-07,502730.0,Adelantos transitorios del BCRA al Gobierno Nacional,Informe Monetario Diario,Saldos,D,En millones de ARS,ML
1225,2019-08-08,502730.0,Adelantos transitorios del BCRA al Gobierno Nacional,Informe Monetario Diario,Saldos,D,En millones de ARS,ML
1225,2019-08-09,502730.0,Adelantos transitorios del BCRA al Gobierno Nacional,Informe Monetario Diario,Saldos,D,En millones de ARS,ML
1225,2019-08-12,502730.0,Adelantos transitorios del BCRA al Gobierno Nacional,Informe Monetario Diario,Saldos,D,En millones de ARS,ML
1225,2019-08-13,502730.0,Adelantos transitorios del BCRA al Gobierno Nacional,Informe Monetario Diario,Saldos,D,En millones de ARS,ML
1225,2019-08-14,502730.0,Adelantos transitorios del BCRA al Gobierno Nacional,Informe Monetario Diario,Saldos,D,En millones de ARS,ML
1225,2019-08-15,502730.0,Adelantos transitorios del BCRA al Gobierno Nacional,Informe Monetario Diario,Saldos,D,En millones de ARS,ML
1225,2019-08-16,502730.0,Adelantos transitorios del BCRA al Gobierno Nacional,Informe Monetario Diario,Saldos,D,En millones de ARS,ML
1225,2019-08-20,502730.0,Adelantos transitorios del BCRA al Gobierno Nacional,Informe Monetario Diario,Saldos,D,En millones de ARS,ML
1225,2019-08-21,502730.0,Adelantos transitorios del BCRA al Gobierno Nacional,Informe Monetario Diario,Saldos,D,En millones de ARS,ML
1225,2019-08-22,502730.0,Adelantos transitorios del BCRA al Gobierno Nacional,Informe Monetario Diario,Saldos,D,En millones de ARS,ML
1225,2019-08-23,502730.0,Adelantos transitorios del BCRA al Gobierno Nacional,Informe Monetario Diario,Saldos,D,En millones de ARS,ML
1225,2019-08-26,502730.0,Adelantos transitorios del BCRA al Gobierno Nacional,Informe Monetario Diario,Saldos,D,En millones de ARS,ML
1225,2019-08-27,502730.0,Adelantos transitorios del BCRA al Gobierno Nacional,Informe Monetario Diario,Saldos,D,En millones de ARS,ML
1225,2019-08-28,502730.0,Adelantos transitorios del BCRA al Gobierno Nacional,Informe Monetario Diario,Saldos,D,En millones de ARS,ML
1225,2019-08-29,502730.0,Adelantos transitorios del BCRA al Gobierno Nacional,Informe Monetario Diario,Saldos,D,En millones de ARS,ML
1225,2019-08-30,502730.0,Adelantos transitorios del BCRA al Gobierno Nacional,Informe Monetario Diario,Saldos,D,En millones de ARS,ML
1225,2019-09-02,502730.0,Adelantos transitorios del BCRA al Gobierno Nacional,Informe Monetario Diario,Saldos,D,En millones de ARS,ML
1225,2019-09-03,502730.0,Adelantos transitorios del BCRA al Gobierno Nacional,Informe Monetario Diario,Saldos,D,En millones de ARS,ML
1225,2019-09-04,502730.0,Adelantos transitorios del BCRA al Gobierno Nacional,Informe Monetario Diario,Saldos,D,En millones de ARS,ML
1225,2019-09-05,502730.0,Adelantos transitorios del BCRA al Gobierno Nacional,Informe Monetario Diario,Saldos,D,En millones de ARS,ML
1225,2019-09-06,502730.0,Adelantos transitorios del BCRA al Gobierno Nacional,Informe Monetario Diario,Saldos,D,En millones de ARS,ML
1225,2019-09-09,502730.0,Adelantos transitorios del BCRA al Gobierno Nacional,Informe Monetario Diario,Saldos,D,En millones de ARS,ML
1225,2019-09-10,502730.0,Adelantos transitorios del BCRA al Gobierno Nacional,Informe Monetario Diario,Saldos,D,En millones de ARS,ML
1225,2019-09-11,502730.0,Adelantos transitorios del BCRA al Gobierno Nacional,Informe Monetario Diario,Saldos,D,En millones de ARS,ML
1225,2019-09-12,502730.0,Adelantos transitorios del BCRA al Gobierno Nacional,Informe Monetario Diario,Saldos,D,En millones de ARS,ML
1225,2019-09-13,502730.0,Adelantos transitorios del BCRA al Gobierno Nacional,Informe Monetario Diario,Saldos,D,En millones de ARS,ML
1225,2019-09-16,502730.0,Adelantos transitorios del BCRA al Gobierno Nacional,Informe Monetario Diario,Saldos,D,En millones de ARS,ML
1225,2019-09-17,502730.0,Adelantos transitorios del BCRA al Gobierno Nacional,Informe Monetario Diario,Saldos,D,En millones de ARS,ML
1225,2019-09-18,502730.0,Adelantos transitorios del BCRA al Gobierno Nacional,Informe Monetario Diario,Saldos,D,En millones de ARS,ML
1225,2019-09-19,502730.0,Adelantos transitorios del BCRA al Gobierno Nacional,Informe Monetario Diario,Saldos,D,En millones de ARS,ML
1225,2019-09-20,502730.0,Adelantos transitorios del BCRA al Gobierno Nacional,Informe Monetario Diario,Saldos,D,En millones de ARS,ML
1225,2019-09-23,502730.0,Adelantos transitorios del BCRA al Gobierno Nacional,Informe Monetario Diario,Saldos,D,En millones de ARS,ML
1225,2019-09-24,502730.0,Adelantos transitorios del BCRA al Gobierno Nacional,Informe Monetario Diario,Saldos,D,En millones de ARS,ML
1225,2019-09-25,502730.0,Adelantos transitorios del BCRA al Gobierno Nacional,Informe Monetario Diario,Saldos,D,En millones de ARS,ML
1225,2019-09-26,502730.0,Adelantos transitorios del BCRA al Gobierno Nacional,Informe Monetario Diario,Saldos,D,En millones de ARS,ML
1225,2019-09-27,502730.0,Adelantos transitorios del BCRA al Gobierno Nacional,Informe Monetario Diario,Saldos,D,En millones de ARS,ML
1225,2019-09-30,502730.0,Adelantos transitorios del BCRA al Gobierno Nacional,Informe Monetario Diario,Saldos,D,En millones de ARS,ML
1225,2019-10-01,502730.0,Adelantos transitorios del BCRA al Gobierno Nacional,Informe Monetario Diario,Saldos,D,En millones de ARS,ML
1225,2019-10-02,502730.0,Adelantos transitorios del BCRA al Gobierno Nacional,Informe Monetario Diario,Saldos,D,En millones de ARS,ML
1225,2019-10-03,502730.0,Adelantos transitorios del BCRA al Gobierno Nacional,Informe Monetario Diario,Saldos,D,En millones de ARS,ML
1225,2019-10-04,502730.0,Adelantos transitorios del BCRA al Gobierno Nacional,Informe Monetario Diario,Saldos,D,En millones de ARS,ML
1225,2019-10-07,502730.0,Adelantos transitorios del BCRA al Gobierno Nacional,Informe Monetario Diario,Saldos,D,En millones de ARS,ML
1225,2019-10-08,502730.0,Adelantos transitorios del BCRA al Gobierno Nacional,Informe Monetario Diario,Saldos,D,En millones de ARS,ML
1225,2019-10-09,502730.0,Adelantos transitorios del BCRA al Gobierno Nacional,Informe Monetario Diario,Saldos,D,En millones de ARS,ML
1225,2019-10-10,502730.0,Adelantos transitorios del BCRA al Gobierno Nacional,Informe Monetario Diario,Saldos,D,En millones de ARS,ML
1225,2019-10-11,502730.0,Adelantos transitorios del BCRA al Gobierno Nacional,Informe Monetario Diario,Saldos,D,En millones de ARS,ML
1225,2019-10-15,502730.0,Adelantos transitorios del BCRA al Gobierno Nacional,Informe Monetario Diario,Saldos,D,En millones de ARS,ML
1225,2019-10-16,502730.0,Adelantos transitorios del BCRA al Gobierno Nacional,Informe Monetario Diario,Saldos,D,En millones de ARS,ML
1225,2019-10-17,502730.0,Adelantos transitorios del BCRA al Gobierno Nacional,Informe Monetario Diario,Saldos,D,En millones de ARS,ML
1225,2019-10-18,502730.0,Adelantos transitorios del BCRA al Gobierno Nacional,Informe Monetario Diario,Saldos,D,En millones de ARS,ML
1225,2019-10-21,502730.0,Adelantos transitorios del BCRA al Gobierno Nacional,Informe Monetario Diario,Saldos,D,En millones de ARS,ML
1225,2019-10-22,502730.0,Adelantos transitorios del BCRA al Gobierno Nacional,Informe Monetario Diario,Saldos,D,En millones de ARS,ML
1225,2019-10-23,502730.0,Adelantos transitorios del BCRA al Gobierno Nacional,Informe Monetario Diario,Saldos,D,En millones de ARS,ML
1225,2019-10-24,502730.0,Adelantos transitorios del BCRA al Gobierno Nacional,Informe Monetario Diario,Saldos,D,En millones de ARS,ML
1225,2019-10-25,502730.0,Adelantos transitorios del BCRA al Gobierno Nacional,Informe Monetario Diario,Saldos,D,En millones de ARS,ML
1225,2019-10-28,502730.0,Adelantos transitorios del BCRA al Gobierno Nacional,Informe Monetario Diario,Saldos,D,En millones de ARS,ML
1225,2019-10-29,502730.0,Adelantos transitorios del BCRA al Gobierno Nacional,Informe Monetario Diario,Saldos,D,En millones de ARS,ML
1225,2019-10-30,502730.0,Adelantos transitorios del BCRA al Gobierno Nacional,Informe Monetario Diario,Saldos,D,En millones de ARS,ML
1225,2019-10-31,502730.0,Adelantos transitorios del BCRA al Gobierno Nacional,Informe Monetario Diario,Saldos,D,En millones de ARS,ML
1225,2019-11-01,502730.0,Adelantos transitorios del BCRA al Gobierno Nacional,Informe Monetario Diario,Saldos,D,En millones de ARS,ML
1225,2019-11-04,502730.0,Adelantos transitorios del BCRA al Gobierno Nacional,Informe Monetario Diario,Saldos,D,En millones de ARS,ML
1225,2019-11-05,502730.0,Adelantos transitorios del BCRA al Gobierno Nacional,Informe Monetario Diario,Saldos,D,En millones de ARS,ML
1225,2019-11-07,502730.0,Adelantos transitorios del BCRA al Gobierno Nacional,Informe Monetario Diario,Saldos,D,En millones de ARS,ML
1225,2019-11-08,502730.0,Adelantos transitorios del BCRA al Gobierno Nacional,Informe Monetario Diario,Saldos,D,En millones de ARS,ML
1225,2019-11-11,502730.0,Adelantos transitorios del BCRA al Gobierno Nacional,Informe Monetario Diario,Saldos,D,En millones de ARS,ML
1225,2019-11-12,502730.0,Adelantos transitorios del BCRA al Gobierno Nacional,Informe Monetario Diario,Saldos,D,En millones de ARS,ML
1225,2019-11-13,502730.0,Adelantos transitorios del BCRA al Gobierno Nacional,Informe Monetario Diario,Saldos,D,En millones de ARS,ML
1225,2019-11-14,502730.0,Adelantos transitorios del BCRA al Gobierno Nacional,Informe Monetario Diario,Saldos,D,En millones de ARS,ML
1225,2019-11-15,502730.0,Adelantos transitorios del BCRA al Gobierno Nacional,Informe Monetario Diario,Saldos,D,En millones de ARS,ML
1225,2019-11-19,502730.0,Adelantos transitorios del BCRA al Gobierno Nacional,Informe Monetario Diario,Saldos,D,En millones de ARS,ML
1225,2019-11-20,502730.0,Adelantos transitorios del BCRA al Gobierno Nacional,Informe Monetario Diario,Saldos,D,En millones de ARS,ML
1225,2019-11-21,522730.0,Adelantos transitorios del BCRA al Gobierno Nacional,Informe Monetario Diario,Saldos,D,En millones de ARS,ML
1225,2019-11-22,522730.0,Adelantos transitorios del BCRA al Gobierno Nacional,Informe Monetario Diario,Saldos,D,En millones de ARS,ML
1225,2019-11-25,522730.0,Adelantos transitorios del BCRA al Gobierno Nacional,Informe Monetario Diario,Saldos,D,En millones de ARS,ML
1225,2019-11-26,542730.0,Adelantos transitorios del BCRA al Gobierno Nacional,Informe Monetario Diario,Saldos,D,En millones de ARS,ML
1225,2019-11-27,542730.0,Adelantos transitorios del BCRA al Gobierno Nacional,Informe Monetario Diario,Saldos,D,En millones de ARS,ML
1225,2019-11-28,542730.0,Adelantos transitorios del BCRA al Gobierno Nacional,Informe Monetario Diario,Saldos,D,En millones de ARS,ML
1225,2019-11-29,562730.0,Adelantos transitorios del BCRA al Gobierno Nacional,Informe Monetario Diario,Saldos,D,En millones de ARS,ML
1225,2019-12-02,672730.0,Adelantos transitorios del BCRA al Gobierno Nacional,Informe Monetario Diario,Saldos,D,En millones de ARS,ML
1225,2019-12-03,672730.0,Adelantos transitorios del BCRA al Gobierno Nacional,Informe Monetario Diario,Saldos,D,En millones de ARS,ML
1225,2019-12-04,672730.0,Adelantos transitorios del BCRA al Gobierno Nacional,Informe Monetario Diario,Saldos,D,En millones de ARS,ML
1225,2019-12-05,692730.0,Adelantos transitorios del BCRA al Gobierno Nacional,Informe Monetario Diario,Saldos,D,En millones de ARS,ML
1225,2019-12-06,692730.0,Adelantos transitorios del BCRA al Gobierno Nacional,Informe Monetario Diario,Saldos,D,En millones de ARS,ML
1225,2019-12-09,692730.0,Adelantos transitorios del BCRA al Gobierno Nacional,Informe Monetario Diario,Saldos,D,En millones de ARS,ML
1225,2019-12-10,692730.0,Adelantos transitorios del BCRA al Gobierno Nacional,Informe Monetario Diario,Saldos,D,En millones de ARS,ML
1225,2019-12-11,692730.0,Adelantos transitorios del BCRA al Gobierno Nacional,Informe Monetario Diario,Saldos,D,En millones de ARS,ML
1225,2019-12-12,692730.0,Adelantos transitorios del BCRA al Gobierno Nacional,Informe Monetario Diario,Saldos,D,En millones de ARS,ML
1225,2019-12-13,692730.0,Adelantos transitorios del BCRA al Gobierno Nacional,Informe Monetario Diario,Saldos,D,En millones de ARS,ML
1225,2019-12-16,692730.0,Adelantos transitorios del BCRA al Gobierno Nacional,Informe Monetario Diario,Saldos,D,En millones de ARS,ML
1225,2019-12-17,692730.0,Adelantos transitorios del BCRA al Gobierno Nacional,Informe Monetario Diario,Saldos,D,En millones de ARS,ML
1225,2019-12-18,692730.0,Adelantos transitorios del BCRA al Gobierno Nacional,Informe Monetario Diario,Saldos,D,En millones de ARS,ML
1225,2019-12-19,692730.0,Adelantos transitorios del BCRA al Gobierno Nacional,Informe Monetario Diario,Saldos,D,En millones de ARS,ML
1225,2019-12-20,792730.0,Adelantos transitorios del BCRA al Gobierno Nacional,Informe Monetario Diario,Saldos,D,En millones de ARS,ML
1225,2019-12-23,792730.0,Adelantos transitorios del BCRA al Gobierno Nacional,Informe Monetario Diario,Saldos,D,En millones de ARS,ML
1225,2019-12-26,792730.0,Adelantos transitorios del BCRA al Gobierno Nacional,Informe Monetario Diario,Saldos,D,En millones de ARS,ML
1225,2019-12-27,792730.0,Adelantos transitorios del BCRA al Gobierno Nacional,Informe Monetario Diario,Saldos,D,En millones de ARS,ML
1225,2019-12-30,852730.0,Adelantos transitorios del BCRA al Gobierno Nacional,Informe Monetario Diario,Saldos,D,En millones de ARS,ML
1225,2020-01-02,852730.0,Adelantos transitorios del BCRA al Gobierno Nacional,Informe Monetario Diario,Saldos,D,En millones de ARS,ML
1225,2020-01-03,852730.0,Adelantos transitorios del BCRA al Gobierno Nacional,Informe Monetario Diario,Saldos,D,En millones de ARS,ML
1225,2020-01-06,852730.0,Adelantos transitorios del BCRA al Gobierno Nacional,Informe Monetario Diario,Saldos,D,En millones de ARS,ML
1225,2020-01-07,852730.0,Adelantos transitorios del BCRA al Gobierno Nacional,Informe Monetario Diario,Saldos,D,En millones de ARS,ML
1225,2020-01-08,852730.0,Adelantos transitorios del BCRA al Gobierno Nacional,Informe Monetario Diario,Saldos,D,En millones de ARS,ML
1225,2020-01-09,852730.0,Adelantos transitorios del BCRA al Gobierno Nacional,Informe Monetario Diario,Saldos,D,En millones de ARS,ML
1225,2020-01-10,852730.0,Adelantos transitorios del BCRA al Gobierno Nacional,Informe Monetario Diario,Saldos,D,En millones de ARS,ML
1225,2020-01-13,852730.0,Adelantos transitorios del BCRA al Gobierno Nacional,Informe Monetario Diario,Saldos,D,En millones de ARS,ML
1225,2020-01-14,852730.0,Adelantos transitorios del BCRA al Gobierno Nacional,Informe Monetario Diario,Saldos,D,En millones de ARS,ML
1225,2020-01-15,852730.0,Adelantos transitorios del BCRA al Gobierno Nacional,Informe Monetario Diario,Saldos,D,En millones de ARS,ML
1225,2020-01-16,852730.0,Adelantos transitorios del BCRA al Gobierno Nacional,Informe Monetario Diario,Saldos,D,En millones de ARS,ML
1225,2020-01-17,852730.0,Adelantos transitorios del BCRA al Gobierno Nacional,Informe Monetario Diario,Saldos,D,En millones de ARS,ML
1225,2020-01-20,852730.0,Adelantos transitorios del BCRA al Gobierno Nacional,Informe Monetario Diario,Saldos,D,En millones de ARS,ML
1225,2020-01-21,852730.0,Adelantos transitorios del BCRA al Gobierno Nacional,Informe Monetario Diario,Saldos,D,En millones de ARS,ML
1225,2020-01-22,852730.0,Adelantos transitorios del BCRA al Gobierno Nacional,Informe Monetario Diario,Saldos,D,En millones de ARS,ML
1225,2020-01-23,852730.0,Adelantos transitorios del BCRA al Gobierno Nacional,Informe Monetario Diario,Saldos,D,En millones de ARS,ML
1225,2020-01-24,852730.0,Adelantos transitorios del BCRA al Gobierno Nacional,Informe Monetario Diario,Saldos,D,En millones de ARS,ML
1225,2020-01-27,852730.0,Adelantos transitorios del BCRA al Gobierno Nacional,Informe Monetario Diario,Saldos,D,En millones de ARS,ML
1225,2020-01-28,852730.0,Adelantos transitorios del BCRA al Gobierno Nacional,Informe Monetario Diario,Saldos,D,En millones de ARS,ML
1225,2020-01-29,852730.0,Adelantos transitorios del BCRA al Gobierno Nacional,Informe Monetario Diario,Saldos,D,En millones de ARS,ML
1225,2020-01-30,852730.0,Adelantos transitorios del BCRA al Gobierno Nacional,Informe Monetario Diario,Saldos,D,En millones de ARS,ML
1225,2020-01-31,852730.0,Adelantos transitorios del BCRA al Gobierno Nacional,Informe Monetario Diario,Saldos,D,En millones de ARS,ML
1225,2020-02-03,852730.0,Adelantos transitorios del BCRA al Gobierno Nacional,Informe Monetario Diario,Saldos,D,En millones de ARS,ML
1225,2020-02-04,852730.0,Adelantos transitorios del BCRA al Gobierno Nacional,Informe Monetario Diario,Saldos,D,En millones de ARS,ML
1225,2020-02-05,852730.0,Adelantos transitorios del BCRA al Gobierno Nacional,Informe Monetario Diario,Saldos,D,En millones de ARS,ML
1225,2020-02-06,852730.0,Adelantos transitorios del BCRA al Gobierno Nacional,Informe Monetario Diario,Saldos,D,En millones de ARS,ML
1225,2020-02-07,872730.0,Adelantos transitorios del BCRA al Gobierno Nacional,Informe Monetario Diario,Saldos,D,En millones de ARS,ML
1225,2020-02-10,872730.0,Adelantos transitorios del BCRA al Gobierno Nacional,Informe Monetario Diario,Saldos,D,En millones de ARS,ML
1225,2020-02-11,872730.0,Adelantos transitorios del BCRA al Gobierno Nacional,Informe Monetario Diario,Saldos,D,En millones de ARS,ML
1225,2020-02-12,872730.0,Adelantos transitorios del BCRA al Gobierno Nacional,Informe Monetario Diario,Saldos,D,En millones de ARS,ML
1225,2020-02-13,899730.0,Adelantos transitorios del BCRA al Gobierno Nacional,Informe Monetario Diario,Saldos,D,En millones de ARS,ML
1225,2020-02-14,899730.0,Adelantos transitorios del BCRA al Gobierno Nacional,Informe Monetario Diario,Saldos,D,En millones de ARS,ML
1225,2020-02-17,899730.0,Adelantos transitorios del BCRA al Gobierno Nacional,Informe Monetario Diario,Saldos,D,En millones de ARS,ML
1225,2020-02-18,899730.0,Adelantos transitorios del BCRA al Gobierno Nacional,Informe Monetario Diario,Saldos,D,En millones de ARS,ML
1225,2020-02-19,899730.0,Adelantos transitorios del BCRA al Gobierno Nacional,Informe Monetario Diario,Saldos,D,En millones de ARS,ML
1225,2020-02-20,959730.0,Adelantos transitorios del BCRA al Gobierno Nacional,Informe Monetario Diario,Saldos,D,En millones de ARS,ML
1225,2020-02-21,959730.0,Adelantos transitorios del BCRA al Gobierno Nacional,Informe Monetario Diario,Saldos,D,En millones de ARS,ML
1225,2020-02-26,959730.0,Adelantos transitorios del BCRA al Gobierno Nacional,Informe Monetario Diario,Saldos,D,En millones de ARS,ML
1225,2020-02-27,959730.0,Adelantos transitorios del BCRA al Gobierno Nacional,Informe Monetario Diario,Saldos,D,En millones de ARS,ML
1225,2020-02-28,959730.0,Adelantos transitorios del BCRA al Gobierno Nacional,Informe Monetario Diario,Saldos,D,En millones de ARS,ML
1225,2020-03-02,1034730.0,Adelantos transitorios del BCRA al Gobierno Nacional,Informe Monetario Diario,Saldos,D,En millones de ARS,ML
1225,2020-03-03,1034730.0,Adelantos transitorios del BCRA al Gobierno Nacional,Informe Monetario Diario,Saldos,D,En millones de ARS,ML
1225,2020-03-04,1034730.0,Adelantos transitorios del BCRA al Gobierno Nacional,Informe Monetario Diario,Saldos,D,En millones de ARS,ML
1225,2020-03-05,1034730.0,Adelantos transitorios del BCRA al Gobierno Nacional,Informe Monetario Diario,Saldos,D,En millones de ARS,ML
1225,2020-03-06,1034730.0,Adelantos transitorios del BCRA al Gobierno Nacional,Informe Monetario Diario,Saldos,D,En millones de ARS,ML
1225,2020-03-09,1034730.0,Adelantos transitorios del BCRA al Gobierno Nacional,Informe Monetario Diario,Saldos,D,En millones de ARS,ML
1225,2020-03-10,1034730.0,Adelantos transitorios del BCRA al Gobierno Nacional,Informe Monetario Diario,Saldos,D,En millones de ARS,ML
1225,2020-03-11,1034730.0,Adelantos transitorios del BCRA al Gobierno Nacional,Informe Monetario Diario,Saldos,D,En millones de ARS,ML
1225,2020-03-12,1034730.0,Adelantos transitorios del BCRA al Gobierno Nacional,Informe Monetario Diario,Saldos,D,En millones de ARS,ML
1225,2020-03-13,1034730.0,Adelantos transitorios del BCRA al Gobierno Nacional,Informe Monetario Diario,Saldos,D,En millones de ARS,ML
1225,2020-03-16,1034730.0,Adelantos transitorios del BCRA al Gobierno Nacional,Informe Monetario Diario,Saldos,D,En millones de ARS,ML
1225,2020-03-17,1034730.0,Adelantos transitorios del BCRA al Gobierno Nacional,Informe Monetario Diario,Saldos,D,En millones de ARS,ML
1225,2020-03-18,1034730.0,Adelantos transitorios del BCRA al Gobierno Nacional,Informe Monetario Diario,Saldos,D,En millones de ARS,ML
1225,2020-03-19,1084730.0,Adelantos transitorios del BCRA al Gobierno Nacional,Informe Monetario Diario,Saldos,D,En millones de ARS,ML
1225,2020-03-20,1084730.0,Adelantos transitorios del BCRA al Gobierno Nacional,Informe Monetario Diario,Saldos,D,En millones de ARS,ML
1225,2020-03-25,1084730.0,Adelantos transitorios del BCRA al Gobierno Nacional,Informe Monetario Diario,Saldos,D,En millones de ARS,ML
1225,2020-03-26,1084730.0,Adelantos transitorios del BCRA al Gobierno Nacional,Informe Monetario Diario,Saldos,D,En millones de ARS,ML
1225,2020-03-27,1084730.0,Adelantos transitorios del BCRA al Gobierno Nacional,Informe Monetario Diario,Saldos,D,En millones de ARS,ML
1225,2020-03-30,1084730.0,Adelantos transitorios del BCRA al Gobierno Nacional,Informe Monetario Diario,Saldos,D,En millones de ARS,ML
1225,2020-04-01,1084730.0,Adelantos transitorios del BCRA al Gobierno Nacional,Informe Monetario Diario,Saldos,D,En millones de ARS,ML
1225,2020-04-02,1134730.0,Adelantos transitorios del BCRA al Gobierno Nacional,Informe Monetario Diario,Saldos,D,En millones de ARS,ML
1225,2020-04-03,1134730.0,Adelantos transitorios del BCRA al Gobierno Nacional,Informe Monetario Diario,Saldos,D,En millones de ARS,ML
1225,2020-04-06,1134730.0,Adelantos transitorios del BCRA al Gobierno Nacional,Informe Monetario Diario,Saldos,D,En millones de ARS,ML
1225,2020-04-07,1164459.0,Adelantos transitorios del BCRA al Gobierno Nacional,Informe Monetario Diario,Saldos,D,En millones de ARS,ML
1225,2020-04-08,1164730.0,Adelantos transitorios del BCRA al Gobierno Nacional,Informe Monetario Diario,Saldos,D,En millones de ARS,ML
1225,2020-04-13,1164730.0,Adelantos transitorios del BCRA al Gobierno Nacional,Informe Monetario Diario,Saldos,D,En millones de ARS,ML
1225,2020-04-14,1164730.0,Adelantos transitorios del BCRA al Gobierno Nacional,Informe Monetario Diario,Saldos,D,En millones de ARS,ML
1225,2020-04-15,1164730.0,Adelantos transitorios del BCRA al Gobierno Nacional,Informe Monetario Diario,Saldos,D,En millones de ARS,ML
1225,2020-04-16,1164730.0,Adelantos transitorios del BCRA al Gobierno Nacional,Informe Monetario Diario,Saldos,D,En millones de ARS,ML
1225,2020-04-17,1164730.0,Adelantos transitorios del BCRA al Gobierno Nacional,Informe Monetario Diario,Saldos,D,En millones de ARS,ML
1225,2020-04-20,1164730.0,Adelantos transitorios del BCRA al Gobierno Nacional,Informe Monetario Diario,Saldos,D,En millones de ARS,ML
1225,2020-04-21,1164730.0,Adelantos transitorios del BCRA al Gobierno Nacional,Informe Monetario Diario,Saldos,D,En millones de ARS,ML
1225,2020-04-22,1164730.0,Adelantos transitorios del BCRA al Gobierno Nacional,Informe Monetario Diario,Saldos,D,En millones de ARS,ML
1225,2020-04-23,1164730.0,Adelantos transitorios del BCRA al Gobierno Nacional,Informe Monetario Diario,Saldos,D,En millones de ARS,ML
1225,2020-04-24,1164730.0,Adelantos transitorios del BCRA al Gobierno Nacional,Informe Monetario Diario,Saldos,D,En millones de ARS,ML
1225,2020-04-27,1164730.0,Adelantos transitorios del BCRA al Gobierno Nacional,Informe Monetario Diario,Saldos,D,En millones de ARS,ML
1225,2020-04-28,1164730.0,Adelantos transitorios del BCRA al Gobierno Nacional,Informe Monetario Diario,Saldos,D,En millones de ARS,ML
1225,2020-04-29,1164730.0,Adelantos transitorios del BCRA al Gobierno Nacional,Informe Monetario Diario,Saldos,D,En millones de ARS,ML
1225,2020-04-30,1164730.0,Adelantos transitorios del BCRA al Gobierno Nacional,Informe Monetario Diario,Saldos,D,En millones de ARS,ML
1225,2020-05-04,1164730.0,Adelantos transitorios del BCRA al Gobierno Nacional,Informe Monetario Diario,Saldos,D,En millones de ARS,ML
1225,2020-05-05,1164730.0,Adelantos transitorios del BCRA al Gobierno Nacional,Informe Monetario Diario,Saldos,D,En millones de ARS,ML
1225,2020-05-06,1164730.0,Adelantos transitorios del BCRA al Gobierno Nacional,Informe Monetario Diario,Saldos,D,En millones de ARS,ML
1225,2020-05-07,1164730.0,Adelantos transitorios del BCRA al Gobierno Nacional,Informe Monetario Diario,Saldos,D,En millones de ARS,ML
1225,2020-05-08,1164730.0,Adelantos transitorios del BCRA al Gobierno Nacional,Informe Monetario Diario,Saldos,D,En millones de ARS,ML
1225,2020-05-11,1164730.0,Adelantos transitorios del BCRA al Gobierno Nacional,Informe Monetario Diario,Saldos,D,En millones de ARS,ML
1225,2020-05-12,1164730.0,Adelantos transitorios del BCRA al Gobierno Nacional,Informe Monetario Diario,Saldos,D,En millones de ARS,ML
1225,2020-05-13,1164730.0,Adelantos transitorios del BCRA al Gobierno Nacional,Informe Monetario Diario,Saldos,D,En millones de ARS,ML
1225,2020-05-14,1164730.0,Adelantos transitorios del BCRA al Gobierno Nacional,Informe Monetario Diario,Saldos,D,En millones de ARS,ML
1225,2020-05-15,1164730.0,Adelantos transitorios del BCRA al Gobierno Nacional,Informe Monetario Diario,Saldos,D,En millones de ARS,ML
1225,2020-05-18,1164730.0,Adelantos transitorios del BCRA al Gobierno Nacional,Informe Monetario Diario,Saldos,D,En millones de ARS,ML
1225,2020-05-19,1164730.0,Adelantos transitorios del BCRA al Gobierno Nacional,Informe Monetario Diario,Saldos,D,En millones de ARS,ML
1225,2020-05-20,1164730.0,Adelantos transitorios del BCRA al Gobierno Nacional,Informe Monetario Diario,Saldos,D,En millones de ARS,ML
1225,2020-05-21,1164730.0,Adelantos transitorios del BCRA al Gobierno Nacional,Informe Monetario Diario,Saldos,D,En millones de ARS,ML
1225,2020-05-22,1162030.0,Adelantos transitorios del BCRA al Gobierno Nacional,Informe Monetario Diario,Saldos,D,En millones de ARS,ML
1225,2020-05-26,1162030.0,Adelantos transitorios del BCRA al Gobierno Nacional,Informe Monetario Diario,Saldos,D,En millones de ARS,ML
1225,2020-05-27,1162030.0,Adelantos transitorios del BCRA al Gobierno Nacional,Informe Monetario Diario,Saldos,D,En millones de ARS,ML
1225,2020-05-28,1164730.0,Adelantos transitorios del BCRA al Gobierno Nacional,Informe Monetario Diario,Saldos,D,En millones de ARS,ML
1225,2020-05-29,1164730.0,Adelantos transitorios del BCRA al Gobierno Nacional,Informe Monetario Diario,Saldos,D,En millones de ARS,ML
1225,2020-06-01,1164730.0,Adelantos transitorios del BCRA al Gobierno Nacional,Informe Monetario Diario,Saldos,D,En millones de ARS,ML
1225,2020-06-02,1164730.0,Adelantos transitorios del BCRA al Gobierno Nacional,Informe Monetario Diario,Saldos,D,En millones de ARS,ML
1225,2020-06-03,1164730.0,Adelantos transitorios del BCRA al Gobierno Nacional,Informe Monetario Diario,Saldos,D,En millones de ARS,ML
1225,2020-06-04,1164730.0,Adelantos transitorios del BCRA al Gobierno Nacional,Informe Monetario Diario,Saldos,D,En millones de ARS,ML
1225,2020-06-05,1164730.0,Adelantos transitorios del BCRA al Gobierno Nacional,Informe Monetario Diario,Saldos,D,En millones de ARS,ML
1225,2020-06-08,1164730.0,Adelantos transitorios del BCRA al Gobierno Nacional,Informe Monetario Diario,Saldos,D,En millones de ARS,ML
1225,2020-06-09,1164730.0,Adelantos transitorios del BCRA al Gobierno Nacional,Informe Monetario Diario,Saldos,D,En millones de ARS,ML
1225,2020-06-10,1164730.0,Adelantos transitorios del BCRA al Gobierno Nacional,Informe Monetario Diario,Saldos,D,En millones de ARS,ML
1225,2020-06-11,1164730.0,Adelantos transitorios del BCRA al Gobierno Nacional,Informe Monetario Diario,Saldos,D,En millones de ARS,ML
1225,2020-06-12,1164730.0,Adelantos transitorios del BCRA al Gobierno Nacional,Informe Monetario Diario,Saldos,D,En millones de ARS,ML
1225,2020-06-16,1164730.0,Adelantos transitorios del BCRA al Gobierno Nacional,Informe Monetario Diario,Saldos,D,En millones de ARS,ML
1225,2020-06-17,1164730.0,Adelantos transitorios del BCRA al Gobierno Nacional,Informe Monetario Diario,Saldos,D,En millones de ARS,ML
1225,2020-06-18,1164730.0,Adelantos transitorios del BCRA al Gobierno Nacional,Informe Monetario Diario,Saldos,D,En millones de ARS,ML
1225,2020-06-19,1164730.0,Adelantos transitorios del BCRA al Gobierno Nacional,Informe Monetario Diario,Saldos,D,En millones de ARS,ML
1225,2020-06-22,1164730.0,Adelantos transitorios del BCRA al Gobierno Nacional,Informe Monetario Diario,Saldos,D,En millones de ARS,ML
1225,2020-06-23,1164730.0,Adelantos transitorios del BCRA al Gobierno Nacional,Informe Monetario Diario,Saldos,D,En millones de ARS,ML
1225,2020-06-24,1164730.0,Adelantos transitorios del BCRA al Gobierno Nacional,Informe Monetario Diario,Saldos,D,En millones de ARS,ML
1225,2020-06-25,1164730.0,Adelantos transitorios del BCRA al Gobierno Nacional,Informe Monetario Diario,Saldos,D,En millones de ARS,ML
1225,2020-06-26,1164730.0,Adelantos transitorios del BCRA al Gobierno Nacional,Informe Monetario Diario,Saldos,D,En millones de ARS,ML
1225,2020-06-29,1164730.0,Adelantos transitorios del BCRA al Gobierno Nacional,Informe Monetario Diario,Saldos,D,En millones de ARS,ML
1225,2020-06-30,1164730.0,Adelantos transitorios del BCRA al Gobierno Nacional,Informe Monetario Diario,Saldos,D,En millones de ARS,ML
1225,2020-07-01,1164730.0,Adelantos transitorios del BCRA al Gobierno Nacional,Informe Monetario Diario,Saldos,D,En millones de ARS,ML
1225,2020-07-02,1164730.0,Adelantos transitorios del BCRA al Gobierno Nacional,Informe Monetario Diario,Saldos,D,En millones de ARS,ML
1225,2020-07-03,1164730.0,Adelantos transitorios del BCRA al Gobierno Nacional,Informe Monetario Diario,Saldos,D,En millones de ARS,ML
1225,2020-07-06,1164730.0,Adelantos transitorios del BCRA al Gobierno Nacional,Informe Monetario Diario,Saldos,D,En millones de ARS,ML
1225,2020-07-07,1164730.0,Adelantos transitorios del BCRA al Gobierno Nacional,Informe Monetario Diario,Saldos,D,En millones de ARS,ML
1225,2020-07-08,1159730.0,Adelantos transitorios del BCRA al Gobierno Nacional,Informe Monetario Diario,Saldos,D,En millones de ARS,ML
1225,2020-07-13,1159730.0,Adelantos transitorios del BCRA al Gobierno Nacional,Informe Monetario Diario,Saldos,D,En millones de ARS,ML
1225,2020-07-14,1159730.0,Adelantos transitorios del BCRA al Gobierno Nacional,Informe Monetario Diario,Saldos,D,En millones de ARS,ML
1225,2020-07-15,1159730.0,Adelantos transitorios del BCRA al Gobierno Nacional,Informe Monetario Diario,Saldos,D,En millones de ARS,ML
1225,2020-07-16,1159730.0,Adelantos transitorios del BCRA al Gobierno Nacional,Informe Monetario Diario,Saldos,D,En millones de ARS,ML
1225,2020-07-17,1159730.0,Adelantos transitorios del BCRA al Gobierno Nacional,Informe Monetario Diario,Saldos,D,En millones de ARS,ML
1225,2020-07-20,1159730.0,Adelantos transitorios del BCRA al Gobierno Nacional,Informe Monetario Diario,Saldos,D,En millones de ARS,ML
1225,2020-07-21,1159730.0,Adelantos transitorios del BCRA al Gobierno Nacional,Informe Monetario Diario,Saldos,D,En millones de ARS,ML
1225,2020-07-22,1159730.0,Adelantos transitorios del BCRA al Gobierno Nacional,Informe Monetario Diario,Saldos,D,En millones de ARS,ML
1225,2020-07-23,1159730.0,Adelantos transitorios del BCRA al Gobierno Nacional,Informe Monetario Diario,Saldos,D,En millones de ARS,ML
1225,2020-07-24,1229730.0,Adelantos transitorios del BCRA al Gobierno Nacional,Informe Monetario Diario,Saldos,D,En millones de ARS,ML
1225,2020-07-27,1229730.0,Adelantos transitorios del BCRA al Gobierno Nacional,Informe Monetario Diario,Saldos,D,En millones de ARS,ML
1225,2020-07-28,1229730.0,Adelantos transitorios del BCRA al Gobierno Nacional,Informe Monetario Diario,Saldos,D,En millones de ARS,ML
1225,2020-07-29,1229730.0,Adelantos transitorios del BCRA al Gobierno Nacional,Informe Monetario Diario,Saldos,D,En millones de ARS,ML
1225,2020-07-30,1229730.0,Adelantos transitorios del BCRA al Gobierno Nacional,Informe Monetario Diario,Saldos,D,En millones de ARS,ML
1225,2020-07-31,1284730.0,Adelantos transitorios del BCRA al Gobierno Nacional,Informe Monetario Diario,Saldos,D,En millones de ARS,ML
1225,2020-08-03,1284730.0,Adelantos transitorios del BCRA al Gobierno Nacional,Informe Monetario Diario,Saldos,D,En millones de ARS,ML
1225,2020-08-04,1284730.0,Adelantos transitorios del BCRA al Gobierno Nacional,Informe Monetario Diario,Saldos,D,En millones de ARS,ML
1225,2020-08-05,1284730.0,Adelantos transitorios del BCRA al Gobierno Nacional,Informe Monetario Diario,Saldos,D,En millones de ARS,ML
1225,2020-08-06,1284730.0,Adelantos transitorios del BCRA al Gobierno Nacional,Informe Monetario Diario,Saldos,D,En millones de ARS,ML
1225,2020-08-07,1324730.0,Adelantos transitorios del BCRA al Gobierno Nacional,Informe Monetario Diario,Saldos,D,En millones de ARS,ML
1225,2020-08-10,1324730.0,Adelantos transitorios del BCRA al Gobierno Nacional,Informe Monetario Diario,Saldos,D,En millones de ARS,ML
1225,2020-08-11,1324730.0,Adelantos transitorios del BCRA al Gobierno Nacional,Informe Monetario Diario,Saldos,D,En millones de ARS,ML
1225,2020-08-12,1324730.0,Adelantos transitorios del BCRA al Gobierno Nacional,Informe Monetario Diario,Saldos,D,En millones de ARS,ML
1225,2020-08-13,1324730.0,Adelantos transitorios del BCRA al Gobierno Nacional,Informe Monetario Diario,Saldos,D,En millones de ARS,ML
1225,2020-08-14,1324730.0,Adelantos transitorios del BCRA al Gobierno Nacional,Informe Monetario Diario,Saldos,D,En millones de ARS,ML
1225,2020-08-18,1324730.0,Adelantos transitorios del BCRA al Gobierno Nacional,Informe Monetario Diario,Saldos,D,En millones de ARS,ML
1225,2020-08-19,1324730.0,Adelantos transitorios del BCRA al Gobierno Nacional,Informe Monetario Diario,Saldos,D,En millones de ARS,ML
1225,2020-08-20,1324730.0,Adelantos transitorios del BCRA al Gobierno Nacional,Informe Monetario Diario,Saldos,D,En millones de ARS,ML
1225,2020-08-21,1324730.0,Adelantos transitorios del BCRA al Gobierno Nacional,Informe Monetario Diario,Saldos,D,En millones de ARS,ML
1225,2020-08-24,1324730.0,Adelantos transitorios del BCRA al Gobierno Nacional,Informe Monetario Diario,Saldos,D,En millones de ARS,ML
1225,2020-08-25,1324730.0,Adelantos transitorios del BCRA al Gobierno Nacional,Informe Monetario Diario,Saldos,D,En millones de ARS,ML
1225,2020-08-26,1324730.0,Adelantos transitorios del BCRA al Gobierno Nacional,Informe Monetario Diario,Saldos,D,En millones de ARS,ML
1225,2020-08-27,1324730.0,Adelantos transitorios del BCRA al Gobierno Nacional,Informe Monetario Diario,Saldos,D,En millones de ARS,ML
1225,2020-08-28,1324730.0,Adelantos transitorios del BCRA al Gobierno Nacional,Informe Monetario Diario,Saldos,D,En millones de ARS,ML
1225,2020-08-31,1324730.0,Adelantos transitorios del BCRA al Gobierno Nacional,Informe Monetario Diario,Saldos,D,En millones de ARS,ML
1225,2020-09-01,1324730.0,Adelantos transitorios del BCRA al Gobierno Nacional,Informe Monetario Diario,Saldos,D,En millones de ARS,ML
1225,2020-09-02,1324730.0,Adelantos transitorios del BCRA al Gobierno Nacional,Informe Monetario Diario,Saldos,D,En millones de ARS,ML
1225,2020-09-03,1324730.0,Adelantos transitorios del BCRA al Gobierno Nacional,Informe Monetario Diario,Saldos,D,En millones de ARS,ML
1225,2020-09-04,1321230.0,Adelantos transitorios del BCRA al Gobierno Nacional,Informe Monetario Diario,Saldos,D,En millones de ARS,ML
1225,2020-09-07,1321230.0,Adelantos transitorios del BCRA al Gobierno Nacional,Informe Monetario Diario,Saldos,D,En millones de ARS,ML
1225,2020-09-08,1321230.0,Adelantos transitorios del BCRA al Gobierno Nacional,Informe Monetario Diario,Saldos,D,En millones de ARS,ML
1225,2020-09-09,1321230.0,Adelantos transitorios del BCRA al Gobierno Nacional,Informe Monetario Diario,Saldos,D,En millones de ARS,ML
1225,2020-09-10,1321230.0,Adelantos transitorios del BCRA al Gobierno Nacional,Informe Monetario Diario,Saldos,D,En millones de ARS,ML
1225,2020-09-11,1386230.0,Adelantos transitorios del BCRA al Gobierno Nacional,Informe Monetario Diario,Saldos,D,En millones de ARS,ML
1225,2020-09-14,1386230.0,Adelantos transitorios del BCRA al Gobierno Nacional,Informe Monetario Diario,Saldos,D,En millones de ARS,ML
1225,2020-09-15,1386230.0,Adelantos transitorios del BCRA al Gobierno Nacional,Informe Monetario Diario,Saldos,D,En millones de ARS,ML
1225,2020-09-16,1386230.0,Adelantos transitorios del BCRA al Gobierno Nacional,Informe Monetario Diario,Saldos,D,En millones de ARS,ML
1225,2020-09-17,1386230.0,Adelantos transitorios del BCRA al Gobierno Nacional,Informe Monetario Diario,Saldos,D,En millones de ARS,ML
1225,2020-09-18,1386230.0,Adelantos transitorios del BCRA al Gobierno Nacional,Informe Monetario Diario,Saldos,D,En millones de ARS,ML
1225,2020-09-21,1386230.0,Adelantos transitorios del BCRA al Gobierno Nacional,Informe Monetario Diario,Saldos,D,En millones de ARS,ML
1225,2020-09-22,1386230.0,Adelantos transitorios del BCRA al Gobierno Nacional,Informe Monetario Diario,Saldos,D,En millones de ARS,ML
1225,2020-09-23,1386230.0,Adelantos transitorios del BCRA al Gobierno Nacional,Informe Monetario Diario,Saldos,D,En millones de ARS,ML
1225,2020-09-24,1386230.0,Adelantos transitorios del BCRA al Gobierno Nacional,Informe Monetario Diario,Saldos,D,En millones de ARS,ML
1225,2020-09-25,1386230.0,Adelantos transitorios del BCRA al Gobierno Nacional,Informe Monetario Diario,Saldos,D,En millones de ARS,ML
1225,2020-09-28,1386230.0,Adelantos transitorios del BCRA al Gobierno Nacional,Informe Monetario Diario,Saldos,D,En millones de ARS,ML
1225,2020-09-29,1386230.0,Adelantos transitorios del BCRA al Gobierno Nacional,Informe Monetario Diario,Saldos,D,En millones de ARS,ML
1225,2020-09-30,1386230.0,Adelantos transitorios del BCRA al Gobierno Nacional,Informe Monetario Diario,Saldos,D,En millones de ARS,ML
1225,2020-10-01,1386230.0,Adelantos transitorios del BCRA al Gobierno Nacional,Informe Monetario Diario,Saldos,D,En millones de ARS,ML
1225,2020-10-02,1386230.0,Adelantos transitorios del BCRA al Gobierno Nacional,Informe Monetario Diario,Saldos,D,En millones de ARS,ML
1225,2020-10-05,1386230.0,Adelantos transitorios del BCRA al Gobierno Nacional,Informe Monetario Diario,Saldos,D,En millones de ARS,ML
1225,2020-10-06,1386230.0,Adelantos transitorios del BCRA al Gobierno Nacional,Informe Monetario Diario,Saldos,D,En millones de ARS,ML
1225,2020-10-07,1386230.0,Adelantos transitorios del BCRA al Gobierno Nacional,Informe Monetario Diario,Saldos,D,En millones de ARS,ML
1225,2020-10-08,1386230.0,Adelantos transitorios del BCRA al Gobierno Nacional,Informe Monetario Diario,Saldos,D,En millones de ARS,ML
1225,2020-10-09,1384180.0,Adelantos transitorios del BCRA al Gobierno Nacional,Informe Monetario Diario,Saldos,D,En millones de ARS,ML
1225,2020-10-13,1384180.0,Adelantos transitorios del BCRA al Gobierno Nacional,Informe Monetario Diario,Saldos,D,En millones de ARS,ML
1225,2020-10-14,1384180.0,Adelantos transitorios del BCRA al Gobierno Nacional,Informe Monetario Diario,Saldos,D,En millones de ARS,ML
1225,2020-10-15,1384180.0,Adelantos transitorios del BCRA al Gobierno Nacional,Informe Monetario Diario,Saldos,D,En millones de ARS,ML
1225,2020-10-16,1378150.0,Adelantos transitorios del BCRA al Gobierno Nacional,Informe Monetario Diario,Saldos,D,En millones de ARS,ML
1225,2020-10-19,1378150.0,Adelantos transitorios del BCRA al Gobierno Nacional,Informe Monetario Diario,Saldos,D,En millones de ARS,ML
1225,2020-10-20,1378150.0,Adelantos transitorios del BCRA al Gobierno Nacional,Informe Monetario Diario,Saldos,D,En millones de ARS,ML
1225,2020-10-21,1378150.0,Adelantos transitorios del BCRA al Gobierno Nacional,Informe Monetario Diario,Saldos,D,En millones de ARS,ML
1225,2020-10-22,1378150.0,Adelantos transitorios del BCRA al Gobierno Nacional,Informe Monetario Diario,Saldos,D,En millones de ARS,ML
1225,2020-10-23,1361450.0,Adelantos transitorios del BCRA al Gobierno Nacional,Informe Monetario Diario,Saldos,D,En millones de ARS,ML
1225,2020-10-26,1361450.0,Adelantos transitorios del BCRA al Gobierno Nacional,Informe Monetario Diario,Saldos,D,En millones de ARS,ML
1225,2020-10-27,1361450.0,Adelantos transitorios del BCRA al Gobierno Nacional,Informe Monetario Diario,Saldos,D,En millones de ARS,ML
1225,2020-10-28,1361450.0,Adelantos transitorios del BCRA al Gobierno Nacional,Informe Monetario Diario,Saldos,D,En millones de ARS,ML
1225,2020-10-29,1361450.0,Adelantos transitorios del BCRA al Gobierno Nacional,Informe Monetario Diario,Saldos,D,En millones de ARS,ML
1225,2020-10-30,1260450.0,Adelantos transitorios del BCRA al Gobierno Nacional,Informe Monetario Diario,Saldos,D,En millones de ARS,ML
1225,2020-11-02,1260450.0,Adelantos transitorios del BCRA al Gobierno Nacional,Informe Monetario Diario,Saldos,D,En millones de ARS,ML
1225,2020-11-03,1260450.0,Adelantos transitorios del BCRA al Gobierno Nacional,Informe Monetario Diario,Saldos,D,En millones de ARS,ML
1225,2020-11-04,1260450.0,Adelantos transitorios del BCRA al Gobierno Nacional,Informe Monetario Diario,Saldos,D,En millones de ARS,ML
1225,2020-11-05,1260450.0,Adelantos transitorios del BCRA al Gobierno Nacional,Informe Monetario Diario,Saldos,D,En millones de ARS,ML
1225,2020-11-09,1260450.0,Adelantos transitorios del BCRA al Gobierno Nacional,Informe Monetario Diario,Saldos,D,En millones de ARS,ML
1225,2020-11-10,1260450.0,Adelantos transitorios del BCRA al Gobierno Nacional,Informe Monetario Diario,Saldos,D,En millones de ARS,ML
1225,2020-11-11,1260450.0,Adelantos transitorios del BCRA al Gobierno Nacional,Informe Monetario Diario,Saldos,D,En millones de ARS,ML
1225,2020-11-12,1260450.0,Adelantos transitorios del BCRA al Gobierno Nacional,Informe Monetario Diario,Saldos,D,En millones de ARS,ML
1225,2020-11-13,1260450.0,Adelantos transitorios del BCRA al Gobierno Nacional,Informe Monetario Diario,Saldos,D,En millones de ARS,ML
1225,2020-11-16,1260450.0,Adelantos transitorios del BCRA al Gobierno Nacional,Informe Monetario Diario,Saldos,D,En millones de ARS,ML
1225,2020-11-17,1260450.0,Adelantos transitorios del BCRA al Gobierno Nacional,Informe Monetario Diario,Saldos,D,En millones de ARS,ML
1225,2020-11-18,1260450.0,Adelantos transitorios del BCRA al Gobierno Nacional,Informe Monetario Diario,Saldos,D,En millones de ARS,ML
1225,2020-11-19,1260450.0,Adelantos transitorios del BCRA al Gobierno Nacional,Informe Monetario Diario,Saldos,D,En millones de ARS,ML
1225,2020-11-20,1260450.0,Adelantos transitorios del BCRA al Gobierno Nacional,Informe Monetario Diario,Saldos,D,En millones de ARS,ML
1225,2020-11-24,1260450.0,Adelantos transitorios del BCRA al Gobierno Nacional,Informe Monetario Diario,Saldos,D,En millones de ARS,ML
1225,2020-11-25,1260450.0,Adelantos transitorios del BCRA al Gobierno Nacional,Informe Monetario Diario,Saldos,D,En millones de ARS,ML
1225,2020-11-26,1260450.0,Adelantos transitorios del BCRA al Gobierno Nacional,Informe Monetario Diario,Saldos,D,En millones de ARS,ML
1225,2020-11-27,1260450.0,Adelantos transitorios del BCRA al Gobierno Nacional,Informe Monetario Diario,Saldos,D,En millones de ARS,ML
1225,2020-11-30,1260450.0,Adelantos transitorios del BCRA al Gobierno Nacional,Informe Monetario Diario,Saldos,D,En millones de ARS,ML
1225,2020-12-01,1260450.0,Adelantos transitorios del BCRA al Gobierno Nacional,Informe Monetario Diario,Saldos,D,En millones de ARS,ML
1225,2020-12-02,1260450.0,Adelantos transitorios del BCRA al Gobierno Nacional,Informe Monetario Diario,Saldos,D,En millones de ARS,ML
1225,2020-12-03,1260450.0,Adelantos transitorios del BCRA al Gobierno Nacional,Informe Monetario Diario,Saldos,D,En millones de ARS,ML
1225,2020-12-04,1260450.0,Adelantos transitorios del BCRA al Gobierno Nacional,Informe Monetario Diario,Saldos,D,En millones de ARS,ML
1225,2020-12-09,1260450.0,Adelantos transitorios del BCRA al Gobierno Nacional,Informe Monetario Diario,Saldos,D,En millones de ARS,ML
1225,2020-12-10,1260450.0,Adelantos transitorios del BCRA al Gobierno Nacional,Informe Monetario Diario,Saldos,D,En millones de ARS,ML
1225,2020-12-11,1260450.0,Adelantos transitorios del BCRA al Gobierno Nacional,Informe Monetario Diario,Saldos,D,En millones de ARS,ML
1225,2020-12-14,1260450.0,Adelantos transitorios del BCRA al Gobierno Nacional,Informe Monetario Diario,Saldos,D,En millones de ARS,ML
1225,2020-12-15,1260450.0,Adelantos transitorios del BCRA al Gobierno Nacional,Informe Monetario Diario,Saldos,D,En millones de ARS,ML
1225,2020-12-16,1260450.0,Adelantos transitorios del BCRA al Gobierno Nacional,Informe Monetario Diario,Saldos,D,En millones de ARS,ML
1225,2020-12-17,1260450.0,Adelantos transitorios del BCRA al Gobierno Nacional,Informe Monetario Diario,Saldos,D,En millones de ARS,ML
1225,2020-12-18,1260450.0,Adelantos transitorios del BCRA al Gobierno Nacional,Informe Monetario Diario,Saldos,D,En millones de ARS,ML
1225,2020-12-21,1260450.0,Adelantos transitorios del BCRA al Gobierno Nacional,Informe Monetario Diario,Saldos,D,En millones de ARS,ML
1225,2020-12-22,1260450.0,Adelantos transitorios del BCRA al Gobierno Nacional,Informe Monetario Diario,Saldos,D,En millones de ARS,ML
1225,2020-12-23,1260450.0,Adelantos transitorios del BCRA al Gobierno Nacional,Informe Monetario Diario,Saldos,D,En millones de ARS,ML
1225,2020-12-28,1260450.0,Adelantos transitorios del BCRA al Gobierno Nacional,Informe Monetario Diario,Saldos,D,En millones de ARS,ML
1225,2020-12-29,1260450.0,Adelantos transitorios del BCRA al Gobierno Nacional,Informe Monetario Diario,Saldos,D,En millones de ARS,ML
1225,2020-12-30,1260450.0,Adelantos transitorios del BCRA al Gobierno Nacional,Informe Monetario Diario,Saldos,D,En millones de ARS,ML
1225,2021-01-04,1260450.0,Adelantos transitorios del BCRA al Gobierno Nacional,Informe Monetario Diario,Saldos,D,En millones de ARS,ML
1225,2021-01-05,1260450.0,Adelantos transitorios del BCRA al Gobierno Nacional,Informe Monetario Diario,Saldos,D,En millones de ARS,ML
1225,2021-01-06,1260450.0,Adelantos transitorios del BCRA al Gobierno Nacional,Informe Monetario Diario,Saldos,D,En millones de ARS,ML
1225,2021-01-07,1260450.0,Adelantos transitorios del BCRA al Gobierno Nacional,Informe Monetario Diario,Saldos,D,En millones de ARS,ML
1225,2021-01-08,1260450.0,Adelantos transitorios del BCRA al Gobierno Nacional,Informe Monetario Diario,Saldos,D,En millones de ARS,ML
1225,2021-01-11,1260450.0,Adelantos transitorios del BCRA al Gobierno Nacional,Informe Monetario Diario,Saldos,D,En millones de ARS,ML
1225,2021-01-12,1260450.0,Adelantos transitorios del BCRA al Gobierno Nacional,Informe Monetario Diario,Saldos,D,En millones de ARS,ML
1225,2021-01-13,1260450.0,Adelantos transitorios del BCRA al Gobierno Nacional,Informe Monetario Diario,Saldos,D,En millones de ARS,ML
1225,2021-01-14,1260450.0,Adelantos transitorios del BCRA al Gobierno Nacional,Informe Monetario Diario,Saldos,D,En millones de ARS,ML
1225,2021-01-15,1260450.0,Adelantos transitorios del BCRA al Gobierno Nacional,Informe Monetario Diario,Saldos,D,En millones de ARS,ML
1225,2021-01-18,1260450.0,Adelantos transitorios del BCRA al Gobierno Nacional,Informe Monetario Diario,Saldos,D,En millones de ARS,ML
1225,2021-01-19,1260450.0,Adelantos transitorios del BCRA al Gobierno Nacional,Informe Monetario Diario,Saldos,D,En millones de ARS,ML
1225,2021-01-20,1260450.0,Adelantos transitorios del BCRA al Gobierno Nacional,Informe Monetario Diario,Saldos,D,En millones de ARS,ML
1225,2021-01-21,1260450.0,Adelantos transitorios del BCRA al Gobierno Nacional,Informe Monetario Diario,Saldos,D,En millones de ARS,ML
1225,2021-01-22,1260450.0,Adelantos transitorios del BCRA al Gobierno Nacional,Informe Monetario Diario,Saldos,D,En millones de ARS,ML
1225,2021-01-25,1260450.0,Adelantos transitorios del BCRA al Gobierno Nacional,Informe Monetario Diario,Saldos,D,En millones de ARS,ML
1225,2021-01-26,1260450.0,Adelantos transitorios del BCRA al Gobierno Nacional,Informe Monetario Diario,Saldos,D,En millones de ARS,ML
1225,2021-01-27,1260450.0,Adelantos transitorios del BCRA al Gobierno Nacional,Informe Monetario Diario,Saldos,D,En millones de ARS,ML
1225,2021-01-28,1260450.0,Adelantos transitorios del BCRA al Gobierno Nacional,Informe Monetario Diario,Saldos,D,En millones de ARS,ML
1225,2021-01-29,1260450.0,Adelantos transitorios del BCRA al Gobierno Nacional,Informe Monetario Diario,Saldos,D,En millones de ARS,ML
1225,2021-02-01,1260450.0,Adelantos transitorios del BCRA al Gobierno Nacional,Informe Monetario Diario,Saldos,D,En millones de ARS,ML
1225,2021-02-02,1260450.0,Adelantos transitorios del BCRA al Gobierno Nacional,Informe Monetario Diario,Saldos,D,En millones de ARS,ML
1225,2021-02-03,1260450.0,Adelantos transitorios del BCRA al Gobierno Nacional,Informe Monetario Diario,Saldos,D,En millones de ARS,ML
1225,2021-02-04,1260450.0,Adelantos transitorios del BCRA al Gobierno Nacional,Informe Monetario Diario,Saldos,D,En millones de ARS,ML
1225,2021-02-05,1260450.0,Adelantos transitorios del BCRA al Gobierno Nacional,Informe Monetario Diario,Saldos,D,En millones de ARS,ML
1225,2021-02-08,1260450.0,Adelantos transitorios del BCRA al Gobierno Nacional,Informe Monetario Diario,Saldos,D,En millones de ARS,ML
1225,2021-02-09,1260450.0,Adelantos transitorios del BCRA al Gobierno Nacional,Informe Monetario Diario,Saldos,D,En millones de ARS,ML
1225,2021-02-10,1260450.0,Adelantos transitorios del BCRA al Gobierno Nacional,Informe Monetario Diario,Saldos,D,En millones de ARS,ML
1225,2021-02-11,1260450.0,Adelantos transitorios del BCRA al Gobierno Nacional,Informe Monetario Diario,Saldos,D,En millones de ARS,ML
1225,2021-02-12,1260450.0,Adelantos transitorios del BCRA al Gobierno Nacional,Informe Monetario Diario,Saldos,D,En millones de ARS,ML
1225,2021-02-17,1260450.0,Adelantos transitorios del BCRA al Gobierno Nacional,Informe Monetario Diario,Saldos,D,En millones de ARS,ML
1225,2021-02-18,1260450.0,Adelantos transitorios del BCRA al Gobierno Nacional,Informe Monetario Diario,Saldos,D,En millones de ARS,ML
1225,2021-02-19,1260450.0,Adelantos transitorios del BCRA al Gobierno Nacional,Informe Monetario Diario,Saldos,D,En millones de ARS,ML
1225,2021-02-22,1260450.0,Adelantos transitorios del BCRA al Gobierno Nacional,Informe Monetario Diario,Saldos,D,En millones de ARS,ML
1225,2021-02-23,1260450.0,Adelantos transitorios del BCRA al Gobierno Nacional,Informe Monetario Diario,Saldos,D,En millones de ARS,ML
1225,2021-02-24,1260450.0,Adelantos transitorios del BCRA al Gobierno Nacional,Informe Monetario Diario,Saldos,D,En millones de ARS,ML
1225,2021-02-25,1260450.0,Adelantos transitorios del BCRA al Gobierno Nacional,Informe Monetario Diario,Saldos,D,En millones de ARS,ML
1225,2021-02-26,1260450.0,Adelantos transitorios del BCRA al Gobierno Nacional,Informe Monetario Diario,Saldos,D,En millones de ARS,ML
1225,2021-03-01,1260450.0,Adelantos transitorios del BCRA al Gobierno Nacional,Informe Monetario Diario,Saldos,D,En millones de ARS,ML
1225,2021-03-02,1260450.0,Adelantos transitorios del BCRA al Gobierno Nacional,Informe Monetario Diario,Saldos,D,En millones de ARS,ML
1225,2021-03-03,1260450.0,Adelantos transitorios del BCRA al Gobierno Nacional,Informe Monetario Diario,Saldos,D,En millones de ARS,ML
1225,2021-03-04,1260450.0,Adelantos transitorios del BCRA al Gobierno Nacional,Informe Monetario Diario,Saldos,D,En millones de ARS,ML
1225,2021-03-05,1330450.0,Adelantos transitorios del BCRA al Gobierno Nacional,Informe Monetario Diario,Saldos,D,En millones de ARS,ML
1225,2021-03-08,1330450.0,Adelantos transitorios del BCRA al Gobierno Nacional,Informe Monetario Diario,Saldos,D,En millones de ARS,ML
1225,2021-03-09,1330450.0,Adelantos transitorios del BCRA al Gobierno Nacional,Informe Monetario Diario,Saldos,D,En millones de ARS,ML
1225,2021-03-10,1330450.0,Adelantos transitorios del BCRA al Gobierno Nacional,Informe Monetario Diario,Saldos,D,En millones de ARS,ML
1225,2021-03-11,1330450.0,Adelantos transitorios del BCRA al Gobierno Nacional,Informe Monetario Diario,Saldos,D,En millones de ARS,ML
1225,2021-03-12,1330450.0,Adelantos transitorios del BCRA al Gobierno Nacional,Informe Monetario Diario,Saldos,D,En millones de ARS,ML
1225,2021-03-15,1330450.0,Adelantos transitorios del BCRA al Gobierno Nacional,Informe Monetario Diario,Saldos,D,En millones de ARS,ML
1225,2021-03-16,1330450.0,Adelantos transitorios del BCRA al Gobierno Nacional,Informe Monetario Diario,Saldos,D,En millones de ARS,ML
1225,2021-03-17,1330450.0,Adelantos transitorios del BCRA al Gobierno Nacional,Informe Monetario Diario,Saldos,D,En millones de ARS,ML
1225,2021-03-18,1330450.0,Adelantos transitorios del BCRA al Gobierno Nacional,Informe Monetario Diario,Saldos,D,En millones de ARS,ML
1225,2021-03-19,1330450.0,Adelantos transitorios del BCRA al Gobierno Nacional,Informe Monetario Diario,Saldos,D,En millones de ARS,ML
1225,2021-03-22,1330450.0,Adelantos transitorios del BCRA al Gobierno Nacional,Informe Monetario Diario,Saldos,D,En millones de ARS,ML
1225,2021-03-23,1330450.0,Adelantos transitorios del BCRA al Gobierno Nacional,Informe Monetario Diario,Saldos,D,En millones de ARS,ML
1225,2021-03-25,1330450.0,Adelantos transitorios del BCRA al Gobierno Nacional,Informe Monetario Diario,Saldos,D,En millones de ARS,ML
1225,2021-03-26,1330450.0,Adelantos transitorios del BCRA al Gobierno Nacional,Informe Monetario Diario,Saldos,D,En millones de ARS,ML
1225,2021-03-29,1330450.0,Adelantos transitorios del BCRA al Gobierno Nacional,Informe Monetario Diario,Saldos,D,En millones de ARS,ML
1225,2021-03-30,1330450.0,Adelantos transitorios del BCRA al Gobierno Nacional,Informe Monetario Diario,Saldos,D,En millones de ARS,ML
1225,2021-03-31,1395450.0,Adelantos transitorios del BCRA al Gobierno Nacional,Informe Monetario Diario,Saldos,D,En millones de ARS,ML
1225,2021-04-05,1395450.0,Adelantos transitorios del BCRA al Gobierno Nacional,Informe Monetario Diario,Saldos,D,En millones de ARS,ML
1225,2021-04-06,1395450.0,Adelantos transitorios del BCRA al Gobierno Nacional,Informe Monetario Diario,Saldos,D,En millones de ARS,ML
1225,2021-04-07,1395450.0,Adelantos transitorios del BCRA al Gobierno Nacional,Informe Monetario Diario,Saldos,D,En millones de ARS,ML
1225,2021-04-08,1395450.0,Adelantos transitorios del BCRA al Gobierno Nacional,Informe Monetario Diario,Saldos,D,En millones de ARS,ML
1225,2021-04-09,1395450.0,Adelantos transitorios del BCRA al Gobierno Nacional,Informe Monetario Diario,Saldos,D,En millones de ARS,ML
1225,2021-04-12,1395450.0,Adelantos transitorios del BCRA al Gobierno Nacional,Informe Monetario Diario,Saldos,D,En millones de ARS,ML
1225,2021-04-13,1395450.0,Adelantos transitorios del BCRA al Gobierno Nacional,Informe Monetario Diario,Saldos,D,En millones de ARS,ML
1225,2021-04-14,1395450.0,Adelantos transitorios del BCRA al Gobierno Nacional,Informe Monetario Diario,Saldos,D,En millones de ARS,ML
1225,2021-04-15,1395450.0,Adelantos transitorios del BCRA al Gobierno Nacional,Informe Monetario Diario,Saldos,D,En millones de ARS,ML
1225,2021-04-16,1395450.0,Adelantos transitorios del BCRA al Gobierno Nacional,Informe Monetario Diario,Saldos,D,En millones de ARS,ML
1225,2021-04-19,1395450.0,Adelantos transitorios del BCRA al Gobierno Nacional,Informe Monetario Diario,Saldos,D,En millones de ARS,ML
1225,2021-04-20,1395450.0,Adelantos transitorios del BCRA al Gobierno Nacional,Informe Monetario Diario,Saldos,D,En millones de ARS,ML
1225,2021-04-21,1395450.0,Adelantos transitorios del BCRA al Gobierno Nacional,Informe Monetario Diario,Saldos,D,En millones de ARS,ML
1225,2021-04-22,1450450.0,Adelantos transitorios del BCRA al Gobierno Nacional,Informe Monetario Diario,Saldos,D,En millones de ARS,ML
1225,2021-04-23,1450450.0,Adelantos transitorios del BCRA al Gobierno Nacional,Informe Monetario Diario,Saldos,D,En millones de ARS,ML
1225,2021-04-26,1450450.0,Adelantos transitorios del BCRA al Gobierno Nacional,Informe Monetario Diario,Saldos,D,En millones de ARS,ML
1225,2021-04-27,1450450.0,Adelantos transitorios del BCRA al Gobierno Nacional,Informe Monetario Diario,Saldos,D,En millones de ARS,ML
1225,2021-04-28,1450450.0,Adelantos transitorios del BCRA al Gobierno Nacional,Informe Monetario Diario,Saldos,D,En millones de ARS,ML
1225,2021-04-29,1450450.0,Adelantos transitorios del BCRA al Gobierno Nacional,Informe Monetario Diario,Saldos,D,En millones de ARS,ML
1225,2021-04-30,1450450.0,Adelantos transitorios del BCRA al Gobierno Nacional,Informe Monetario Diario,Saldos,D,En millones de ARS,ML
1225,2021-05-03,1450450.0,Adelantos transitorios del BCRA al Gobierno Nacional,Informe Monetario Diario,Saldos,D,En millones de ARS,ML
1225,2021-05-04,1450450.0,Adelantos transitorios del BCRA al Gobierno Nacional,Informe Monetario Diario,Saldos,D,En millones de ARS,ML
1225,2021-05-05,1450450.0,Adelantos transitorios del BCRA al Gobierno Nacional,Informe Monetario Diario,Saldos,D,En millones de ARS,ML
1225,2021-05-06,1450450.0,Adelantos transitorios del BCRA al Gobierno Nacional,Informe Monetario Diario,Saldos,D,En millones de ARS,ML
1225,2021-05-07,1450450.0,Adelantos transitorios del BCRA al Gobierno Nacional,Informe Monetario Diario,Saldos,D,En millones de ARS,ML
1225,2021-05-10,1450450.0,Adelantos transitorios del BCRA al Gobierno Nacional,Informe Monetario Diario,Saldos,D,En millones de ARS,ML
1225,2021-05-11,1450450.0,Adelantos transitorios del BCRA al Gobierno Nacional,Informe Monetario Diario,Saldos,D,En millones de ARS,ML
1225,2021-05-12,1450450.0,Adelantos transitorios del BCRA al Gobierno Nacional,Informe Monetario Diario,Saldos,D,En millones de ARS,ML
1225,2021-05-13,1450450.0,Adelantos transitorios del BCRA al Gobierno Nacional,Informe Monetario Diario,Saldos,D,En millones de ARS,ML
1225,2021-05-14,1450450.0,Adelantos transitorios del BCRA al Gobierno Nacional,Informe Monetario Diario,Saldos,D,En millones de ARS,ML
1225,2021-05-17,1450450.0,Adelantos transitorios del BCRA al Gobierno Nacional,Informe Monetario Diario,Saldos,D,En millones de ARS,ML
1225,2021-05-18,1450450.0,Adelantos transitorios del BCRA al Gobierno Nacional,Informe Monetario Diario,Saldos,D,En millones de ARS,ML
1225,2021-05-19,1450450.0,Adelantos transitorios del BCRA al Gobierno Nacional,Informe Monetario Diario,Saldos,D,En millones de ARS,ML
1225,2021-05-20,1450450.0,Adelantos transitorios del BCRA al Gobierno Nacional,Informe Monetario Diario,Saldos,D,En millones de ARS,ML
1225,2021-05-21,1450450.0,Adelantos transitorios del BCRA al Gobierno Nacional,Informe Monetario Diario,Saldos,D,En millones de ARS,ML
1225,2021-05-26,1450450.0,Adelantos transitorios del BCRA al Gobierno Nacional,Informe Monetario Diario,Saldos,D,En millones de ARS,ML
1225,2021-05-27,1450450.0,Adelantos transitorios del BCRA al Gobierno Nacional,Informe Monetario Diario,Saldos,D,En millones de ARS,ML
1225,2021-05-28,1450450.0,Adelantos transitorios del BCRA al Gobierno Nacional,Informe Monetario Diario,Saldos,D,En millones de ARS,ML
1225,2021-05-31,1450450.0,Adelantos transitorios del BCRA al Gobierno Nacional,Informe Monetario Diario,Saldos,D,En millones de ARS,ML
1225,2021-06-01,1450450.0,Adelantos transitorios del BCRA al Gobierno Nacional,Informe Monetario Diario,Saldos,D,En millones de ARS,ML
1225,2021-06-02,1450450.0,Adelantos transitorios del BCRA al Gobierno Nacional,Informe Monetario Diario,Saldos,D,En millones de ARS,ML
1225,2021-06-03,1450450.0,Adelantos transitorios del BCRA al Gobierno Nacional,Informe Monetario Diario,Saldos,D,En millones de ARS,ML
1225,2021-06-04,1450450.0,Adelantos transitorios del BCRA al Gobierno Nacional,Informe Monetario Diario,Saldos,D,En millones de ARS,ML
1225,2021-06-07,1450450.0,Adelantos transitorios del BCRA al Gobierno Nacional,Informe Monetario Diario,Saldos,D,En millones de ARS,ML
1225,2021-06-08,1450450.0,Adelantos transitorios del BCRA al Gobierno Nacional,Informe Monetario Diario,Saldos,D,En millones de ARS,ML
1225,2021-06-09,1450450.0,Adelantos transitorios del BCRA al Gobierno Nacional,Informe Monetario Diario,Saldos,D,En millones de ARS,ML
1225,2021-06-10,1450450.0,Adelantos transitorios del BCRA al Gobierno Nacional,Informe Monetario Diario,Saldos,D,En millones de ARS,ML
1225,2021-06-11,1448250.0,Adelantos transitorios del BCRA al Gobierno Nacional,Informe Monetario Diario,Saldos,D,En millones de ARS,ML
1225,2021-06-14,1448250.0,Adelantos transitorios del BCRA al Gobierno Nacional,Informe Monetario Diario,Saldos,D,En millones de ARS,ML
1225,2021-06-15,1448250.0,Adelantos transitorios del BCRA al Gobierno Nacional,Informe Monetario Diario,Saldos,D,En millones de ARS,ML
1225,2021-06-16,1448250.0,Adelantos transitorios del BCRA al Gobierno Nacional,Informe Monetario Diario,Saldos,D,En millones de ARS,ML
1225,2021-06-17,1448250.0,Adelantos transitorios del BCRA al Gobierno Nacional,Informe Monetario Diario,Saldos,D,En millones de ARS,ML
1225,2021-06-18,1450450.0,Adelantos transitorios del BCRA al Gobierno Nacional,Informe Monetario Diario,Saldos,D,En millones de ARS,ML
1225,2021-06-22,1450450.0,Adelantos transitorios del BCRA al Gobierno Nacional,Informe Monetario Diario,Saldos,D,En millones de ARS,ML
1225,2021-06-23,1450450.0,Adelantos transitorios del BCRA al Gobierno Nacional,Informe Monetario Diario,Saldos,D,En millones de ARS,ML
1225,2021-06-24,1450450.0,Adelantos transitorios del BCRA al Gobierno Nacional,Informe Monetario Diario,Saldos,D,En millones de ARS,ML
1225,2021-06-25,1450450.0,Adelantos transitorios del BCRA al Gobierno Nacional,Informe Monetario Diario,Saldos,D,En millones de ARS,ML
1225,2021-06-28,1450450.0,Adelantos transitorios del BCRA al Gobierno Nacional,Informe Monetario Diario,Saldos,D,En millones de ARS,ML
1225,2021-06-29,1450450.0,Adelantos transitorios del BCRA al Gobierno Nacional,Informe Monetario Diario,Saldos,D,En millones de ARS,ML
1225,2021-06-30,1450450.0,Adelantos transitorios del BCRA al Gobierno Nacional,Informe Monetario Diario,Saldos,D,En millones de ARS,ML
1225,2021-07-01,1450450.0,Adelantos transitorios del BCRA al Gobierno Nacional,Informe Monetario Diario,Saldos,D,En millones de ARS,ML
1225,2021-07-02,1450450.0,Adelantos transitorios del BCRA al Gobierno Nacional,Informe Monetario Diario,Saldos,D,En millones de ARS,ML
1225,2021-07-05,1450450.0,Adelantos transitorios del BCRA al Gobierno Nacional,Informe Monetario Diario,Saldos,D,En millones de ARS,ML
1225,2021-07-06,1450450.0,Adelantos transitorios del BCRA al Gobierno Nacional,Informe Monetario Diario,Saldos,D,En millones de ARS,ML
1225,2021-07-07,1450450.0,Adelantos transitorios del BCRA al Gobierno Nacional,Informe Monetario Diario,Saldos,D,En millones de ARS,ML
1225,2021-07-08,1450450.0,Adelantos transitorios del BCRA al Gobierno Nacional,Informe Monetario Diario,Saldos,D,En millones de ARS,ML
1225,2021-07-12,1450450.0,Adelantos transitorios del BCRA al Gobierno Nacional,Informe Monetario Diario,Saldos,D,En millones de ARS,ML
1225,2021-07-13,1450450.0,Adelantos transitorios del BCRA al Gobierno Nacional,Informe Monetario Diario,Saldos,D,En millones de ARS,ML
1225,2021-07-14,1450450.0,Adelantos transitorios del BCRA al Gobierno Nacional,Informe Monetario Diario,Saldos,D,En millones de ARS,ML
1225,2021-07-15,1450450.0,Adelantos transitorios del BCRA al Gobierno Nacional,Informe Monetario Diario,Saldos,D,En millones de ARS,ML
1225,2021-07-16,1450450.0,Adelantos transitorios del BCRA al Gobierno Nacional,Informe Monetario Diario,Saldos,D,En millones de ARS,ML
1225,2021-07-19,1450450.0,Adelantos transitorios del BCRA al Gobierno Nacional,Informe Monetario Diario,Saldos,D,En millones de ARS,ML
1225,2021-07-20,1450450.0,Adelantos transitorios del BCRA al Gobierno Nacional,Informe Monetario Diario,Saldos,D,En millones de ARS,ML
1225,2021-07-21,1450450.0,Adelantos transitorios del BCRA al Gobierno Nacional,Informe Monetario Diario,Saldos,D,En millones de ARS,ML
1225,2021-07-22,1450450.0,Adelantos transitorios del BCRA al Gobierno Nacional,Informe Monetario Diario,Saldos,D,En millones de ARS,ML
1225,2021-07-23,1450450.0,Adelantos transitorios del BCRA al Gobierno Nacional,Informe Monetario Diario,Saldos,D,En millones de ARS,ML
1225,2021-07-26,1450450.0,Adelantos transitorios del BCRA al Gobierno Nacional,Informe Monetario Diario,Saldos,D,En millones de ARS,ML
1225,2021-07-27,1450450.0,Adelantos transitorios del BCRA al Gobierno Nacional,Informe Monetario Diario,Saldos,D,En millones de ARS,ML
1225,2021-07-28,1450450.0,Adelantos transitorios del BCRA al Gobierno Nacional,Informe Monetario Diario,Saldos,D,En millones de ARS,ML
1225,2021-07-29,1450450.0,Adelantos transitorios del BCRA al Gobierno Nacional,Informe Monetario Diario,Saldos,D,En millones de ARS,ML
1225,2021-07-30,1450450.0,Adelantos transitorios del BCRA al Gobierno Nacional,Informe Monetario Diario,Saldos,D,En millones de ARS,ML
1225,2021-08-02,1450450.0,Adelantos transitorios del BCRA al Gobierno Nacional,Informe Monetario Diario,Saldos,D,En millones de ARS,ML
1225,2021-08-03,1450450.0,Adelantos transitorios del BCRA al Gobierno Nacional,Informe Monetario Diario,Saldos,D,En millones de ARS,ML
1225,2021-08-04,1450450.0,Adelantos transitorios del BCRA al Gobierno Nacional,Informe Monetario Diario,Saldos,D,En millones de ARS,ML
1225,2021-08-05,1450450.0,Adelantos transitorios del BCRA al Gobierno Nacional,Informe Monetario Diario,Saldos,D,En millones de ARS,ML
1225,2021-08-06,1450450.0,Adelantos transitorios del BCRA al Gobierno Nacional,Informe Monetario Diario,Saldos,D,En millones de ARS,ML
1225,2021-08-09,1450450.0,Adelantos transitorios del BCRA al Gobierno Nacional,Informe Monetario Diario,Saldos,D,En millones de ARS,ML
1225,2021-08-10,1450450.0,Adelantos transitorios del BCRA al Gobierno Nacional,Informe Monetario Diario,Saldos,D,En millones de ARS,ML
1225,2021-08-11,1450450.0,Adelantos transitorios del BCRA al Gobierno Nacional,Informe Monetario Diario,Saldos,D,En millones de ARS,ML
1225,2021-08-12,1450450.0,Adelantos transitorios del BCRA al Gobierno Nacional,Informe Monetario Diario,Saldos,D,En millones de ARS,ML
1225,2021-08-13,1450450.0,Adelantos transitorios del BCRA al Gobierno Nacional,Informe Monetario Diario,Saldos,D,En millones de ARS,ML
1225,2021-08-17,1450450.0,Adelantos transitorios del BCRA al Gobierno Nacional,Informe Monetario Diario,Saldos,D,En millones de ARS,ML
1225,2021-08-18,1450450.0,Adelantos transitorios del BCRA al Gobierno Nacional,Informe Monetario Diario,Saldos,D,En millones de ARS,ML
1225,2021-08-19,1450450.0,Adelantos transitorios del BCRA al Gobierno Nacional,Informe Monetario Diario,Saldos,D,En millones de ARS,ML
1225,2021-08-20,1450450.0,Adelantos transitorios del BCRA al Gobierno Nacional,Informe Monetario Diario,Saldos,D,En millones de ARS,ML
1225,2021-08-23,1450450.0,Adelantos transitorios del BCRA al Gobierno Nacional,Informe Monetario Diario,Saldos,D,En millones de ARS,ML
1225,2021-08-24,1450450.0,Adelantos transitorios del BCRA al Gobierno Nacional,Informe Monetario Diario,Saldos,D,En millones de ARS,ML
1225,2021-08-25,1450450.0,Adelantos transitorios del BCRA al Gobierno Nacional,Informe Monetario Diario,Saldos,D,En millones de ARS,ML
1225,2021-08-26,1450450.0,Adelantos transitorios del BCRA al Gobierno Nacional,Informe Monetario Diario,Saldos,D,En millones de ARS,ML
1225,2021-08-27,1450450.0,Adelantos transitorios del BCRA al Gobierno Nacional,Informe Monetario Diario,Saldos,D,En millones de ARS,ML
1225,2021-08-30,1450450.0,Adelantos transitorios del BCRA al Gobierno Nacional,Informe Monetario Diario,Saldos,D,En millones de ARS,ML
1225,2021-08-31,1450450.0,Adelantos transitorios del BCRA al Gobierno Nacional,Informe Monetario Diario,Saldos,D,En millones de ARS,ML
1225,2021-09-01,1450450.0,Adelantos transitorios del BCRA al Gobierno Nacional,Informe Monetario Diario,Saldos,D,En millones de ARS,ML
1225,2021-09-02,1450450.0,Adelantos transitorios del BCRA al Gobierno Nacional,Informe Monetario Diario,Saldos,D,En millones de ARS,ML
1225,2021-09-03,1450450.0,Adelantos transitorios del BCRA al Gobierno Nacional,Informe Monetario Diario,Saldos,D,En millones de ARS,ML
1225,2021-09-06,1450450.0,Adelantos transitorios del BCRA al Gobierno Nacional,Informe Monetario Diario,Saldos,D,En millones de ARS,ML
1225,2021-09-07,1450450.0,Adelantos transitorios del BCRA al Gobierno Nacional,Informe Monetario Diario,Saldos,D,En millones de ARS,ML
1225,2021-09-08,1450450.0,Adelantos transitorios del BCRA al Gobierno Nacional,Informe Monetario Diario,Saldos,D,En millones de ARS,ML
1225,2021-09-09,1450450.0,Adelantos transitorios del BCRA al Gobierno Nacional,Informe Monetario Diario,Saldos,D,En millones de ARS,ML
1225,2021-09-10,1450450.0,Adelantos transitorios del BCRA al Gobierno Nacional,Informe Monetario Diario,Saldos,D,En millones de ARS,ML
1225,2021-09-13,1450450.0,Adelantos transitorios del BCRA al Gobierno Nacional,Informe Monetario Diario,Saldos,D,En millones de ARS,ML
1225,2021-09-14,1450450.0,Adelantos transitorios del BCRA al Gobierno Nacional,Informe Monetario Diario,Saldos,D,En millones de ARS,ML
1225,2021-09-15,1450450.0,Adelantos transitorios del BCRA al Gobierno Nacional,Informe Monetario Diario,Saldos,D,En millones de ARS,ML
1225,2021-09-16,1450450.0,Adelantos transitorios del BCRA al Gobierno Nacional,Informe Monetario Diario,Saldos,D,En millones de ARS,ML
1225,2021-09-17,1450450.0,Adelantos transitorios del BCRA al Gobierno Nacional,Informe Monetario Diario,Saldos,D,En millones de ARS,ML
1225,2021-09-20,1450450.0,Adelantos transitorios del BCRA al Gobierno Nacional,Informe Monetario Diario,Saldos,D,En millones de ARS,ML
1225,2021-09-21,1450450.0,Adelantos transitorios del BCRA al Gobierno Nacional,Informe Monetario Diario,Saldos,D,En millones de ARS,ML
1225,2021-09-22,1450450.0,Adelantos transitorios del BCRA al Gobierno Nacional,Informe Monetario Diario,Saldos,D,En millones de ARS,ML
1225,2021-09-23,1023049.3438,Adelantos transitorios del BCRA al Gobierno Nacional,Informe Monetario Diario,Saldos,D,En millones de ARS,ML
1225,2021-09-24,1023049.3438,Adelantos transitorios del BCRA al Gobierno Nacional,Informe Monetario Diario,Saldos,D,En millones de ARS,ML
1225,2021-09-27,1023049.3438,Adelantos transitorios del BCRA al Gobierno Nacional,Informe Monetario Diario,Saldos,D,En millones de ARS,ML
1225,2021-09-28,1023049.3438,Adelantos transitorios del BCRA al Gobierno Nacional,Informe Monetario Diario,Saldos,D,En millones de ARS,ML
1225,2021-09-29,1023049.3438,Adelantos transitorios del BCRA al Gobierno Nacional,Informe Monetario Diario,Saldos,D,En millones de ARS,ML
1225,2021-09-30,1023049.3438,Adelantos transitorios del BCRA al Gobierno Nacional,Informe Monetario Diario,Saldos,D,En millones de ARS,ML
1225,2021-10-01,1173049.3438,Adelantos transitorios del BCRA al Gobierno Nacional,Informe Monetario Diario,Saldos,D,En millones de ARS,ML
1225,2021-10-04,1173049.3438,Adelantos transitorios del BCRA al Gobierno Nacional,Informe Monetario Diario,Saldos,D,En millones de ARS,ML
1225,2021-10-05,1173049.3438,Adelantos transitorios del BCRA al Gobierno Nacional,Informe Monetario Diario,Saldos,D,En millones de ARS,ML
1225,2021-10-06,1173049.3438,Adelantos transitorios del BCRA al Gobierno Nacional,Informe Monetario Diario,Saldos,D,En millones de ARS,ML
1225,2021-10-07,1098049.3438,Adelantos transitorios del BCRA al Gobierno Nacional,Informe Monetario Diario,Saldos,D,En millones de ARS,ML
1225,2021-10-12,1098049.3438,Adelantos transitorios del BCRA al Gobierno Nacional,Informe Monetario Diario,Saldos,D,En millones de ARS,ML
1225,2021-10-13,1098049.3438,Adelantos transitorios del BCRA al Gobierno Nacional,Informe Monetario Diario,Saldos,D,En millones de ARS,ML
1225,2021-10-14,1098049.3438,Adelantos transitorios del BCRA al Gobierno Nacional,Informe Monetario Diario,Saldos,D,En millones de ARS,ML
1225,2021-10-15,1168049.3438,Adelantos transitorios del BCRA al Gobierno Nacional,Informe Monetario Diario,Saldos,D,En millones de ARS,ML
1225,2021-10-18,1168049.3438,Adelantos transitorios del BCRA al Gobierno Nacional,Informe Monetario Diario,Saldos,D,En millones de ARS,ML
1225,2021-10-19,1168049.3438,Adelantos transitorios del BCRA al Gobierno Nacional,Informe Monetario Diario,Saldos,D,En millones de ARS,ML
1225,2021-10-20,1168049.3438,Adelantos transitorios del BCRA al Gobierno Nacional,Informe Monetario Diario,Saldos,D,En millones de ARS,ML
1225,2021-10-21,1168049.3438,Adelantos transitorios del BCRA al Gobierno Nacional,Informe Monetario Diario,Saldos,D,En millones de ARS,ML
1225,2021-10-22,1263049.3438,Adelantos transitorios del BCRA al Gobierno Nacional,Informe Monetario Diario,Saldos,D,En millones de ARS,ML
1225,2021-10-25,1263049.3438,Adelantos transitorios del BCRA al Gobierno Nacional,Informe Monetario Diario,Saldos,D,En millones de ARS,ML
1225,2021-10-26,1263049.3438,Adelantos transitorios del BCRA al Gobierno Nacional,Informe Monetario Diario,Saldos,D,En millones de ARS,ML
1225,2021-10-27,1263049.3438,Adelantos transitorios del BCRA al Gobierno Nacional,Informe Monetario Diario,Saldos,D,En millones de ARS,ML
1225,2021-10-28,1263049.3438,Adelantos transitorios del BCRA al Gobierno Nacional,Informe Monetario Diario,Saldos,D,En millones de ARS,ML
1225,2021-10-29,1358049.3438,Adelantos transitorios del BCRA al Gobierno Nacional,Informe Monetario Diario,Saldos,D,En millones de ARS,ML
1225,2021-11-01,1358049.3438,Adelantos transitorios del BCRA al Gobierno Nacional,Informe Monetario Diario,Saldos,D,En millones de ARS,ML
1225,2021-11-02,1358049.3438,Adelantos transitorios del BCRA al Gobierno Nacional,Informe Monetario Diario,Saldos,D,En millones de ARS,ML
1225,2021-11-03,1358049.3438,Adelantos transitorios del BCRA al Gobierno Nacional,Informe Monetario Diario,Saldos,D,En millones de ARS,ML
1225,2021-11-04,1358049.3438,Adelantos transitorios del BCRA al Gobierno Nacional,Informe Monetario Diario,Saldos,D,En millones de ARS,ML
1225,2021-11-05,1408049.3438,Adelantos transitorios del BCRA al Gobierno Nacional,Informe Monetario Diario,Saldos,D,En millones de ARS,ML
1225,2021-11-08,1408049.3438,Adelantos transitorios del BCRA al Gobierno Nacional,Informe Monetario Diario,Saldos,D,En millones de ARS,ML
1225,2021-11-09,1408049.3438,Adelantos transitorios del BCRA al Gobierno Nacional,Informe Monetario Diario,Saldos,D,En millones de ARS,ML
1225,2021-11-10,1408049.3438,Adelantos transitorios del BCRA al Gobierno Nacional,Informe Monetario Diario,Saldos,D,En millones de ARS,ML
1225,2021-11-11,1408049.3438,Adelantos transitorios del BCRA al Gobierno Nacional,Informe Monetario Diario,Saldos,D,En millones de ARS,ML
1225,2021-11-12,1408049.3438,Adelantos transitorios del BCRA al Gobierno Nacional,Informe Monetario Diario,Saldos,D,En millones de ARS,ML
1225,2021-11-15,1408049.3438,Adelantos transitorios del BCRA al Gobierno Nacional,Informe Monetario Diario,Saldos,D,En millones de ARS,ML
1225,2021-11-16,1408049.3438,Adelantos transitorios del BCRA al Gobierno Nacional,Informe Monetario Diario,Saldos,D,En millones de ARS,ML
1225,2021-11-17,1408049.3438,Adelantos transitorios del BCRA al Gobierno Nacional,Informe Monetario Diario,Saldos,D,En millones de ARS,ML
1225,2021-11-18,1408049.3438,Adelantos transitorios del BCRA al Gobierno Nacional,Informe Monetario Diario,Saldos,D,En millones de ARS,ML
1225,2021-11-19,1408049.3438,Adelantos transitorios del BCRA al Gobierno Nacional,Informe Monetario Diario,Saldos,D,En millones de ARS,ML
1225,2021-11-23,1408049.3438,Adelantos transitorios del BCRA al Gobierno Nacional,Informe Monetario Diario,Saldos,D,En millones de ARS,ML
1225,2021-11-24,1488049.3438,Adelantos transitorios del BCRA al Gobierno Nacional,Informe Monetario Diario,Saldos,D,En millones de ARS,ML
1225,2021-11-25,1488049.3438,Adelantos transitorios del BCRA al Gobierno Nacional,Informe Monetario Diario,Saldos,D,En millones de ARS,ML
1225,2021-11-26,1488049.3438,Adelantos transitorios del BCRA al Gobierno Nacional,Informe Monetario Diario,Saldos,D,En millones de ARS,ML
1225,2021-11-29,1488049.3438,Adelantos transitorios del BCRA al Gobierno Nacional,Informe Monetario Diario,Saldos,D,En millones de ARS,ML
1225,2021-11-30,1488049.3438,Adelantos transitorios del BCRA al Gobierno Nacional,Informe Monetario Diario,Saldos,D,En millones de ARS,ML
1225,2021-12-01,1488049.3438,Adelantos transitorios del BCRA al Gobierno Nacional,Informe Monetario Diario,Saldos,D,En millones de ARS,ML
1225,2021-12-02,1488049.3438,Adelantos transitorios del BCRA al Gobierno Nacional,Informe Monetario Diario,Saldos,D,En millones de ARS,ML
1225,2021-12-03,1488049.3438,Adelantos transitorios del BCRA al Gobierno Nacional,Informe Monetario Diario,Saldos,D,En millones de ARS,ML
1225,2021-12-06,1608049.3438,Adelantos transitorios del BCRA al Gobierno Nacional,Informe Monetario Diario,Saldos,D,En millones de ARS,ML
1225,2021-12-07,1608049.3438,Adelantos transitorios del BCRA al Gobierno Nacional,Informe Monetario Diario,Saldos,D,En millones de ARS,ML
1225,2021-12-09,1608049.3438,Adelantos transitorios del BCRA al Gobierno Nacional,Informe Monetario Diario,Saldos,D,En millones de ARS,ML
1225,2021-12-10,1738049.3438,Adelantos transitorios del BCRA al Gobierno Nacional,Informe Monetario Diario,Saldos,D,En millones de ARS,ML
1225,2021-12-13,1738049.3438,Adelantos transitorios del BCRA al Gobierno Nacional,Informe Monetario Diario,Saldos,D,En millones de ARS,ML
1225,2021-12-14,1738049.3438,Adelantos transitorios del BCRA al Gobierno Nacional,Informe Monetario Diario,Saldos,D,En millones de ARS,ML
1225,2021-12-15,1738049.3438,Adelantos transitorios del BCRA al Gobierno Nacional,Informe Monetario Diario,Saldos,D,En millones de ARS,ML
1225,2021-12-16,1738049.3438,Adelantos transitorios del BCRA al Gobierno Nacional,Informe Monetario Diario,Saldos,D,En millones de ARS,ML
1225,2021-12-17,1833049.3438,Adelantos transitorios del BCRA al Gobierno Nacional,Informe Monetario Diario,Saldos,D,En millones de ARS,ML
1225,2021-12-20,1833049.3438,Adelantos transitorios del BCRA al Gobierno Nacional,Informe Monetario Diario,Saldos,D,En millones de ARS,ML
1225,2021-12-21,1833049.3438,Adelantos transitorios del BCRA al Gobierno Nacional,Informe Monetario Diario,Saldos,D,En millones de ARS,ML
1225,2021-12-22,1833049.3438,Adelantos transitorios del BCRA al Gobierno Nacional,Informe Monetario Diario,Saldos,D,En millones de ARS,ML
1225,2021-12-23,1969865.3438,Adelantos transitorios del BCRA al Gobierno Nacional,Informe Monetario Diario,Saldos,D,En millones de ARS,ML
1225,2021-12-27,1969865.3438,Adelantos transitorios del BCRA al Gobierno Nacional,Informe Monetario Diario,Saldos,D,En millones de ARS,ML
1225,2021-12-28,1969865.3438,Adelantos transitorios del BCRA al Gobierno Nacional,Informe Monetario Diario,Saldos,D,En millones de ARS,ML
1225,2021-12-29,1969865.3438,Adelantos transitorios del BCRA al Gobierno Nacional,Informe Monetario Diario,Saldos,D,En millones de ARS,ML
1225,2021-12-30,2173049.3438,Adelantos transitorios del BCRA al Gobierno Nacional,Informe Monetario Diario,Saldos,D,En millones de ARS,ML
1225,2022-01-03,2173049.3438,Adelantos transitorios del BCRA al Gobierno Nacional,Informe Monetario Diario,Saldos,D,En millones de ARS,ML
1225,2022-01-04,2173049.3438,Adelantos transitorios del BCRA al Gobierno Nacional,Informe Monetario Diario,Saldos,D,En millones de ARS,ML
1225,2022-01-05,2173049.3438,Adelantos transitorios del BCRA al Gobierno Nacional,Informe Monetario Diario,Saldos,D,En millones de ARS,ML
1225,2022-01-06,2173049.3438,Adelantos transitorios del BCRA al Gobierno Nacional,Informe Monetario Diario,Saldos,D,En millones de ARS,ML
1225,2022-01-07,2173049.3438,Adelantos transitorios del BCRA al Gobierno Nacional,Informe Monetario Diario,Saldos,D,En millones de ARS,ML
1225,2022-01-10,2173049.3438,Adelantos transitorios del BCRA al Gobierno Nacional,Informe Monetario Diario,Saldos,D,En millones de ARS,ML
1225,2022-01-11,2173049.3438,Adelantos transitorios del BCRA al Gobierno Nacional,Informe Monetario Diario,Saldos,D,En millones de ARS,ML
1225,2022-01-12,2173049.3438,Adelantos transitorios del BCRA al Gobierno Nacional,Informe Monetario Diario,Saldos,D,En millones de ARS,ML
1225,2022-01-13,2173049.3438,Adelantos transitorios del BCRA al Gobierno Nacional,Informe Monetario Diario,Saldos,D,En millones de ARS,ML
1225,2022-01-14,2173049.3438,Adelantos transitorios del BCRA al Gobierno Nacional,Informe Monetario Diario,Saldos,D,En millones de ARS,ML
1225,2022-01-17,2173049.3438,Adelantos transitorios del BCRA al Gobierno Nacional,Informe Monetario Diario,Saldos,D,En millones de ARS,ML
1225,2022-01-18,2173049.3438,Adelantos transitorios del BCRA al Gobierno Nacional,Informe Monetario Diario,Saldos,D,En millones de ARS,ML
1225,2022-01-19,2173049.3,Adelantos transitorios del BCRA al Gobierno Nacional,Informe Monetario Diario,Saldos,D,En millones de ARS,ML
1225,2022-01-20,2173049.3438,Adelantos transitorios del BCRA al Gobierno Nacional,Informe Monetario Diario,Saldos,D,En millones de ARS,ML
1225,2022-01-21,2173049.3438,Adelantos transitorios del BCRA al Gobierno Nacional,Informe Monetario Diario,Saldos,D,En millones de ARS,ML
1225,2022-01-24,2173049.3438,Adelantos transitorios del BCRA al Gobierno Nacional,Informe Monetario Diario,Saldos,D,En millones de ARS,ML
1225,2022-01-25,2173049.3438,Adelantos transitorios del BCRA al Gobierno Nacional,Informe Monetario Diario,Saldos,D,En millones de ARS,ML
1225,2022-01-26,2173049.3438,Adelantos transitorios del BCRA al Gobierno Nacional,Informe Monetario Diario,Saldos,D,En millones de ARS,ML
1225,2022-01-27,2173049.3438,Adelantos transitorios del BCRA al Gobierno Nacional,Informe Monetario Diario,Saldos,D,En millones de ARS,ML
1225,2022-01-28,2295049.3438,Adelantos transitorios del BCRA al Gobierno Nacional,Informe Monetario Diario,Saldos,D,En millones de ARS,ML
1225,2022-01-31,2295049.3438,Adelantos transitorios del BCRA al Gobierno Nacional,Informe Monetario Diario,Saldos,D,En millones de ARS,ML
1225,2022-02-01,2295049.3438,Adelantos transitorios del BCRA al Gobierno Nacional,Informe Monetario Diario,Saldos,D,En millones de ARS,ML
1225,2022-02-02,2295049.3438,Adelantos transitorios del BCRA al Gobierno Nacional,Informe Monetario Diario,Saldos,D,En millones de ARS,ML
1225,2022-02-03,2295049.3438,Adelantos transitorios del BCRA al Gobierno Nacional,Informe Monetario Diario,Saldos,D,En millones de ARS,ML
1225,2022-02-04,2295049.3438,Adelantos transitorios del BCRA al Gobierno Nacional,Informe Monetario Diario,Saldos,D,En millones de ARS,ML
1225,2022-02-07,2295049.3438,Adelantos transitorios del BCRA al Gobierno Nacional,Informe Monetario Diario,Saldos,D,En millones de ARS,ML
1225,2022-02-08,2295049.3438,Adelantos transitorios del BCRA al Gobierno Nacional,Informe Monetario Diario,Saldos,D,En millones de ARS,ML
1225,2022-02-09,2295049.3438,Adelantos transitorios del BCRA al Gobierno Nacional,Informe Monetario Diario,Saldos,D,En millones de ARS,ML
1225,2022-02-10,2295049.3438,Adelantos transitorios del BCRA al Gobierno Nacional,Informe Monetario Diario,Saldos,D,En millones de ARS,ML
1225,2022-02-11,2295049.3438,Adelantos transitorios del BCRA al Gobierno Nacional,Informe Monetario Diario,Saldos,D,En millones de ARS,ML
1225,2022-02-14,2295049.3438,Adelantos transitorios del BCRA al Gobierno Nacional,Informe Monetario Diario,Saldos,D,En millones de ARS,ML
1225,2022-02-15,2295049.3438,Adelantos transitorios del BCRA al Gobierno Nacional,Informe Monetario Diario,Saldos,D,En millones de ARS,ML
1225,2022-02-16,2295049.3438,Adelantos transitorios del BCRA al Gobierno Nacional,Informe Monetario Diario,Saldos,D,En millones de ARS,ML
1225,2022-02-17,2295049.3438,Adelantos transitorios del BCRA al Gobierno Nacional,Informe Monetario Diario,Saldos,D,En millones de ARS,ML
1225,2022-02-18,2295049.3438,Adelantos transitorios del BCRA al Gobierno Nacional,Informe Monetario Diario,Saldos,D,En millones de ARS,ML
1225,2022-02-21,2295049.3438,Adelantos transitorios del BCRA al Gobierno Nacional,Informe Monetario Diario,Saldos,D,En millones de ARS,ML
1225,2022-02-22,2295049.3438,Adelantos transitorios del BCRA al Gobierno Nacional,Informe Monetario Diario,Saldos,D,En millones de ARS,ML
1225,2022-02-23,2295049.3438,Adelantos transitorios del BCRA al Gobierno Nacional,Informe Monetario Diario,Saldos,D,En millones de ARS,ML
1225,2022-02-24,2295049.3438,Adelantos transitorios del BCRA al Gobierno Nacional,Informe Monetario Diario,Saldos,D,En millones de ARS,ML
1225,2022-02-25,2295049.3438,Adelantos transitorios del BCRA al Gobierno Nacional,Informe Monetario Diario,Saldos,D,En millones de ARS,ML
1225,2022-03-02,2295049.3438,Adelantos transitorios del BCRA al Gobierno Nacional,Informe Monetario Diario,Saldos,D,En millones de ARS,ML
1225,2022-03-03,2295049.3438,Adelantos transitorios del BCRA al Gobierno Nacional,Informe Monetario Diario,Saldos,D,En millones de ARS,ML
1225,2022-03-04,2295049.3438,Adelantos transitorios del BCRA al Gobierno Nacional,Informe Monetario Diario,Saldos,D,En millones de ARS,ML
1225,2022-03-07,2295049.3438,Adelantos transitorios del BCRA al Gobierno Nacional,Informe Monetario Diario,Saldos,D,En millones de ARS,ML
1225,2022-03-08,2295049.3438,Adelantos transitorios del BCRA al Gobierno Nacional,Informe Monetario Diario,Saldos,D,En millones de ARS,ML
1225,2022-03-09,2295049.3438,Adelantos transitorios del BCRA al Gobierno Nacional,Informe Monetario Diario,Saldos,D,En millones de ARS,ML
1225,2022-03-10,2295049.3438,Adelantos transitorios del BCRA al Gobierno Nacional,Informe Monetario Diario,Saldos,D,En millones de ARS,ML
1225,2022-03-11,2295049.3438,Adelantos transitorios del BCRA al Gobierno Nacional,Informe Monetario Diario,Saldos,D,En millones de ARS,ML
1225,2022-03-14,2295049.3438,Adelantos transitorios del BCRA al Gobierno Nacional,Informe Monetario Diario,Saldos,D,En millones de ARS,ML
1225,2022-03-15,2295049.3438,Adelantos transitorios del BCRA al Gobierno Nacional,Informe Monetario Diario,Saldos,D,En millones de ARS,ML
1225,2022-03-16,2295049.3438,Adelantos transitorios del BCRA al Gobierno Nacional,Informe Monetario Diario,Saldos,D,En millones de ARS,ML
1225,2022-03-17,2295049.3438,Adelantos transitorios del BCRA al Gobierno Nacional,Informe Monetario Diario,Saldos,D,En millones de ARS,ML
1225,2022-03-18,2295049.3438,Adelantos transitorios del BCRA al Gobierno Nacional,Informe Monetario Diario,Saldos,D,En millones de ARS,ML
1225,2022-03-21,2295049.3438,Adelantos transitorios del BCRA al Gobierno Nacional,Informe Monetario Diario,Saldos,D,En millones de ARS,ML
1225,2022-03-22,2295049.3438,Adelantos transitorios del BCRA al Gobierno Nacional,Informe Monetario Diario,Saldos,D,En millones de ARS,ML
1225,2022-03-23,2295049.3438,Adelantos transitorios del BCRA al Gobierno Nacional,Informe Monetario Diario,Saldos,D,En millones de ARS,ML
1225,2022-03-25,2295049.3438,Adelantos transitorios del BCRA al Gobierno Nacional,Informe Monetario Diario,Saldos,D,En millones de ARS,ML
1225,2022-03-28,2295049.3438,Adelantos transitorios del BCRA al Gobierno Nacional,Informe Monetario Diario,Saldos,D,En millones de ARS,ML
1225,2022-03-29,2295049.3438,Adelantos transitorios del BCRA al Gobierno Nacional,Informe Monetario Diario,Saldos,D,En millones de ARS,ML
1225,2022-03-30,2295049.3438,Adelantos transitorios del BCRA al Gobierno Nacional,Informe Monetario Diario,Saldos,D,En millones de ARS,ML
1225,2022-03-31,2295049.3438,Adelantos transitorios del BCRA al Gobierno Nacional,Informe Monetario Diario,Saldos,D,En millones de ARS,ML
1225,2022-04-01,2295049.3438,Adelantos transitorios del BCRA al Gobierno Nacional,Informe Monetario Diario,Saldos,D,En millones de ARS,ML
1225,2022-04-04,2295049.3438,Adelantos transitorios del BCRA al Gobierno Nacional,Informe Monetario Diario,Saldos,D,En millones de ARS,ML
1225,2022-04-05,2295049.3438,Adelantos transitorios del BCRA al Gobierno Nacional,Informe Monetario Diario,Saldos,D,En millones de ARS,ML
1225,2022-04-06,2295049.3438,Adelantos transitorios del BCRA al Gobierno Nacional,Informe Monetario Diario,Saldos,D,En millones de ARS,ML
1225,2022-04-07,2295049.3438,Adelantos transitorios del BCRA al Gobierno Nacional,Informe Monetario Diario,Saldos,D,En millones de ARS,ML
1225,2022-04-08,2295049.3438,Adelantos transitorios del BCRA al Gobierno Nacional,Informe Monetario Diario,Saldos,D,En millones de ARS,ML
1225,2022-04-11,2295049.3438,Adelantos transitorios del BCRA al Gobierno Nacional,Informe Monetario Diario,Saldos,D,En millones de ARS,ML
1225,2022-04-12,2295049.3438,Adelantos transitorios del BCRA al Gobierno Nacional,Informe Monetario Diario,Saldos,D,En millones de ARS,ML
1225,2022-04-13,2295049.3438,Adelantos transitorios del BCRA al Gobierno Nacional,Informe Monetario Diario,Saldos,D,En millones de ARS,ML
1225,2022-04-18,2295049.3438,Adelantos transitorios del BCRA al Gobierno Nacional,Informe Monetario Diario,Saldos,D,En millones de ARS,ML
1225,2022-04-19,2295049.3438,Adelantos transitorios del BCRA al Gobierno Nacional,Informe Monetario Diario,Saldos,D,En millones de ARS,ML
1225,2022-04-20,2295049.3438,Adelantos transitorios del BCRA al Gobierno Nacional,Informe Monetario Diario,Saldos,D,En millones de ARS,ML
1225,2022-04-21,2295049.3438,Adelantos transitorios del BCRA al Gobierno Nacional,Informe Monetario Diario,Saldos,D,En millones de ARS,ML
1225,2022-04-22,2295049.3438,Adelantos transitorios del BCRA al Gobierno Nacional,Informe Monetario Diario,Saldos,D,En millones de ARS,ML
1225,2022-04-25,2295049.3438,Adelantos transitorios del BCRA al Gobierno Nacional,Informe Monetario Diario,Saldos,D,En millones de ARS,ML
1225,2022-04-26,2295049.3438,Adelantos transitorios del BCRA al Gobierno Nacional,Informe Monetario Diario,Saldos,D,En millones de ARS,ML
1225,2022-04-27,2295049.3438,Adelantos transitorios del BCRA al Gobierno Nacional,Informe Monetario Diario,Saldos,D,En millones de ARS,ML
1225,2022-04-28,2295049.3438,Adelantos transitorios del BCRA al Gobierno Nacional,Informe Monetario Diario,Saldos,D,En millones de ARS,ML
1225,2022-04-29,2375049.3438,Adelantos transitorios del BCRA al Gobierno Nacional,Informe Monetario Diario,Saldos,D,En millones de ARS,ML
1225,2022-05-02,2375049.3438,Adelantos transitorios del BCRA al Gobierno Nacional,Informe Monetario Diario,Saldos,D,En millones de ARS,ML
1225,2022-05-03,2375049.3438,Adelantos transitorios del BCRA al Gobierno Nacional,Informe Monetario Diario,Saldos,D,En millones de ARS,ML
1225,2022-05-04,2375049.3438,Adelantos transitorios del BCRA al Gobierno Nacional,Informe Monetario Diario,Saldos,D,En millones de ARS,ML
1225,2022-05-05,2375049.3438,Adelantos transitorios del BCRA al Gobierno Nacional,Informe Monetario Diario,Saldos,D,En millones de ARS,ML
1225,2022-05-06,2458779.3438,Adelantos transitorios del BCRA al Gobierno Nacional,Informe Monetario Diario,Saldos,D,En millones de ARS,ML
1225,2022-05-09,2461549.3438,Adelantos transitorios del BCRA al Gobierno Nacional,Informe Monetario Diario,Saldos,D,En millones de ARS,ML
1225,2022-05-10,2461549.3438,Adelantos transitorios del BCRA al Gobierno Nacional,Informe Monetario Diario,Saldos,D,En millones de ARS,ML
1225,2022-05-11,2461549.3438,Adelantos transitorios del BCRA al Gobierno Nacional,Informe Monetario Diario,Saldos,D,En millones de ARS,ML
1225,2022-05-12,2461549.3438,Adelantos transitorios del BCRA al Gobierno Nacional,Informe Monetario Diario,Saldos,D,En millones de ARS,ML
1225,2022-05-13,2549164.3438,Adelantos transitorios del BCRA al Gobierno Nacional,Informe Monetario Diario,Saldos,D,En millones de ARS,ML
1225,2022-05-16,2549164.3438,Adelantos transitorios del BCRA al Gobierno Nacional,Informe Monetario Diario,Saldos,D,En millones de ARS,ML
1225,2022-05-17,2553549.3438,Adelantos transitorios del BCRA al Gobierno Nacional,Informe Monetario Diario,Saldos,D,En millones de ARS,ML
1225,2022-05-19,2553549.3438,Adelantos transitorios del BCRA al Gobierno Nacional,Informe Monetario Diario,Saldos,D,En millones de ARS,ML
1225,2022-05-20,2553549.3438,Adelantos transitorios del BCRA al Gobierno Nacional,Informe Monetario Diario,Saldos,D,En millones de ARS,ML
1225,2022-05-23,2553549.3438,Adelantos transitorios del BCRA al Gobierno Nacional,Informe Monetario Diario,Saldos,D,En millones de ARS,ML
1225,2022-05-24,2553549.3438,Adelantos transitorios del BCRA al Gobierno Nacional,Informe Monetario Diario,Saldos,D,En millones de ARS,ML
1225,2022-05-26,2553549.3438,Adelantos transitorios del BCRA al Gobierno Nacional,Informe Monetario Diario,Saldos,D,En millones de ARS,ML
1225,2022-05-27,2553549.3438,Adelantos transitorios del BCRA al Gobierno Nacional,Informe Monetario Diario,Saldos,D,En millones de ARS,ML
1225,2022-05-30,2553549.3438,Adelantos transitorios del BCRA al Gobierno Nacional,Informe Monetario Diario,Saldos,D,En millones de ARS,ML
1225,2022-05-31,2231100.3704,Adelantos transitorios del BCRA al Gobierno Nacional,Informe Monetario Diario,Saldos,D,En millones de ARS,ML
1225,2022-06-01,2231100.3704,Adelantos transitorios del BCRA al Gobierno Nacional,Informe Monetario Diario,Saldos,D,En millones de ARS,ML
1225,2022-06-02,2231100.3704,Adelantos transitorios del BCRA al Gobierno Nacional,Informe Monetario Diario,Saldos,D,En millones de ARS,ML
1225,2022-06-03,2355100.3704,Adelantos transitorios del BCRA al Gobierno Nacional,Informe Monetario Diario,Saldos,D,En millones de ARS,ML
1225,2022-06-06,2355100.3704,Adelantos transitorios del BCRA al Gobierno Nacional,Informe Monetario Diario,Saldos,D,En millones de ARS,ML
1225,2022-06-07,2355100.3704,Adelantos transitorios del BCRA al Gobierno Nacional,Informe Monetario Diario,Saldos,D,En millones de ARS,ML
1225,2022-06-08,2355100.3704,Adelantos transitorios del BCRA al Gobierno Nacional,Informe Monetario Diario,Saldos,D,En millones de ARS,ML
1225,2022-06-09,2355100.3704,Adelantos transitorios del BCRA al Gobierno Nacional,Informe Monetario Diario,Saldos,D,En millones de ARS,ML
1225,2022-06-10,2463100.3704,Adelantos transitorios del BCRA al Gobierno Nacional,Informe Monetario Diario,Saldos,D,En millones de ARS,ML
1225,2022-06-13,2463100.3704,Adelantos transitorios del BCRA al Gobierno Nacional,Informe Monetario Diario,Saldos,D,En millones de ARS,ML
1225,2022-06-14,2463100.3704,Adelantos transitorios del BCRA al Gobierno Nacional,Informe Monetario Diario,Saldos,D,En millones de ARS,ML
1225,2022-06-15,2463100.3704,Adelantos transitorios del BCRA al Gobierno Nacional,Informe Monetario Diario,Saldos,D,En millones de ARS,ML
1225,2022-06-16,2513100.3704,Adelantos transitorios del BCRA al Gobierno Nacional,Informe Monetario Diario,Saldos,D,En millones de ARS,ML
1225,2022-06-21,2513100.3704,Adelantos transitorios del BCRA al Gobierno Nacional,Informe Monetario Diario,Saldos,D,En millones de ARS,ML
1225,2022-06-22,2513100.3704,Adelantos transitorios del BCRA al Gobierno Nacional,Informe Monetario Diario,Saldos,D,En millones de ARS,ML
1225,2022-06-23,2513100.3704,Adelantos transitorios del BCRA al Gobierno Nacional,Informe Monetario Diario,Saldos,D,En millones de ARS,ML
1225,2022-06-24,2608100.3704,Adelantos transitorios del BCRA al Gobierno Nacional,Informe Monetario Diario,Saldos,D,En millones de ARS,ML
1225,2022-06-27,2608100.3704,Adelantos transitorios del BCRA al Gobierno Nacional,Informe Monetario Diario,Saldos,D,En millones de ARS,ML
1225,2022-06-28,2608100.3704,Adelantos transitorios del BCRA al Gobierno Nacional,Informe Monetario Diario,Saldos,D,En millones de ARS,ML
1225,2022-06-29,2608100.3704,Adelantos transitorios del BCRA al Gobierno Nacional,Informe Monetario Diario,Saldos,D,En millones de ARS,ML
1225,2022-06-30,2608100.3704,Adelantos transitorios del BCRA al Gobierno Nacional,Informe Monetario Diario,Saldos,D,En millones de ARS,ML
1225,2022-07-01,2608100.3704,Adelantos transitorios del BCRA al Gobierno Nacional,Informe Monetario Diario,Saldos,D,En millones de ARS,ML
1225,2022-07-04,2663100.3704,Adelantos transitorios del BCRA al Gobierno Nacional,Informe Monetario Diario,Saldos,D,En millones de ARS,ML
1225,2022-07-05,2663100.3704,Adelantos transitorios del BCRA al Gobierno Nacional,Informe Monetario Diario,Saldos,D,En millones de ARS,ML
1225,2022-07-06,2663100.3704,Adelantos transitorios del BCRA al Gobierno Nacional,Informe Monetario Diario,Saldos,D,En millones de ARS,ML
1225,2022-07-07,2663100.3704,Adelantos transitorios del BCRA al Gobierno Nacional,Informe Monetario Diario,Saldos,D,En millones de ARS,ML
1225,2022-07-08,2803100.3704,Adelantos transitorios del BCRA al Gobierno Nacional,Informe Monetario Diario,Saldos,D,En millones de ARS,ML
1225,2022-07-11,2803100.3704,Adelantos transitorios del BCRA al Gobierno Nacional,Informe Monetario Diario,Saldos,D,En millones de ARS,ML
1225,2022-07-12,2803100.3704,Adelantos transitorios del BCRA al Gobierno Nacional,Informe Monetario Diario,Saldos,D,En millones de ARS,ML
1225,2022-07-13,2803100.3704,Adelantos transitorios del BCRA al Gobierno Nacional,Informe Monetario Diario,Saldos,D,En millones de ARS,ML
1225,2022-07-14,2803100.3704,Adelantos transitorios del BCRA al Gobierno Nacional,Informe Monetario Diario,Saldos,D,En millones de ARS,ML
1225,2022-07-15,2803100.3704,Adelantos transitorios del BCRA al Gobierno Nacional,Informe Monetario Diario,Saldos,D,En millones de ARS,ML
1225,2022-07-18,2803100.3704,Adelantos transitorios del BCRA al Gobierno Nacional,Informe Monetario Diario,Saldos,D,En millones de ARS,ML
1225,2022-07-19,2803100.3704,Adelantos transitorios del BCRA al Gobierno Nacional,Informe Monetario Diario,Saldos,D,En millones de ARS,ML
1225,2022-07-20,2803100.3704,Adelantos transitorios del BCRA al Gobierno Nacional,Informe Monetario Diario,Saldos,D,En millones de ARS,ML
1225,2022-07-21,2803100.3704,Adelantos transitorios del BCRA al Gobierno Nacional,Informe Monetario Diario,Saldos,D,En millones de ARS,ML
1225,2022-07-22,2803100.3704,Adelantos transitorios del BCRA al Gobierno Nacional,Informe Monetario Diario,Saldos,D,En millones de ARS,ML
1225,2022-07-25,2803100.3704,Adelantos transitorios del BCRA al Gobierno Nacional,Informe Monetario Diario,Saldos,D,En millones de ARS,ML
1225,2022-07-26,2803100.3704,Adelantos transitorios del BCRA al Gobierno Nacional,Informe Monetario Diario,Saldos,D,En millones de ARS,ML
1225,2022-07-27,2803100.3704,Adelantos transitorios del BCRA al Gobierno Nacional,Informe Monetario Diario,Saldos,D,En millones de ARS,ML
1225,2022-07-28,2803100.3704,Adelantos transitorios del BCRA al Gobierno Nacional,Informe Monetario Diario,Saldos,D,En millones de ARS,ML
1225,2022-07-29,2803100.3704,Adelantos transitorios del BCRA al Gobierno Nacional,Informe Monetario Diario,Saldos,D,En millones de ARS,ML
1225,2022-08-01,2803100.3704,Adelantos transitorios del BCRA al Gobierno Nacional,Informe Monetario Diario,Saldos,D,En millones de ARS,ML
1225,2022-08-02,2803100.3704,Adelantos transitorios del BCRA al Gobierno Nacional,Informe Monetario Diario,Saldos,D,En millones de ARS,ML
1225,2022-08-03,2803100.3704,Adelantos transitorios del BCRA al Gobierno Nacional,Informe Monetario Diario,Saldos,D,En millones de ARS,ML
1225,2022-08-04,2803100.3704,Adelantos transitorios del BCRA al Gobierno Nacional,Informe Monetario Diario,Saldos,D,En millones de ARS,ML
1225,2022-08-05,2803100.3704,Adelantos transitorios del BCRA al Gobierno Nacional,Informe Monetario Diario,Saldos,D,En millones de ARS,ML
1225,2022-08-08,2793100.3704,Adelantos transitorios del BCRA al Gobierno Nacional,Informe Monetario Diario,Saldos,D,En millones de ARS,ML
1225,2022-08-09,2793100.3704,Adelantos transitorios del BCRA al Gobierno Nacional,Informe Monetario Diario,Saldos,D,En millones de ARS,ML
1225,2022-08-10,2793100.3704,Adelantos transitorios del BCRA al Gobierno Nacional,Informe Monetario Diario,Saldos,D,En millones de ARS,ML
1225,2022-08-11,2793100.3704,Adelantos transitorios del BCRA al Gobierno Nacional,Informe Monetario Diario,Saldos,D,En millones de ARS,ML
1225,2022-08-12,2793100.3704,Adelantos transitorios del BCRA al Gobierno Nacional,Informe Monetario Diario,Saldos,D,En millones de ARS,ML
1225,2022-08-16,2793100.3704,Adelantos transitorios del BCRA al Gobierno Nacional,Informe Monetario Diario,Saldos,D,En millones de ARS,ML
1225,2022-08-17,2793100.3704,Adelantos transitorios del BCRA al Gobierno Nacional,Informe Monetario Diario,Saldos,D,En millones de ARS,ML
1225,2022-08-18,2793100.3704,Adelantos transitorios del BCRA al Gobierno Nacional,Informe Monetario Diario,Saldos,D,En millones de ARS,ML
1225,2022-08-19,2793100.3704,Adelantos transitorios del BCRA al Gobierno Nacional,Informe Monetario Diario,Saldos,D,En millones de ARS,ML
1225,2022-08-22,2793100.3704,Adelantos transitorios del BCRA al Gobierno Nacional,Informe Monetario Diario,Saldos,D,En millones de ARS,ML
1225,2022-08-23,2793100.3704,Adelantos transitorios del BCRA al Gobierno Nacional,Informe Monetario Diario,Saldos,D,En millones de ARS,ML
1225,2022-08-24,2793100.3704,Adelantos transitorios del BCRA al Gobierno Nacional,Informe Monetario Diario,Saldos,D,En millones de ARS,ML
1225,2022-08-25,2793100.3704,Adelantos transitorios del BCRA al Gobierno Nacional,Informe Monetario Diario,Saldos,D,En millones de ARS,ML
1225,2022-08-26,2793100.3704,Adelantos transitorios del BCRA al Gobierno Nacional,Informe Monetario Diario,Saldos,D,En millones de ARS,ML
1225,2022-08-29,2793100.3704,Adelantos transitorios del BCRA al Gobierno Nacional,Informe Monetario Diario,Saldos,D,En millones de ARS,ML
1225,2022-08-30,2793100.3704,Adelantos transitorios del BCRA al Gobierno Nacional,Informe Monetario Diario,Saldos,D,En millones de ARS,ML
1225,2022-08-31,2793100.3704,Adelantos transitorios del BCRA al Gobierno Nacional,Informe Monetario Diario,Saldos,D,En millones de ARS,ML
1225,2022-09-01,2793100.3704,Adelantos transitorios del BCRA al Gobierno Nacional,Informe Monetario Diario,Saldos,D,En millones de ARS,ML
1225,2022-09-05,2793100.3704,Adelantos transitorios del BCRA al Gobierno Nacional,Informe Monetario Diario,Saldos,D,En millones de ARS,ML
1225,2022-09-06,2793100.3704,Adelantos transitorios del BCRA al Gobierno Nacional,Informe Monetario Diario,Saldos,D,En millones de ARS,ML
1225,2022-09-07,2793100.3704,Adelantos transitorios del BCRA al Gobierno Nacional,Informe Monetario Diario,Saldos,D,En millones de ARS,ML
1225,2022-09-08,2793100.3704,Adelantos transitorios del BCRA al Gobierno Nacional,Informe Monetario Diario,Saldos,D,En millones de ARS,ML
1225,2022-09-09,2793100.3704,Adelantos transitorios del BCRA al Gobierno Nacional,Informe Monetario Diario,Saldos,D,En millones de ARS,ML
1225,2022-09-12,2793100.3704,Adelantos transitorios del BCRA al Gobierno Nacional,Informe Monetario Diario,Saldos,D,En millones de ARS,ML
1225,2022-09-13,2793100.3704,Adelantos transitorios del BCRA al Gobierno Nacional,Informe Monetario Diario,Saldos,D,En millones de ARS,ML
1225,2022-09-14,2793100.3704,Adelantos transitorios del BCRA al Gobierno Nacional,Informe Monetario Diario,Saldos,D,En millones de ARS,ML
1225,2022-09-15,2793100.3704,Adelantos transitorios del BCRA al Gobierno Nacional,Informe Monetario Diario,Saldos,D,En millones de ARS,ML
1225,2022-09-16,2793100.3704,Adelantos transitorios del BCRA al Gobierno Nacional,Informe Monetario Diario,Saldos,D,En millones de ARS,ML
1225,2022-09-19,2793100.3704,Adelantos transitorios del BCRA al Gobierno Nacional,Informe Monetario Diario,Saldos,D,En millones de ARS,ML
1225,2022-09-20,2793100.3704,Adelantos transitorios del BCRA al Gobierno Nacional,Informe Monetario Diario,Saldos,D,En millones de ARS,ML
1225,2022-09-21,2793100.3704,Adelantos transitorios del BCRA al Gobierno Nacional,Informe Monetario Diario,Saldos,D,En millones de ARS,ML
1225,2022-09-22,2793100.3704,Adelantos transitorios del BCRA al Gobierno Nacional,Informe Monetario Diario,Saldos,D,En millones de ARS,ML
1225,2022-09-23,2793100.3704,Adelantos transitorios del BCRA al Gobierno Nacional,Informe Monetario Diario,Saldos,D,En millones de ARS,ML
1225,2022-09-26,2793100.3704,Adelantos transitorios del BCRA al Gobierno Nacional,Informe Monetario Diario,Saldos,D,En millones de ARS,ML
1225,2022-09-27,2793100.3704,Adelantos transitorios del BCRA al Gobierno Nacional,Informe Monetario Diario,Saldos,D,En millones de ARS,ML
1225,2022-09-28,2793100.3704,Adelantos transitorios del BCRA al Gobierno Nacional,Informe Monetario Diario,Saldos,D,En millones de ARS,ML
1225,2022-09-29,2793100.3704,Adelantos transitorios del BCRA al Gobierno Nacional,Informe Monetario Diario,Saldos,D,En millones de ARS,ML
1225,2022-09-30,2793100.3704,Adelantos transitorios del BCRA al Gobierno Nacional,Informe Monetario Diario,Saldos,D,En millones de ARS,ML
1225,2022-10-03,2793100.3704,Adelantos transitorios del BCRA al Gobierno Nacional,Informe Monetario Diario,Saldos,D,En millones de ARS,ML
1225,2022-10-04,2793100.3704,Adelantos transitorios del BCRA al Gobierno Nacional,Informe Monetario Diario,Saldos,D,En millones de ARS,ML
1225,2022-10-05,2793100.3704,Adelantos transitorios del BCRA al Gobierno Nacional,Informe Monetario Diario,Saldos,D,En millones de ARS,ML
1225,2022-10-06,2793100.3704,Adelantos transitorios del BCRA al Gobierno Nacional,Informe Monetario Diario,Saldos,D,En millones de ARS,ML
1225,2022-10-11,2793100.3704,Adelantos transitorios del BCRA al Gobierno Nacional,Informe Monetario Diario,Saldos,D,En millones de ARS,ML
1225,2022-10-12,2793100.3704,Adelantos transitorios del BCRA al Gobierno Nacional,Informe Monetario Diario,Saldos,D,En millones de ARS,ML
1225,2022-10-13,2793100.3704,Adelantos transitorios del BCRA al Gobierno Nacional,Informe Monetario Diario,Saldos,D,En millones de ARS,ML
1225,2022-10-14,2793100.3704,Adelantos transitorios del BCRA al Gobierno Nacional,Informe Monetario Diario,Saldos,D,En millones de ARS,ML
1225,2022-10-17,2793100.3704,Adelantos transitorios del BCRA al Gobierno Nacional,Informe Monetario Diario,Saldos,D,En millones de ARS,ML
1225,2022-10-18,2793100.3704,Adelantos transitorios del BCRA al Gobierno Nacional,Informe Monetario Diario,Saldos,D,En millones de ARS,ML
1225,2022-10-19,2793100.3704,Adelantos transitorios del BCRA al Gobierno Nacional,Informe Monetario Diario,Saldos,D,En millones de ARS,ML
1225,2022-10-20,2793100.3704,Adelantos transitorios del BCRA al Gobierno Nacional,Informe Monetario Diario,Saldos,D,En millones de ARS,ML
1225,2022-10-21,2793100.3704,Adelantos transitorios del BCRA al Gobierno Nacional,Informe Monetario Diario,Saldos,D,En millones de ARS,ML
1225,2022-10-24,2793100.3704,Adelantos transitorios del BCRA al Gobierno Nacional,Informe Monetario Diario,Saldos,D,En millones de ARS,ML
1225,2022-10-25,2793100.3704,Adelantos transitorios del BCRA al Gobierno Nacional,Informe Monetario Diario,Saldos,D,En millones de ARS,ML
1225,2022-10-26,2793100.3704,Adelantos transitorios del BCRA al Gobierno Nacional,Informe Monetario Diario,Saldos,D,En millones de ARS,ML
1225,2022-10-27,2793100.3704,Adelantos transitorios del BCRA al Gobierno Nacional,Informe Monetario Diario,Saldos,D,En millones de ARS,ML
1225,2022-10-28,2793100.3704,Adelantos transitorios del BCRA al Gobierno Nacional,Informe Monetario Diario,Saldos,D,En millones de ARS,ML
1225,2022-10-31,2793100.3704,Adelantos transitorios del BCRA al Gobierno Nacional,Informe Monetario Diario,Saldos,D,En millones de ARS,ML
1225,2022-11-01,2793100.3704,Adelantos transitorios del BCRA al Gobierno Nacional,Informe Monetario Diario,Saldos,D,En millones de ARS,ML
1225,2022-11-02,2793100.3704,Adelantos transitorios del BCRA al Gobierno Nacional,Informe Monetario Diario,Saldos,D,En millones de ARS,ML
1225,2022-11-03,2793100.3704,Adelantos transitorios del BCRA al Gobierno Nacional,Informe Monetario Diario,Saldos,D,En millones de ARS,ML
1225,2022-11-04,2793100.3704,Adelantos transitorios del BCRA al Gobierno Nacional,Informe Monetario Diario,Saldos,D,En millones de ARS,ML
1225,2022-11-07,2793100.3704,Adelantos transitorios del BCRA al Gobierno Nacional,Informe Monetario Diario,Saldos,D,En millones de ARS,ML
1225,2022-11-08,2793100.3704,Adelantos transitorios del BCRA al Gobierno Nacional,Informe Monetario Diario,Saldos,D,En millones de ARS,ML
1225,2022-11-09,2793100.3704,Adelantos transitorios del BCRA al Gobierno Nacional,Informe Monetario Diario,Saldos,D,En millones de ARS,ML
1225,2022-11-10,2793100.3704,Adelantos transitorios del BCRA al Gobierno Nacional,Informe Monetario Diario,Saldos,D,En millones de ARS,ML
1225,2022-11-11,2793100.3704,Adelantos transitorios del BCRA al Gobierno Nacional,Informe Monetario Diario,Saldos,D,En millones de ARS,ML
1225,2022-11-14,2793100.3704,Adelantos transitorios del BCRA al Gobierno Nacional,Informe Monetario Diario,Saldos,D,En millones de ARS,ML
1225,2022-11-15,2793100.3704,Adelantos transitorios del BCRA al Gobierno Nacional,Informe Monetario Diario,Saldos,D,En millones de ARS,ML
1225,2022-11-16,2793100.3704,Adelantos transitorios del BCRA al Gobierno Nacional,Informe Monetario Diario,Saldos,D,En millones de ARS,ML
1225,2022-11-17,2793100.3704,Adelantos transitorios del BCRA al Gobierno Nacional,Informe Monetario Diario,Saldos,D,En millones de ARS,ML
1225,2022-11-18,2793100.3704,Adelantos transitorios del BCRA al Gobierno Nacional,Informe Monetario Diario,Saldos,D,En millones de ARS,ML
1225,2022-11-22,2793100.3704,Adelantos transitorios del BCRA al Gobierno Nacional,Informe Monetario Diario,Saldos,D,En millones de ARS,ML
1225,2022-11-23,2793100.3704,Adelantos transitorios del BCRA al Gobierno Nacional,Informe Monetario Diario,Saldos,D,En millones de ARS,ML
1225,2022-11-24,2793100.3704,Adelantos transitorios del BCRA al Gobierno Nacional,Informe Monetario Diario,Saldos,D,En millones de ARS,ML
1225,2022-11-25,2793100.3704,Adelantos transitorios del BCRA al Gobierno Nacional,Informe Monetario Diario,Saldos,D,En millones de ARS,ML
1225,2022-11-28,2793100.3704,Adelantos transitorios del BCRA al Gobierno Nacional,Informe Monetario Diario,Saldos,D,En millones de ARS,ML
1225,2022-11-29,2793100.3704,Adelantos transitorios del BCRA al Gobierno Nacional,Informe Monetario Diario,Saldos,D,En millones de ARS,ML
1225,2022-11-30,2793100.3704,Adelantos transitorios del BCRA al Gobierno Nacional,Informe Monetario Diario,Saldos,D,En millones de ARS,ML
1225,2022-12-01,2793100.3704,Adelantos transitorios del BCRA al Gobierno Nacional,Informe Monetario Diario,Saldos,D,En millones de ARS,ML
1225,2022-12-02,2793100.3704,Adelantos transitorios del BCRA al Gobierno Nacional,Informe Monetario Diario,Saldos,D,En millones de ARS,ML
1225,2022-12-05,2793100.3704,Adelantos transitorios del BCRA al Gobierno Nacional,Informe Monetario Diario,Saldos,D,En millones de ARS,ML
1225,2022-12-06,2793100.3704,Adelantos transitorios del BCRA al Gobierno Nacional,Informe Monetario Diario,Saldos,D,En millones de ARS,ML
1225,2022-12-07,2793100.3704,Adelantos transitorios del BCRA al Gobierno Nacional,Informe Monetario Diario,Saldos,D,En millones de ARS,ML
1225,2022-12-12,2793100.3704,Adelantos transitorios del BCRA al Gobierno Nacional,Informe Monetario Diario,Saldos,D,En millones de ARS,ML
1225,2022-12-13,2793100.3704,Adelantos transitorios del BCRA al Gobierno Nacional,Informe Monetario Diario,Saldos,D,En millones de ARS,ML
1225,2022-12-14,2793100.3704,Adelantos transitorios del BCRA al Gobierno Nacional,Informe Monetario Diario,Saldos,D,En millones de ARS,ML
1225,2022-12-15,2793100.3704,Adelantos transitorios del BCRA al Gobierno Nacional,Informe Monetario Diario,Saldos,D,En millones de ARS,ML
1225,2022-12-16,2793100.3704,Adelantos transitorios del BCRA al Gobierno Nacional,Informe Monetario Diario,Saldos,D,En millones de ARS,ML
1225,2022-12-19,2793100.3704,Adelantos transitorios del BCRA al Gobierno Nacional,Informe Monetario Diario,Saldos,D,En millones de ARS,ML
1225,2022-12-20,2793100.3704,Adelantos transitorios del BCRA al Gobierno Nacional,Informe Monetario Diario,Saldos,D,En millones de ARS,ML
1225,2022-12-21,2793100.3704,Adelantos transitorios del BCRA al Gobierno Nacional,Informe Monetario Diario,Saldos,D,En millones de ARS,ML
1225,2022-12-22,2793100.3704,Adelantos transitorios del BCRA al Gobierno Nacional,Informe Monetario Diario,Saldos,D,En millones de ARS,ML
1225,2022-12-23,2793100.3704,Adelantos transitorios del BCRA al Gobierno Nacional,Informe Monetario Diario,Saldos,D,En millones de ARS,ML
1225,2022-12-26,2793100.3704,Adelantos transitorios del BCRA al Gobierno Nacional,Informe Monetario Diario,Saldos,D,En millones de ARS,ML
1225,2022-12-27,2793100.3704,Adelantos transitorios del BCRA al Gobierno Nacional,Informe Monetario Diario,Saldos,D,En millones de ARS,ML
1225,2022-12-28,2793100.3704,Adelantos transitorios del BCRA al Gobierno Nacional,Informe Monetario Diario,Saldos,D,En millones de ARS,ML
1225,2022-12-29,2793100.3704,Adelantos transitorios del BCRA al Gobierno Nacional,Informe Monetario Diario,Saldos,D,En millones de ARS,ML
1225,2022-12-30,2793100.3704,Adelantos transitorios del BCRA al Gobierno Nacional,Informe Monetario Diario,Saldos,D,En millones de ARS,ML
1225,2023-01-02,2793100.3704,Adelantos transitorios del BCRA al Gobierno Nacional,Informe Monetario Diario,Saldos,D,En millones de ARS,ML
1225,2023-01-03,2793100.3704,Adelantos transitorios del BCRA al Gobierno Nacional,Informe Monetario Diario,Saldos,D,En millones de ARS,ML
1225,2023-01-04,2793100.3704,Adelantos transitorios del BCRA al Gobierno Nacional,Informe Monetario Diario,Saldos,D,En millones de ARS,ML
1225,2023-01-05,2793100.3704,Adelantos transitorios del BCRA al Gobierno Nacional,Informe Monetario Diario,Saldos,D,En millones de ARS,ML
1225,2023-01-06,2793100.3704,Adelantos transitorios del BCRA al Gobierno Nacional,Informe Monetario Diario,Saldos,D,En millones de ARS,ML
1225,2023-01-09,2793100.3704,Adelantos transitorios del BCRA al Gobierno Nacional,Informe Monetario Diario,Saldos,D,En millones de ARS,ML
1225,2023-01-10,2793100.3704,Adelantos transitorios del BCRA al Gobierno Nacional,Informe Monetario Diario,Saldos,D,En millones de ARS,ML
1225,2023-01-11,2793100.3704,Adelantos transitorios del BCRA al Gobierno Nacional,Informe Monetario Diario,Saldos,D,En millones de ARS,ML
1225,2023-01-12,2793100.3704,Adelantos transitorios del BCRA al Gobierno Nacional,Informe Monetario Diario,Saldos,D,En millones de ARS,ML
1225,2023-01-13,2793100.3704,Adelantos transitorios del BCRA al Gobierno Nacional,Informe Monetario Diario,Saldos,D,En millones de ARS,ML
1225,2023-01-16,2793100.3704,Adelantos transitorios del BCRA al Gobierno Nacional,Informe Monetario Diario,Saldos,D,En millones de ARS,ML
1225,2023-01-17,2793100.3704,Adelantos transitorios del BCRA al Gobierno Nacional,Informe Monetario Diario,Saldos,D,En millones de ARS,ML
1225,2023-01-18,2793100.3704,Adelantos transitorios del BCRA al Gobierno Nacional,Informe Monetario Diario,Saldos,D,En millones de ARS,ML
1225,2023-01-19,2793100.3704,Adelantos transitorios del BCRA al Gobierno Nacional,Informe Monetario Diario,Saldos,D,En millones de ARS,ML
1225,2023-01-20,2793100.3704,Adelantos transitorios del BCRA al Gobierno Nacional,Informe Monetario Diario,Saldos,D,En millones de ARS,ML
1225,2023-01-23,2793100.3704,Adelantos transitorios del BCRA al Gobierno Nacional,Informe Monetario Diario,Saldos,D,En millones de ARS,ML
1225,2023-01-24,2793100.3704,Adelantos transitorios del BCRA al Gobierno Nacional,Informe Monetario Diario,Saldos,D,En millones de ARS,ML
1225,2023-01-25,2793100.3704,Adelantos transitorios del BCRA al Gobierno Nacional,Informe Monetario Diario,Saldos,D,En millones de ARS,ML
1225,2023-01-26,2793100.3704,Adelantos transitorios del BCRA al Gobierno Nacional,Informe Monetario Diario,Saldos,D,En millones de ARS,ML
1225,2023-01-27,2793100.3704,Adelantos transitorios del BCRA al Gobierno Nacional,Informe Monetario Diario,Saldos,D,En millones de ARS,ML
1225,2023-01-30,2793100.3704,Adelantos transitorios del BCRA al Gobierno Nacional,Informe Monetario Diario,Saldos,D,En millones de ARS,ML
1225,2023-01-31,2793100.3704,Adelantos transitorios del BCRA al Gobierno Nacional,Informe Monetario Diario,Saldos,D,En millones de ARS,ML
1225,2023-02-01,2793100.3704,Adelantos transitorios del BCRA al Gobierno Nacional,Informe Monetario Diario,Saldos,D,En millones de ARS,ML
1225,2023-02-02,2793100.3704,Adelantos transitorios del BCRA al Gobierno Nacional,Informe Monetario Diario,Saldos,D,En millones de ARS,ML
1225,2023-02-03,2793100.3704,Adelantos transitorios del BCRA al Gobierno Nacional,Informe Monetario Diario,Saldos,D,En millones de ARS,ML
1225,2023-02-06,2793100.3704,Adelantos transitorios del BCRA al Gobierno Nacional,Informe Monetario Diario,Saldos,D,En millones de ARS,ML
1225,2023-02-07,2793100.3704,Adelantos transitorios del BCRA al Gobierno Nacional,Informe Monetario Diario,Saldos,D,En millones de ARS,ML
1225,2023-02-08,2793100.3704,Adelantos transitorios del BCRA al Gobierno Nacional,Informe Monetario Diario,Saldos,D,En millones de ARS,ML
1225,2023-02-09,2793100.3704,Adelantos transitorios del BCRA al Gobierno Nacional,Informe Monetario Diario,Saldos,D,En millones de ARS,ML
1225,2023-02-10,2793100.3704,Adelantos transitorios del BCRA al Gobierno Nacional,Informe Monetario Diario,Saldos,D,En millones de ARS,ML
1225,2023-02-13,2793100.3704,Adelantos transitorios del BCRA al Gobierno Nacional,Informe Monetario Diario,Saldos,D,En millones de ARS,ML
1225,2023-02-14,2793100.3704,Adelantos transitorios del BCRA al Gobierno Nacional,Informe Monetario Diario,Saldos,D,En millones de ARS,ML
1225,2023-02-15,2793100.3704,Adelantos transitorios del BCRA al Gobierno Nacional,Informe Monetario Diario,Saldos,D,En millones de ARS,ML
1225,2023-02-16,2793100.3704,Adelantos transitorios del BCRA al Gobierno Nacional,Informe Monetario Diario,Saldos,D,En millones de ARS,ML
1225,2023-02-17,2793100.3704,Adelantos transitorios del BCRA al Gobierno Nacional,Informe Monetario Diario,Saldos,D,En millones de ARS,ML
1225,2023-02-22,2793100.3704,Adelantos transitorios del BCRA al Gobierno Nacional,Informe Monetario Diario,Saldos,D,En millones de ARS,ML
1225,2023-02-23,2793100.3704,Adelantos transitorios del BCRA al Gobierno Nacional,Informe Monetario Diario,Saldos,D,En millones de ARS,ML
1225,2023-02-24,2793100.3704,Adelantos transitorios del BCRA al Gobierno Nacional,Informe Monetario Diario,Saldos,D,En millones de ARS,ML
1225,2023-02-27,2793100.3704,Adelantos transitorios del BCRA al Gobierno Nacional,Informe Monetario Diario,Saldos,D,En millones de ARS,ML
1225,2023-02-28,2793100.3704,Adelantos transitorios del BCRA al Gobierno Nacional,Informe Monetario Diario,Saldos,D,En millones de ARS,ML
1225,2023-03-01,2793100.3704,Adelantos transitorios del BCRA al Gobierno Nacional,Informe Monetario Diario,Saldos,D,En millones de ARS,ML
1225,2023-03-02,2793100.3704,Adelantos transitorios del BCRA al Gobierno Nacional,Informe Monetario Diario,Saldos,D,En millones de ARS,ML
1225,2023-03-03,2793100.3704,Adelantos transitorios del BCRA al Gobierno Nacional,Informe Monetario Diario,Saldos,D,En millones de ARS,ML
1225,2023-03-06,2793100.3704,Adelantos transitorios del BCRA al Gobierno Nacional,Informe Monetario Diario,Saldos,D,En millones de ARS,ML
1225,2023-03-07,2793100.3704,Adelantos transitorios del BCRA al Gobierno Nacional,Informe Monetario Diario,Saldos,D,En millones de ARS,ML
1225,2023-03-08,2793100.3704,Adelantos transitorios del BCRA al Gobierno Nacional,Informe Monetario Diario,Saldos,D,En millones de ARS,ML
1225,2023-03-09,2793100.3704,Adelantos transitorios del BCRA al Gobierno Nacional,Informe Monetario Diario,Saldos,D,En millones de ARS,ML
1225,2023-03-10,2793100.3704,Adelantos transitorios del BCRA al Gobierno Nacional,Informe Monetario Diario,Saldos,D,En millones de ARS,ML
1225,2023-03-13,2793100.3704,Adelantos transitorios del BCRA al Gobierno Nacional,Informe Monetario Diario,Saldos,D,En millones de ARS,ML
1225,2023-03-14,2793100.3704,Adelantos transitorios del BCRA al Gobierno Nacional,Informe Monetario Diario,Saldos,D,En millones de ARS,ML
1225,2023-03-15,2793100.3704,Adelantos transitorios del BCRA al Gobierno Nacional,Informe Monetario Diario,Saldos,D,En millones de ARS,ML
1225,2023-03-16,2793100.3704,Adelantos transitorios del BCRA al Gobierno Nacional,Informe Monetario Diario,Saldos,D,En millones de ARS,ML
1225,2023-03-17,2923100.3704,Adelantos transitorios del BCRA al Gobierno Nacional,Informe Monetario Diario,Saldos,D,En millones de ARS,ML
1225,2023-03-20,2923100.3704,Adelantos transitorios del BCRA al Gobierno Nacional,Informe Monetario Diario,Saldos,D,En millones de ARS,ML
1225,2023-03-21,2923100.3704,Adelantos transitorios del BCRA al Gobierno Nacional,Informe Monetario Diario,Saldos,D,En millones de ARS,ML
1225,2023-03-22,2923100.3704,Adelantos transitorios del BCRA al Gobierno Nacional,Informe Monetario Diario,Saldos,D,En millones de ARS,ML
1225,2023-03-23,2923100.3704,Adelantos transitorios del BCRA al Gobierno Nacional,Informe Monetario Diario,Saldos,D,En millones de ARS,ML
1225,2023-03-27,2923100.3704,Adelantos transitorios del BCRA al Gobierno Nacional,Informe Monetario Diario,Saldos,D,En millones de ARS,ML
1225,2023-03-28,2923100.3704,Adelantos transitorios del BCRA al Gobierno Nacional,Informe Monetario Diario,Saldos,D,En millones de ARS,ML
1225,2023-03-29,2923100.3704,Adelantos transitorios del BCRA al Gobierno Nacional,Informe Monetario Diario,Saldos,D,En millones de ARS,ML
1225,2023-03-30,2923100.3704,Adelantos transitorios del BCRA al Gobierno Nacional,Informe Monetario Diario,Saldos,D,En millones de ARS,ML
1225,2023-03-31,2923100.3704,Adelantos transitorios del BCRA al Gobierno Nacional,Informe Monetario Diario,Saldos,D,En millones de ARS,ML
1225,2023-04-03,2923100.3704,Adelantos transitorios del BCRA al Gobierno Nacional,Informe Monetario Diario,Saldos,D,En millones de ARS,ML
1225,2023-04-04,2923100.3704,Adelantos transitorios del BCRA al Gobierno Nacional,Informe Monetario Diario,Saldos,D,En millones de ARS,ML
1225,2023-04-05,2923100.3704,Adelantos transitorios del BCRA al Gobierno Nacional,Informe Monetario Diario,Saldos,D,En millones de ARS,ML
1225,2023-04-10,2923100.3704,Adelantos transitorios del BCRA al Gobierno Nacional,Informe Monetario Diario,Saldos,D,En millones de ARS,ML
1225,2023-04-11,2923100.3704,Adelantos transitorios del BCRA al Gobierno Nacional,Informe Monetario Diario,Saldos,D,En millones de ARS,ML
1225,2023-04-12,2923100.3704,Adelantos transitorios del BCRA al Gobierno Nacional,Informe Monetario Diario,Saldos,D,En millones de ARS,ML
1225,2023-04-13,2923100.3704,Adelantos transitorios del BCRA al Gobierno Nacional,Informe Monetario Diario,Saldos,D,En millones de ARS,ML
1225,2023-04-14,2923100.3704,Adelantos transitorios del BCRA al Gobierno Nacional,Informe Monetario Diario,Saldos,D,En millones de ARS,ML
1225,2023-04-17,2923100.3704,Adelantos transitorios del BCRA al Gobierno Nacional,Informe Monetario Diario,Saldos,D,En millones de ARS,ML
1225,2023-04-18,2923100.3704,Adelantos transitorios del BCRA al Gobierno Nacional,Informe Monetario Diario,Saldos,D,En millones de ARS,ML
1225,2023-04-19,2923100.3704,Adelantos transitorios del BCRA al Gobierno Nacional,Informe Monetario Diario,Saldos,D,En millones de ARS,ML
1225,2023-04-20,2923100.3704,Adelantos transitorios del BCRA al Gobierno Nacional,Informe Monetario Diario,Saldos,D,En millones de ARS,ML
1225,2023-04-21,3023100.3704,Adelantos transitorios del BCRA al Gobierno Nacional,Informe Monetario Diario,Saldos,D,En millones de ARS,ML
1225,2023-04-24,3023100.3704,Adelantos transitorios del BCRA al Gobierno Nacional,Informe Monetario Diario,Saldos,D,En millones de ARS,ML
1225,2023-04-25,3023100.3704,Adelantos transitorios del BCRA al Gobierno Nacional,Informe Monetario Diario,Saldos,D,En millones de ARS,ML
1225,2023-04-26,3023100.3704,Adelantos transitorios del BCRA al Gobierno Nacional,Informe Monetario Diario,Saldos,D,En millones de ARS,ML
1225,2023-04-27,3023100.3704,Adelantos transitorios del BCRA al Gobierno Nacional,Informe Monetario Diario,Saldos,D,En millones de ARS,ML
1225,2023-04-28,3023100.3704,Adelantos transitorios del BCRA al Gobierno Nacional,Informe Monetario Diario,Saldos,D,En millones de ARS,ML
1225,2023-05-02,3023100.3704,Adelantos transitorios del BCRA al Gobierno Nacional,Informe Monetario Diario,Saldos,D,En millones de ARS,ML
1225,2023-05-03,3023100.3704,Adelantos transitorios del BCRA al Gobierno Nacional,Informe Monetario Diario,Saldos,D,En millones de ARS,ML
1225,2023-05-04,3163100.3704,Adelantos transitorios del BCRA al Gobierno Nacional,Informe Monetario Diario,Saldos,D,En millones de ARS,ML
1225,2023-05-05,3163100.3704,Adelantos transitorios del BCRA al Gobierno Nacional,Informe Monetario Diario,Saldos,D,En millones de ARS,ML
1225,2023-05-08,3163100.3704,Adelantos transitorios del BCRA al Gobierno Nacional,Informe Monetario Diario,Saldos,D,En millones de ARS,ML
1225,2023-05-09,3313100.3704,Adelantos transitorios del BCRA al Gobierno Nacional,Informe Monetario Diario,Saldos,D,En millones de ARS,ML
1225,2023-05-10,3313100.3704,Adelantos transitorios del BCRA al Gobierno Nacional,Informe Monetario Diario,Saldos,D,En millones de ARS,ML
1225,2023-05-11,3463100.3704,Adelantos transitorios del BCRA al Gobierno Nacional,Informe Monetario Diario,Saldos,D,En millones de ARS,ML
1225,2023-05-12,3463100.3704,Adelantos transitorios del BCRA al Gobierno Nacional,Informe Monetario Diario,Saldos,D,En millones de ARS,ML
1225,2023-05-15,3463100.3704,Adelantos transitorios del BCRA al Gobierno Nacional,Informe Monetario Diario,Saldos,D,En millones de ARS,ML
1225,2023-05-16,3463100.3704,Adelantos transitorios del BCRA al Gobierno Nacional,Informe Monetario Diario,Saldos,D,En millones de ARS,ML
1225,2023-05-17,3463100.3704,Adelantos transitorios del BCRA al Gobierno Nacional,Informe Monetario Diario,Saldos,D,En millones de ARS,ML
1225,2023-05-18,3463100.3704,Adelantos transitorios del BCRA al Gobierno Nacional,Informe Monetario Diario,Saldos,D,En millones de ARS,ML
1225,2023-05-19,3463100.3704,Adelantos transitorios del BCRA al Gobierno Nacional,Informe Monetario Diario,Saldos,D,En millones de ARS,ML
1225,2023-05-22,3463100.3704,Adelantos transitorios del BCRA al Gobierno Nacional,Informe Monetario Diario,Saldos,D,En millones de ARS,ML
1225,2023-05-23,3463100.3704,Adelantos transitorios del BCRA al Gobierno Nacional,Informe Monetario Diario,Saldos,D,En millones de ARS,ML
1225,2023-05-24,3463100.3704,Adelantos transitorios del BCRA al Gobierno Nacional,Informe Monetario Diario,Saldos,D,En millones de ARS,ML
1225,2023-05-29,3463100.3704,Adelantos transitorios del BCRA al Gobierno Nacional,Informe Monetario Diario,Saldos,D,En millones de ARS,ML
1225,2023-05-30,3463100.3704,Adelantos transitorios del BCRA al Gobierno Nacional,Informe Monetario Diario,Saldos,D,En millones de ARS,ML
1225,2023-05-31,3463100.3704,Adelantos transitorios del BCRA al Gobierno Nacional,Informe Monetario Diario,Saldos,D,En millones de ARS,ML
1225,2023-06-01,3463100.3704,Adelantos transitorios del BCRA al Gobierno Nacional,Informe Monetario Diario,Saldos,D,En millones de ARS,ML
1225,2023-06-02,3463100.3704,Adelantos transitorios del BCRA al Gobierno Nacional,Informe Monetario Diario,Saldos,D,En millones de ARS,ML
1225,2023-06-05,3463100.3704,Adelantos transitorios del BCRA al Gobierno Nacional,Informe Monetario Diario,Saldos,D,En millones de ARS,ML
1225,2023-06-06,3463100.3704,Adelantos transitorios del BCRA al Gobierno Nacional,Informe Monetario Diario,Saldos,D,En millones de ARS,ML
1225,2023-06-07,3463100.3704,Adelantos transitorios del BCRA al Gobierno Nacional,Informe Monetario Diario,Saldos,D,En millones de ARS,ML
1225,2023-06-08,3463100.3704,Adelantos transitorios del BCRA al Gobierno Nacional,Informe Monetario Diario,Saldos,D,En millones de ARS,ML
1225,2023-06-09,3463100.3704,Adelantos transitorios del BCRA al Gobierno Nacional,Informe Monetario Diario,Saldos,D,En millones de ARS,ML
1225,2023-06-12,3463100.3704,Adelantos transitorios del BCRA al Gobierno Nacional,Informe Monetario Diario,Saldos,D,En millones de ARS,ML
1225,2023-06-13,3463100.3704,Adelantos transitorios del BCRA al Gobierno Nacional,Informe Monetario Diario,Saldos,D,En millones de ARS,ML
1225,2023-06-14,3463100.3704,Adelantos transitorios del BCRA al Gobierno Nacional,Informe Monetario Diario,Saldos,D,En millones de ARS,ML
1225,2023-06-15,3463100.3704,Adelantos transitorios del BCRA al Gobierno Nacional,Informe Monetario Diario,Saldos,D,En millones de ARS,ML
1225,2023-06-16,3463100.3704,Adelantos transitorios del BCRA al Gobierno Nacional,Informe Monetario Diario,Saldos,D,En millones de ARS,ML
1225,2023-06-21,3463100.3704,Adelantos transitorios del BCRA al Gobierno Nacional,Informe Monetario Diario,Saldos,D,En millones de ARS,ML
1225,2023-06-22,3463100.3704,Adelantos transitorios del BCRA al Gobierno Nacional,Informe Monetario Diario,Saldos,D,En millones de ARS,ML
1225,2023-06-23,3463100.3704,Adelantos transitorios del BCRA al Gobierno Nacional,Informe Monetario Diario,Saldos,D,En millones de ARS,ML
1225,2023-06-26,3463100.3704,Adelantos transitorios del BCRA al Gobierno Nacional,Informe Monetario Diario,Saldos,D,En millones de ARS,ML
1225,2023-06-27,3463100.3704,Adelantos transitorios del BCRA al Gobierno Nacional,Informe Monetario Diario,Saldos,D,En millones de ARS,ML
1225,2023-06-28,3463100.3704,Adelantos transitorios del BCRA al Gobierno Nacional,Informe Monetario Diario,Saldos,D,En millones de ARS,ML
1225,2023-06-29,3463100.3704,Adelantos transitorios del BCRA al Gobierno Nacional,Informe Monetario Diario,Saldos,D,En millones de ARS,ML
1225,2023-06-30,4151100.3704,Adelantos transitorios del BCRA al Gobierno Nacional,Informe Monetario Diario,Saldos,D,En millones de ARS,ML
1225,2023-07-03,4151100.3704,Adelantos transitorios del BCRA al Gobierno Nacional,Informe Monetario Diario,Saldos,D,En millones de ARS,ML
1225,2023-07-04,4151100.3704,Adelantos transitorios del BCRA al Gobierno Nacional,Informe Monetario Diario,Saldos,D,En millones de ARS,ML
1225,2023-07-05,4151100.3704,Adelantos transitorios del BCRA al Gobierno Nacional,Informe Monetario Diario,Saldos,D,En millones de ARS,ML
1225,2023-07-06,4151100.3704,Adelantos transitorios del BCRA al Gobierno Nacional,Informe Monetario Diario,Saldos,D,En millones de ARS,ML
1225,2023-07-07,4551100.3704,Adelantos transitorios del BCRA al Gobierno Nacional,Informe Monetario Diario,Saldos,D,En millones de ARS,ML
1225,2023-07-10,4551100.3704,Adelantos transitorios del BCRA al Gobierno Nacional,Informe Monetario Diario,Saldos,D,En millones de ARS,ML
1225,2023-07-11,4551100.3704,Adelantos transitorios del BCRA al Gobierno Nacional,Informe Monetario Diario,Saldos,D,En millones de ARS,ML
1225,2023-07-12,4551100.3704,Adelantos transitorios del BCRA al Gobierno Nacional,Informe Monetario Diario,Saldos,D,En millones de ARS,ML
1225,2023-07-13,4591100.3704,Adelantos transitorios del BCRA al Gobierno Nacional,Informe Monetario Diario,Saldos,D,En millones de ARS,ML
1225,2023-07-14,4591100.3704,Adelantos transitorios del BCRA al Gobierno Nacional,Informe Monetario Diario,Saldos,D,En millones de ARS,ML
1225,2023-07-17,4591100.3704,Adelantos transitorios del BCRA al Gobierno Nacional,Informe Monetario Diario,Saldos,D,En millones de ARS,ML
1225,2023-07-18,4591100.3704,Adelantos transitorios del BCRA al Gobierno Nacional,Informe Monetario Diario,Saldos,D,En millones de ARS,ML
1225,2023-07-19,4591100.3704,Adelantos transitorios del BCRA al Gobierno Nacional,Informe Monetario Diario,Saldos,D,En millones de ARS,ML
1225,2023-07-20,4591100.3704,Adelantos transitorios del BCRA al Gobierno Nacional,Informe Monetario Diario,Saldos,D,En millones de ARS,ML
1225,2023-07-21,4591100.3704,Adelantos transitorios del BCRA al Gobierno Nacional,Informe Monetario Diario,Saldos,D,En millones de ARS,ML
1225,2023-07-24,4591100.3704,Adelantos transitorios del BCRA al Gobierno Nacional,Informe Monetario Diario,Saldos,D,En millones de ARS,ML
1225,2023-07-25,4591100.3704,Adelantos transitorios del BCRA al Gobierno Nacional,Informe Monetario Diario,Saldos,D,En millones de ARS,ML
1225,2023-07-26,4591100.3704,Adelantos transitorios del BCRA al Gobierno Nacional,Informe Monetario Diario,Saldos,D,En millones de ARS,ML
1225,2023-07-27,4591100.3704,Adelantos transitorios del BCRA al Gobierno Nacional,Informe Monetario Diario,Saldos,D,En millones de ARS,ML
1225,2023-07-28,4591100.3704,Adelantos transitorios del BCRA al Gobierno Nacional,Informe Monetario Diario,Saldos,D,En millones de ARS,ML
1225,2023-07-31,4591100.3704,Adelantos transitorios del BCRA al Gobierno Nacional,Informe Monetario Diario,Saldos,D,En millones de ARS,ML
1225,2023-08-01,4591100.3704,Adelantos transitorios del BCRA al Gobierno Nacional,Informe Monetario Diario,Saldos,D,En millones de ARS,ML
1225,2023-08-02,4591100.3704,Adelantos transitorios del BCRA al Gobierno Nacional,Informe Monetario Diario,Saldos,D,En millones de ARS,ML
1225,2023-08-03,4591100.3704,Adelantos transitorios del BCRA al Gobierno Nacional,Informe Monetario Diario,Saldos,D,En millones de ARS,ML
1225,2023-08-04,4591100.3704,Adelantos transitorios del BCRA al Gobierno Nacional,Informe Monetario Diario,Saldos,D,En millones de ARS,ML
1225,2023-08-07,4591100.3704,Adelantos transitorios del BCRA al Gobierno Nacional,Informe Monetario Diario,Saldos,D,En millones de ARS,ML
1225,2023-08-08,4591100.3704,Adelantos transitorios del BCRA al Gobierno Nacional,Informe Monetario Diario,Saldos,D,En millones de ARS,ML
1225,2023-08-09,4591100.3704,Adelantos transitorios del BCRA al Gobierno Nacional,Informe Monetario Diario,Saldos,D,En millones de ARS,ML
1225,2023-08-10,4591100.3704,Adelantos transitorios del BCRA al Gobierno Nacional,Informe Monetario Diario,Saldos,D,En millones de ARS,ML
1225,2023-08-11,4591100.3704,Adelantos transitorios del BCRA al Gobierno Nacional,Informe Monetario Diario,Saldos,D,En millones de ARS,ML
1225,2023-08-14,4591100.3704,Adelantos transitorios del BCRA al Gobierno Nacional,Informe Monetario Diario,Saldos,D,En millones de ARS,ML
1225,2023-08-15,4591100.3704,Adelantos transitorios del BCRA al Gobierno Nacional,Informe Monetario Diario,Saldos,D,En millones de ARS,ML
1225,2023-08-16,4591100.3704,Adelantos transitorios del BCRA al Gobierno Nacional,Informe Monetario Diario,Saldos,D,En millones de ARS,ML
1225,2023-08-17,4591100.3704,Adelantos transitorios del BCRA al Gobierno Nacional,Informe Monetario Diario,Saldos,D,En millones de ARS,ML
1225,2023-08-18,4591100.3704,Adelantos transitorios del BCRA al Gobierno Nacional,Informe Monetario Diario,Saldos,D,En millones de ARS,ML
1225,2023-08-22,4591100.3704,Adelantos transitorios del BCRA al Gobierno Nacional,Informe Monetario Diario,Saldos,D,En millones de ARS,ML
1225,2023-08-23,4091100.3704,Adelantos transitorios del BCRA al Gobierno Nacional,Informe Monetario Diario,Saldos,D,En millones de ARS,ML
1225,2023-08-24,4091100.3704,Adelantos transitorios del BCRA al Gobierno Nacional,Informe Monetario Diario,Saldos,D,En millones de ARS,ML
1225,2023-08-25,4091100.3704,Adelantos transitorios del BCRA al Gobierno Nacional,Informe Monetario Diario,Saldos,D,En millones de ARS,ML
1225,2023-08-28,4091100.3704,Adelantos transitorios del BCRA al Gobierno Nacional,Informe Monetario Diario,Saldos,D,En millones de ARS,ML
1225,2023-08-29,4091100.3704,Adelantos transitorios del BCRA al Gobierno Nacional,Informe Monetario Diario,Saldos,D,En millones de ARS,ML
1225,2023-08-30,4091100.3704,Adelantos transitorios del BCRA al Gobierno Nacional,Informe Monetario Diario,Saldos,D,En millones de ARS,ML
1225,2023-08-31,4091100.3704,Adelantos transitorios del BCRA al Gobierno Nacional,Informe Monetario Diario,Saldos,D,En millones de ARS,ML
1225,2023-09-01,4091100.3704,Adelantos transitorios del BCRA al Gobierno Nacional,Informe Monetario Diario,Saldos,D,En millones de ARS,ML
1225,2023-09-04,4091100.3704,Adelantos transitorios del BCRA al Gobierno Nacional,Informe Monetario Diario,Saldos,D,En millones de ARS,ML
1225,2023-09-05,4091100.3704,Adelantos transitorios del BCRA al Gobierno Nacional,Informe Monetario Diario,Saldos,D,En millones de ARS,ML
1225,2023-09-06,4091100.3704,Adelantos transitorios del BCRA al Gobierno Nacional,Informe Monetario Diario,Saldos,D,En millones de ARS,ML
1225,2023-09-07,4091100.3704,Adelantos transitorios del BCRA al Gobierno Nacional,Informe Monetario Diario,Saldos,D,En millones de ARS,ML
1225,2023-09-08,4091100.3704,Adelantos transitorios del BCRA al Gobierno Nacional,Informe Monetario Diario,Saldos,D,En millones de ARS,ML
1225,2023-09-11,4091100.3704,Adelantos transitorios del BCRA al Gobierno Nacional,Informe Monetario Diario,Saldos,D,En millones de ARS,ML
1225,2023-09-12,4091100.3704,Adelantos transitorios del BCRA al Gobierno Nacional,Informe Monetario Diario,Saldos,D,En millones de ARS,ML
1225,2023-09-13,4091100.3704,Adelantos transitorios del BCRA al Gobierno Nacional,Informe Monetario Diario,Saldos,D,En millones de ARS,ML
1225,2023-09-14,4091100.3704,Adelantos transitorios del BCRA al Gobierno Nacional,Informe Monetario Diario,Saldos,D,En millones de ARS,ML
1225,2023-09-15,4091100.3704,Adelantos transitorios del BCRA al Gobierno Nacional,Informe Monetario Diario,Saldos,D,En millones de ARS,ML
1225,2023-09-18,4091100.3704,Adelantos transitorios del BCRA al Gobierno Nacional,Informe Monetario Diario,Saldos,D,En millones de ARS,ML
1225,2023-09-19,4091100.3704,Adelantos transitorios del BCRA al Gobierno Nacional,Informe Monetario Diario,Saldos,D,En millones de ARS,ML
1225,2023-09-20,4091100.3704,Adelantos transitorios del BCRA al Gobierno Nacional,Informe Monetario Diario,Saldos,D,En millones de ARS,ML
1225,2023-09-21,4091100.3704,Adelantos transitorios del BCRA al Gobierno Nacional,Informe Monetario Diario,Saldos,D,En millones de ARS,ML
1225,2023-09-22,4091100.3704,Adelantos transitorios del BCRA al Gobierno Nacional,Informe Monetario Diario,Saldos,D,En millones de ARS,ML
1225,2023-09-25,4091100.3704,Adelantos transitorios del BCRA al Gobierno Nacional,Informe Monetario Diario,Saldos,D,En millones de ARS,ML
1225,2023-09-26,4091100.3704,Adelantos transitorios del BCRA al Gobierno Nacional,Informe Monetario Diario,Saldos,D,En millones de ARS,ML
1225,2023-09-27,4091100.3704,Adelantos transitorios del BCRA al Gobierno Nacional,Informe Monetario Diario,Saldos,D,En millones de ARS,ML
1225,2023-09-28,4091100.3704,Adelantos transitorios del BCRA al Gobierno Nacional,Informe Monetario Diario,Saldos,D,En millones de ARS,ML
1225,2023-09-29,4091100.3704,Adelantos transitorios del BCRA al Gobierno Nacional,Informe Monetario Diario,Saldos,D,En millones de ARS,ML
1225,2023-10-02,4091100.3704,Adelantos transitorios del BCRA al Gobierno Nacional,Informe Monetario Diario,Saldos,D,En millones de ARS,ML
1225,2023-10-03,4091100.3704,Adelantos transitorios del BCRA al Gobierno Nacional,Informe Monetario Diario,Saldos,D,En millones de ARS,ML
1225,2023-10-04,4091100.3704,Adelantos transitorios del BCRA al Gobierno Nacional,Informe Monetario Diario,Saldos,D,En millones de ARS,ML
1225,2023-10-05,4091100.3704,Adelantos transitorios del BCRA al Gobierno Nacional,Informe Monetario Diario,Saldos,D,En millones de ARS,ML
1225,2023-10-06,4091100.3704,Adelantos transitorios del BCRA al Gobierno Nacional,Informe Monetario Diario,Saldos,D,En millones de ARS,ML
1225,2023-10-09,4091100.3704,Adelantos transitorios del BCRA al Gobierno Nacional,Informe Monetario Diario,Saldos,D,En millones de ARS,ML
1225,2023-10-10,4091100.3704,Adelantos transitorios del BCRA al Gobierno Nacional,Informe Monetario Diario,Saldos,D,En millones de ARS,ML
1225,2023-10-11,4091100.3704,Adelantos transitorios del BCRA al Gobierno Nacional,Informe Monetario Diario,Saldos,D,En millones de ARS,ML
1225,2023-10-12,4091100.3704,Adelantos transitorios del BCRA al Gobierno Nacional,Informe Monetario Diario,Saldos,D,En millones de ARS,ML
1225,2023-10-17,4091100.3704,Adelantos transitorios del BCRA al Gobierno Nacional,Informe Monetario Diario,Saldos,D,En millones de ARS,ML
1225,2023-10-18,4091100.3704,Adelantos transitorios del BCRA al Gobierno Nacional,Informe Monetario Diario,Saldos,D,En millones de ARS,ML
1225,2023-10-19,4091100.3704,Adelantos transitorios del BCRA al Gobierno Nacional,Informe Monetario Diario,Saldos,D,En millones de ARS,ML
1225,2023-10-20,4091100.3704,Adelantos transitorios del BCRA al Gobierno Nacional,Informe Monetario Diario,Saldos,D,En millones de ARS,ML
1225,2023-10-23,4091100.3704,Adelantos transitorios del BCRA al Gobierno Nacional,Informe Monetario Diario,Saldos,D,En millones de ARS,ML
1225,2023-10-24,4091100.3704,Adelantos transitorios del BCRA al Gobierno Nacional,Informe Monetario Diario,Saldos,D,En millones de ARS,ML
1225,2023-10-25,4091100.3704,Adelantos transitorios del BCRA al Gobierno Nacional,Informe Monetario Diario,Saldos,D,En millones de ARS,ML
1225,2023-10-26,4091100.3704,Adelantos transitorios del BCRA al Gobierno Nacional,Informe Monetario Diario,Saldos,D,En millones de ARS,ML
1225,2023-10-27,4091100.3704,Adelantos transitorios del BCRA al Gobierno Nacional,Informe Monetario Diario,Saldos,D,En millones de ARS,ML
1225,2023-10-30,4091100.3704,Adelantos transitorios del BCRA al Gobierno Nacional,Informe Monetario Diario,Saldos,D,En millones de ARS,ML
1225,2023-10-31,4091100.3704,Adelantos transitorios del BCRA al Gobierno Nacional,Informe Monetario Diario,Saldos,D,En millones de ARS,ML
1225,2023-11-01,4091100.3704,Adelantos transitorios del BCRA al Gobierno Nacional,Informe Monetario Diario,Saldos,D,En millones de ARS,ML
1225,2023-11-02,4091100.3704,Adelantos transitorios del BCRA al Gobierno Nacional,Informe Monetario Diario,Saldos,D,En millones de ARS,ML
1225,2023-11-03,4091100.3704,Adelantos transitorios del BCRA al Gobierno Nacional,Informe Monetario Diario,Saldos,D,En millones de ARS,ML
1225,2023-11-07,4091100.3704,Adelantos transitorios del BCRA al Gobierno Nacional,Informe Monetario Diario,Saldos,D,En millones de ARS,ML
1225,2023-11-08,4091100.3704,Adelantos transitorios del BCRA al Gobierno Nacional,Informe Monetario Diario,Saldos,D,En millones de ARS,ML
1225,2023-11-09,4091100.3704,Adelantos transitorios del BCRA al Gobierno Nacional,Informe Monetario Diario,Saldos,D,En millones de ARS,ML
1225,2023-11-10,4091100.3704,Adelantos transitorios del BCRA al Gobierno Nacional,Informe Monetario Diario,Saldos,D,En millones de ARS,ML
1225,2023-11-13,4091100.3704,Adelantos transitorios del BCRA al Gobierno Nacional,Informe Monetario Diario,Saldos,D,En millones de ARS,ML
1225,2023-11-14,4091100.3704,Adelantos transitorios del BCRA al Gobierno Nacional,Informe Monetario Diario,Saldos,D,En millones de ARS,ML
1225,2023-11-15,4091100.3704,Adelantos transitorios del BCRA al Gobierno Nacional,Informe Monetario Diario,Saldos,D,En millones de ARS,ML
1225,2023-11-16,4091100.3704,Adelantos transitorios del BCRA al Gobierno Nacional,Informe Monetario Diario,Saldos,D,En millones de ARS,ML
1225,2023-11-17,4091100.3704,Adelantos transitorios del BCRA al Gobierno Nacional,Informe Monetario Diario,Saldos,D,En millones de ARS,ML
1225,2023-11-21,4091100.3704,Adelantos transitorios del BCRA al Gobierno Nacional,Informe Monetario Diario,Saldos,D,En millones de ARS,ML
1225,2023-11-22,4091100.3704,Adelantos transitorios del BCRA al Gobierno Nacional,Informe Monetario Diario,Saldos,D,En millones de ARS,ML
1225,2023-11-23,4091100.3704,Adelantos transitorios del BCRA al Gobierno Nacional,Informe Monetario Diario,Saldos,D,En millones de ARS,ML
1225,2023-11-24,4091100.3704,Adelantos transitorios del BCRA al Gobierno Nacional,Informe Monetario Diario,Saldos,D,En millones de ARS,ML
1225,2023-11-27,4091100.3704,Adelantos transitorios del BCRA al Gobierno Nacional,Informe Monetario Diario,Saldos,D,En millones de ARS,ML
1225,2023-11-28,4091100.3704,Adelantos transitorios del BCRA al Gobierno Nacional,Informe Monetario Diario,Saldos,D,En millones de ARS,ML
1225,2023-11-29,4091100.3704,Adelantos transitorios del BCRA al Gobierno Nacional,Informe Monetario Diario,Saldos,D,En millones de ARS,ML
1225,2023-11-30,4091100.3704,Adelantos transitorios del BCRA al Gobierno Nacional,Informe Monetario Diario,Saldos,D,En millones de ARS,ML
1225,2023-12-01,4091100.3704,Adelantos transitorios del BCRA al Gobierno Nacional,Informe Monetario Diario,Saldos,D,En millones de ARS,ML
1225,2023-12-04,4091100.3704,Adelantos transitorios del BCRA al Gobierno Nacional,Informe Monetario Diario,Saldos,D,En millones de ARS,ML
1225,2023-12-05,4091100.3704,Adelantos transitorios del BCRA al Gobierno Nacional,Informe Monetario Diario,Saldos,D,En millones de ARS,ML
1225,2023-12-06,4091100.3704,Adelantos transitorios del BCRA al Gobierno Nacional,Informe Monetario Diario,Saldos,D,En millones de ARS,ML
1225,2023-12-07,4091100.3704,Adelantos transitorios del BCRA al Gobierno Nacional,Informe Monetario Diario,Saldos,D,En millones de ARS,ML
1225,2023-12-11,4091100.3704,Adelantos transitorios del BCRA al Gobierno Nacional,Informe Monetario Diario,Saldos,D,En millones de ARS,ML
1225,2023-12-12,4091100.3704,Adelantos transitorios del BCRA al Gobierno Nacional,Informe Monetario Diario,Saldos,D,En millones de ARS,ML
1225,2023-12-13,4091100.3704,Adelantos transitorios del BCRA al Gobierno Nacional,Informe Monetario Diario,Saldos,D,En millones de ARS,ML
1225,2023-12-14,4091100.3704,Adelantos transitorios del BCRA al Gobierno Nacional,Informe Monetario Diario,Saldos,D,En millones de ARS,ML
1225,2023-12-15,4091100.3704,Adelantos transitorios del BCRA al Gobierno Nacional,Informe Monetario Diario,Saldos,D,En millones de ARS,ML
1225,2023-12-18,4091100.3704,Adelantos transitorios del BCRA al Gobierno Nacional,Informe Monetario Diario,Saldos,D,En millones de ARS,ML
1225,2023-12-19,4091100.3704,Adelantos transitorios del BCRA al Gobierno Nacional,Informe Monetario Diario,Saldos,D,En millones de ARS,ML
1225,2023-12-20,4091100.3704,Adelantos transitorios del BCRA al Gobierno Nacional,Informe Monetario Diario,Saldos,D,En millones de ARS,ML
1225,2023-12-21,4091100.3704,Adelantos transitorios del BCRA al Gobierno Nacional,Informe Monetario Diario,Saldos,D,En millones de ARS,ML
1225,2023-12-22,4091100.3704,Adelantos transitorios del BCRA al Gobierno Nacional,Informe Monetario Diario,Saldos,D,En millones de ARS,ML
1225,2023-12-26,4091100.3704,Adelantos transitorios del BCRA al Gobierno Nacional,Informe Monetario Diario,Saldos,D,En millones de ARS,ML
1225,2023-12-27,4091100.3704,Adelantos transitorios del BCRA al Gobierno Nacional,Informe Monetario Diario,Saldos,D,En millones de ARS,ML
1225,2023-12-28,4091100.3704,Adelantos transitorios del BCRA al Gobierno Nacional,Informe Monetario Diario,Saldos,D,En millones de ARS,ML
1225,2023-12-29,4091100.3704,Adelantos transitorios del BCRA al Gobierno Nacional,Informe Monetario Diario,Saldos,D,En millones de ARS,ML
1225,2024-01-02,4091100.3704,Adelantos transitorios del BCRA al Gobierno Nacional,Informe Monetario Diario,Saldos,D,En millones de ARS,ML
1225,2024-01-03,4091100.3704,Adelantos transitorios del BCRA al Gobierno Nacional,Informe Monetario Diario,Saldos,D,En millones de ARS,ML
1225,2024-01-04,4091100.3704,Adelantos transitorios del BCRA al Gobierno Nacional,Informe Monetario Diario,Saldos,D,En millones de ARS,ML
1225,2024-01-05,4091100.3704,Adelantos transitorios del BCRA al Gobierno Nacional,Informe Monetario Diario,Saldos,D,En millones de ARS,ML
1225,2024-01-08,4091100.3704,Adelantos transitorios del BCRA al Gobierno Nacional,Informe Monetario Diario,Saldos,D,En millones de ARS,ML
1225,2024-01-09,4091100.3704,Adelantos transitorios del BCRA al Gobierno Nacional,Informe Monetario Diario,Saldos,D,En millones de ARS,ML
1225,2024-01-10,4091100.3704,Adelantos transitorios del BCRA al Gobierno Nacional,Informe Monetario Diario,Saldos,D,En millones de ARS,ML
1225,2024-01-11,4091100.3704,Adelantos transitorios del BCRA al Gobierno Nacional,Informe Monetario Diario,Saldos,D,En millones de ARS,ML
1225,2024-01-12,4091100.3704,Adelantos transitorios del BCRA al Gobierno Nacional,Informe Monetario Diario,Saldos,D,En millones de ARS,ML
1225,2024-01-15,4091100.3704,Adelantos transitorios del BCRA al Gobierno Nacional,Informe Monetario Diario,Saldos,D,En millones de ARS,ML
1225,2024-01-16,4091100.3704,Adelantos transitorios del BCRA al Gobierno Nacional,Informe Monetario Diario,Saldos,D,En millones de ARS,ML
1225,2024-01-17,4091100.3704,Adelantos transitorios del BCRA al Gobierno Nacional,Informe Monetario Diario,Saldos,D,En millones de ARS,ML
1225,2024-01-18,4091100.3704,Adelantos transitorios del BCRA al Gobierno Nacional,Informe Monetario Diario,Saldos,D,En millones de ARS,ML
1225,2024-01-19,4091100.3704,Adelantos transitorios del BCRA al Gobierno Nacional,Informe Monetario Diario,Saldos,D,En millones de ARS,ML
1225,2024-01-22,4091100.3704,Adelantos transitorios del BCRA al Gobierno Nacional,Informe Monetario Diario,Saldos,D,En millones de ARS,ML
1225,2024-01-23,4091100.3704,Adelantos transitorios del BCRA al Gobierno Nacional,Informe Monetario Diario,Saldos,D,En millones de ARS,ML
1225,2024-01-24,4091100.3704,Adelantos transitorios del BCRA al Gobierno Nacional,Informe Monetario Diario,Saldos,D,En millones de ARS,ML
1225,2024-01-25,4091100.3704,Adelantos transitorios del BCRA al Gobierno Nacional,Informe Monetario Diario,Saldos,D,En millones de ARS,ML
1225,2024-01-26,4091100.3704,Adelantos transitorios del BCRA al Gobierno Nacional,Informe Monetario Diario,Saldos,D,En millones de ARS,ML
1225,2024-01-29,4091100.3704,Adelantos transitorios del BCRA al Gobierno Nacional,Informe Monetario Diario,Saldos,D,En millones de ARS,ML
1225,2024-01-30,4091100.3704,Adelantos transitorios del BCRA al Gobierno Nacional,Informe Monetario Diario,Saldos,D,En millones de ARS,ML
1225,2024-01-31,4091100.3704,Adelantos transitorios del BCRA al Gobierno Nacional,Informe Monetario Diario,Saldos,D,En millones de ARS,ML
1225,2024-02-01,4091100.3704,Adelantos transitorios del BCRA al Gobierno Nacional,Informe Monetario Diario,Saldos,D,En millones de ARS,ML
1225,2024-02-02,4091100.3704,Adelantos transitorios del BCRA al Gobierno Nacional,Informe Monetario Diario,Saldos,D,En millones de ARS,ML
1225,2024-02-05,4091100.3704,Adelantos transitorios del BCRA al Gobierno Nacional,Informe Monetario Diario,Saldos,D,En millones de ARS,ML
1225,2024-02-06,4091100.3704,Adelantos transitorios del BCRA al Gobierno Nacional,Informe Monetario Diario,Saldos,D,En millones de ARS,ML
1225,2024-02-07,4091100.3704,Adelantos transitorios del BCRA al Gobierno Nacional,Informe Monetario Diario,Saldos,D,En millones de ARS,ML
1225,2024-02-08,4091100.3704,Adelantos transitorios del BCRA al Gobierno Nacional,Informe Monetario Diario,Saldos,D,En millones de ARS,ML
1225,2024-02-09,4091100.3704,Adelantos transitorios del BCRA al Gobierno Nacional,Informe Monetario Diario,Saldos,D,En millones de ARS,ML
1225,2024-02-14,4091100.3704,Adelantos transitorios del BCRA al Gobierno Nacional,Informe Monetario Diario,Saldos,D,En millones de ARS,ML
1225,2024-02-15,4091100.3704,Adelantos transitorios del BCRA al Gobierno Nacional,Informe Monetario Diario,Saldos,D,En millones de ARS,ML
1225,2024-02-16,4091100.3704,Adelantos transitorios del BCRA al Gobierno Nacional,Informe Monetario Diario,Saldos,D,En millones de ARS,ML
1225,2024-02-19,4091100.3704,Adelantos transitorios del BCRA al Gobierno Nacional,Informe Monetario Diario,Saldos,D,En millones de ARS,ML
1225,2024-02-20,4091100.3704,Adelantos transitorios del BCRA al Gobierno Nacional,Informe Monetario Diario,Saldos,D,En millones de ARS,ML
1225,2024-02-21,4091100.3704,Adelantos transitorios del BCRA al Gobierno Nacional,Informe Monetario Diario,Saldos,D,En millones de ARS,ML
1225,2024-02-22,4091100.3704,Adelantos transitorios del BCRA al Gobierno Nacional,Informe Monetario Diario,Saldos,D,En millones de ARS,ML
1225,2024-02-23,4091100.3704,Adelantos transitorios del BCRA al Gobierno Nacional,Informe Monetario Diario,Saldos,D,En millones de ARS,ML
1225,2024-02-26,4091100.3704,Adelantos transitorios del BCRA al Gobierno Nacional,Informe Monetario Diario,Saldos,D,En millones de ARS,ML
1225,2024-02-27,4091100.3704,Adelantos transitorios del BCRA al Gobierno Nacional,Informe Monetario Diario,Saldos,D,En millones de ARS,ML
1225,2024-02-28,4091100.3704,Adelantos transitorios del BCRA al Gobierno Nacional,Informe Monetario Diario,Saldos,D,En millones de ARS,ML
1225,2024-02-29,4091100.3704,Adelantos transitorios del BCRA al Gobierno Nacional,Informe Monetario Diario,Saldos,D,En millones de ARS,ML
1225,2024-03-01,4091100.3704,Adelantos transitorios del BCRA al Gobierno Nacional,Informe Monetario Diario,Saldos,D,En millones de ARS,ML
1225,2024-03-04,4091100.3704,Adelantos transitorios del BCRA al Gobierno Nacional,Informe Monetario Diario,Saldos,D,En millones de ARS,ML
1225,2024-03-05,4091100.3704,Adelantos transitorios del BCRA al Gobierno Nacional,Informe Monetario Diario,Saldos,D,En millones de ARS,ML
1225,2024-03-06,4091100.3704,Adelantos transitorios del BCRA al Gobierno Nacional,Informe Monetario Diario,Saldos,D,En millones de ARS,ML
1225,2024-03-07,4091100.3704,Adelantos transitorios del BCRA al Gobierno Nacional,Informe Monetario Diario,Saldos,D,En millones de ARS,ML
1225,2024-03-08,4091100.3704,Adelantos transitorios del BCRA al Gobierno Nacional,Informe Monetario Diario,Saldos,D,En millones de ARS,ML
1225,2024-03-11,4091100.3704,Adelantos transitorios del BCRA al Gobierno Nacional,Informe Monetario Diario,Saldos,D,En millones de ARS,ML
1225,2024-03-12,4091100.3704,Adelantos transitorios del BCRA al Gobierno Nacional,Informe Monetario Diario,Saldos,D,En millones de ARS,ML
1225,2024-03-13,4091100.3704,Adelantos transitorios del BCRA al Gobierno Nacional,Informe Monetario Diario,Saldos,D,En millones de ARS,ML
1225,2024-03-14,4091100.3704,Adelantos transitorios del BCRA al Gobierno Nacional,Informe Monetario Diario,Saldos,D,En millones de ARS,ML
1225,2024-03-15,4091100.3704,Adelantos transitorios del BCRA al Gobierno Nacional,Informe Monetario Diario,Saldos,D,En millones de ARS,ML
1225,2024-03-18,4091100.3704,Adelantos transitorios del BCRA al Gobierno Nacional,Informe Monetario Diario,Saldos,D,En millones de ARS,ML
1225,2024-03-19,4091100.3704,Adelantos transitorios del BCRA al Gobierno Nacional,Informe Monetario Diario,Saldos,D,En millones de ARS,ML
1225,2024-03-20,4091100.3704,Adelantos transitorios del BCRA al Gobierno Nacional,Informe Monetario Diario,Saldos,D,En millones de ARS,ML
1225,2024-03-21,4091100.3704,Adelantos transitorios del BCRA al Gobierno Nacional,Informe Monetario Diario,Saldos,D,En millones de ARS,ML
1225,2024-03-22,4091100.3704,Adelantos transitorios del BCRA al Gobierno Nacional,Informe Monetario Diario,Saldos,D,En millones de ARS,ML
1225,2024-03-25,4091100.3704,Adelantos transitorios del BCRA al Gobierno Nacional,Informe Monetario Diario,Saldos,D,En millones de ARS,ML
1225,2024-03-26,4091100.3704,Adelantos transitorios del BCRA al Gobierno Nacional,Informe Monetario Diario,Saldos,D,En millones de ARS,ML
1225,2024-03-27,4091100.3704,Adelantos transitorios del BCRA al Gobierno Nacional,Informe Monetario Diario,Saldos,D,En millones de ARS,ML
1225,2024-04-03,4091100.3704,Adelantos transitorios del BCRA al Gobierno Nacional,Informe Monetario Diario,Saldos,D,En millones de ARS,ML
1225,2024-04-04,4091100.3704,Adelantos transitorios del BCRA al Gobierno Nacional,Informe Monetario Diario,Saldos,D,En millones de ARS,ML
1225,2024-04-05,4091100.3704,Adelantos transitorios del BCRA al Gobierno Nacional,Informe Monetario Diario,Saldos,D,En millones de ARS,ML
1225,2024-04-08,4091100.3704,Adelantos transitorios del BCRA al Gobierno Nacional,Informe Monetario Diario,Saldos,D,En millones de ARS,ML
1225,2024-04-09,4091100.3704,Adelantos transitorios del BCRA al Gobierno Nacional,Informe Monetario Diario,Saldos,D,En millones de ARS,ML
1225,2024-04-10,4091100.3704,Adelantos transitorios del BCRA al Gobierno Nacional,Informe Monetario Diario,Saldos,D,En millones de ARS,ML
1225,2024-04-11,4091100.3704,Adelantos transitorios del BCRA al Gobierno Nacional,Informe Monetario Diario,Saldos,D,En millones de ARS,ML
1225,2024-04-12,4091100.3704,Adelantos transitorios del BCRA al Gobierno Nacional,Informe Monetario Diario,Saldos,D,En millones de ARS,ML
1225,2024-04-15,4091100.3704,Adelantos transitorios del BCRA al Gobierno Nacional,Informe Monetario Diario,Saldos,D,En millones de ARS,ML
1225,2024-04-16,4091100.3704,Adelantos transitorios del BCRA al Gobierno Nacional,Informe Monetario Diario,Saldos,D,En millones de ARS,ML
1225,2024-04-17,4091100.3704,Adelantos transitorios del BCRA al Gobierno Nacional,Informe Monetario Diario,Saldos,D,En millones de ARS,ML
1225,2024-04-18,4091100.3704,Adelantos transitorios del BCRA al Gobierno Nacional,Informe Monetario Diario,Saldos,D,En millones de ARS,ML
1225,2024-04-19,4091100.3704,Adelantos transitorios del BCRA al Gobierno Nacional,Informe Monetario Diario,Saldos,D,En millones de ARS,ML
1225,2024-04-22,4091100.3704,Adelantos transitorios del BCRA al Gobierno Nacional,Informe Monetario Diario,Saldos,D,En millones de ARS,ML
1225,2024-04-23,4091100.3704,Adelantos transitorios del BCRA al Gobierno Nacional,Informe Monetario Diario,Saldos,D,En millones de ARS,ML
1225,2024-04-24,4091100.3704,Adelantos transitorios del BCRA al Gobierno Nacional,Informe Monetario Diario,Saldos,D,En millones de ARS,ML
1225,2024-04-25,4091100.3704,Adelantos transitorios del BCRA al Gobierno Nacional,Informe Monetario Diario,Saldos,D,En millones de ARS,ML
1225,2024-04-26,4091100.3704,Adelantos transitorios del BCRA al Gobierno Nacional,Informe Monetario Diario,Saldos,D,En millones de ARS,ML
1225,2024-04-29,4091100.3704,Adelantos transitorios del BCRA al Gobierno Nacional,Informe Monetario Diario,Saldos,D,En millones de ARS,ML
1225,2024-04-30,4091100.3704,Adelantos transitorios del BCRA al Gobierno Nacional,Informe Monetario Diario,Saldos,D,En millones de ARS,ML
1225,2024-05-02,4091100.3704,Adelantos transitorios del BCRA al Gobierno Nacional,Informe Monetario Diario,Saldos,D,En millones de ARS,ML
1225,2024-05-03,4091100.3704,Adelantos transitorios del BCRA al Gobierno Nacional,Informe Monetario Diario,Saldos,D,En millones de ARS,ML
1225,2024-05-06,4091100.3704,Adelantos transitorios del BCRA al Gobierno Nacional,Informe Monetario Diario,Saldos,D,En millones de ARS,ML
1225,2024-05-07,4091100.3704,Adelantos transitorios del BCRA al Gobierno Nacional,Informe Monetario Diario,Saldos,D,En millones de ARS,ML
1225,2024-05-08,4091100.3704,Adelantos transitorios del BCRA al Gobierno Nacional,Informe Monetario Diario,Saldos,D,En millones de ARS,ML
1225,2024-05-09,4091100.3704,Adelantos transitorios del BCRA al Gobierno Nacional,Informe Monetario Diario,Saldos,D,En millones de ARS,ML
1225,2024-05-10,4091100.3704,Adelantos transitorios del BCRA al Gobierno Nacional,Informe Monetario Diario,Saldos,D,En millones de ARS,ML
1225,2024-05-13,4091100.3704,Adelantos transitorios del BCRA al Gobierno Nacional,Informe Monetario Diario,Saldos,D,En millones de ARS,ML
1225,2024-05-14,4091100.3704,Adelantos transitorios del BCRA al Gobierno Nacional,Informe Monetario Diario,Saldos,D,En millones de ARS,ML
1225,2024-05-15,4091100.3704,Adelantos transitorios del BCRA al Gobierno Nacional,Informe Monetario Diario,Saldos,D,En millones de ARS,ML
1225,2024-05-16,4091100.3704,Adelantos transitorios del BCRA al Gobierno Nacional,Informe Monetario Diario,Saldos,D,En millones de ARS,ML
1225,2024-05-17,4091100.3704,Adelantos transitorios del BCRA al Gobierno Nacional,Informe Monetario Diario,Saldos,D,En millones de ARS,ML
1225,2024-05-20,4091100.3704,Adelantos transitorios del BCRA al Gobierno Nacional,Informe Monetario Diario,Saldos,D,En millones de ARS,ML
1225,2024-05-21,4091100.3704,Adelantos transitorios del BCRA al Gobierno Nacional,Informe Monetario Diario,Saldos,D,En millones de ARS,ML
1225,2024-05-22,4091100.3704,Adelantos transitorios del BCRA al Gobierno Nacional,Informe Monetario Diario,Saldos,D,En millones de ARS,ML
1225,2024-05-23,4091100.3704,Adelantos transitorios del BCRA al Gobierno Nacional,Informe Monetario Diario,Saldos,D,En millones de ARS,ML
1225,2024-05-24,4091100.3704,Adelantos transitorios del BCRA al Gobierno Nacional,Informe Monetario Diario,Saldos,D,En millones de ARS,ML
1225,2024-05-27,4091100.3704,Adelantos transitorios del BCRA al Gobierno Nacional,Informe Monetario Diario,Saldos,D,En millones de ARS,ML
1225,2024-05-28,4091100.3704,Adelantos transitorios del BCRA al Gobierno Nacional,Informe Monetario Diario,Saldos,D,En millones de ARS,ML
1225,2024-05-29,4091100.3704,Adelantos transitorios del BCRA al Gobierno Nacional,Informe Monetario Diario,Saldos,D,En millones de ARS,ML
1225,2024-05-30,4091100.3704,Adelantos transitorios del BCRA al Gobierno Nacional,Informe Monetario Diario,Saldos,D,En millones de ARS,ML
1225,2024-05-31,4091100.3704,Adelantos transitorios del BCRA al Gobierno Nacional,Informe Monetario Diario,Saldos,D,En millones de ARS,ML
1225,2024-06-03,4091100.3704,Adelantos transitorios del BCRA al Gobierno Nacional,Informe Monetario Diario,Saldos,D,En millones de ARS,ML
1225,2024-06-04,4091100.3704,Adelantos transitorios del BCRA al Gobierno Nacional,Informe Monetario Diario,Saldos,D,En millones de ARS,ML
1225,2024-06-05,4091100.3704,Adelantos transitorios del BCRA al Gobierno Nacional,Informe Monetario Diario,Saldos,D,En millones de ARS,ML
1225,2024-06-06,4091100.3704,Adelantos transitorios del BCRA al Gobierno Nacional,Informe Monetario Diario,Saldos,D,En millones de ARS,ML
1225,2024-06-07,4091100.3704,Adelantos transitorios del BCRA al Gobierno Nacional,Informe Monetario Diario,Saldos,D,En millones de ARS,ML
1225,2024-06-10,4091100.3704,Adelantos transitorios del BCRA al Gobierno Nacional,Informe Monetario Diario,Saldos,D,En millones de ARS,ML
1225,2024-06-11,4091100.3704,Adelantos transitorios del BCRA al Gobierno Nacional,Informe Monetario Diario,Saldos,D,En millones de ARS,ML
1225,2024-06-12,4091100.3704,Adelantos transitorios del BCRA al Gobierno Nacional,Informe Monetario Diario,Saldos,D,En millones de ARS,ML
1225,2024-06-13,4091100.3704,Adelantos transitorios del BCRA al Gobierno Nacional,Informe Monetario Diario,Saldos,D,En millones de ARS,ML
1225,2024-06-14,4091100.3704,Adelantos transitorios del BCRA al Gobierno Nacional,Informe Monetario Diario,Saldos,D,En millones de ARS,ML
1225,2024-06-18,4091100.3704,Adelantos transitorios del BCRA al Gobierno Nacional,Informe Monetario Diario,Saldos,D,En millones de ARS,ML
1225,2024-06-19,4091100.3704,Adelantos transitorios del BCRA al Gobierno Nacional,Informe Monetario Diario,Saldos,D,En millones de ARS,ML
1225,2024-06-24,4091100.3704,Adelantos transitorios del BCRA al Gobierno Nacional,Informe Monetario Diario,Saldos,D,En millones de ARS,ML
1225,2024-06-25,4091100.3704,Adelantos transitorios del BCRA al Gobierno Nacional,Informe Monetario Diario,Saldos,D,En millones de ARS,ML
1225,2024-06-26,4091100.3704,Adelantos transitorios del BCRA al Gobierno Nacional,Informe Monetario Diario,Saldos,D,En millones de ARS,ML
1225,2024-06-27,4091100.3704,Adelantos transitorios del BCRA al Gobierno Nacional,Informe Monetario Diario,Saldos,D,En millones de ARS,ML
1225,2024-06-28,4091100.3704,Adelantos transitorios del BCRA al Gobierno Nacional,Informe Monetario Diario,Saldos,D,En millones de ARS,ML
1225,2024-07-01,4091100.3704,Adelantos transitorios del BCRA al Gobierno Nacional,Informe Monetario Diario,Saldos,D,En millones de ARS,ML
1225,2024-07-02,4091100.3704,Adelantos transitorios del BCRA al Gobierno Nacional,Informe Monetario Diario,Saldos,D,En millones de ARS,ML
1225,2024-07-03,4091100.3704,Adelantos transitorios del BCRA al Gobierno Nacional,Informe Monetario Diario,Saldos,D,En millones de ARS,ML
1225,2024-07-04,4091100.3704,Adelantos transitorios del BCRA al Gobierno Nacional,Informe Monetario Diario,Saldos,D,En millones de ARS,ML
1225,2024-07-05,4091100.3704,Adelantos transitorios del BCRA al Gobierno Nacional,Informe Monetario Diario,Saldos,D,En millones de ARS,ML
1225,2024-07-08,4091100.3704,Adelantos transitorios del BCRA al Gobierno Nacional,Informe Monetario Diario,Saldos,D,En millones de ARS,ML
1225,2024-07-10,4091100.3704,Adelantos transitorios del BCRA al Gobierno Nacional,Informe Monetario Diario,Saldos,D,En millones de ARS,ML
1225,2024-07-11,4091100.3704,Adelantos transitorios del BCRA al Gobierno Nacional,Informe Monetario Diario,Saldos,D,En millones de ARS,ML
1225,2024-07-12,4091100.3704,Adelantos transitorios del BCRA al Gobierno Nacional,Informe Monetario Diario,Saldos,D,En millones de ARS,ML
1225,2024-07-15,4091100.3704,Adelantos transitorios del BCRA al Gobierno Nacional,Informe Monetario Diario,Saldos,D,En millones de ARS,ML
1225,2024-07-16,4091100.3704,Adelantos transitorios del BCRA al Gobierno Nacional,Informe Monetario Diario,Saldos,D,En millones de ARS,ML
1225,2024-07-17,4091100.3704,Adelantos transitorios del BCRA al Gobierno Nacional,Informe Monetario Diario,Saldos,D,En millones de ARS,ML
1225,2024-07-18,4091100.3704,Adelantos transitorios del BCRA al Gobierno Nacional,Informe Monetario Diario,Saldos,D,En millones de ARS,ML
1225,2024-07-19,4091100.3704,Adelantos transitorios del BCRA al Gobierno Nacional,Informe Monetario Diario,Saldos,D,En millones de ARS,ML
1225,2024-07-22,4091100.3704,Adelantos transitorios del BCRA al Gobierno Nacional,Informe Monetario Diario,Saldos,D,En millones de ARS,ML
1225,2024-07-23,4091100.3704,Adelantos transitorios del BCRA al Gobierno Nacional,Informe Monetario Diario,Saldos,D,En millones de ARS,ML
1225,2024-07-24,4091100.3704,Adelantos transitorios del BCRA al Gobierno Nacional,Informe Monetario Diario,Saldos,D,En millones de ARS,ML
1225,2024-07-25,4091100.3704,Adelantos transitorios del BCRA al Gobierno Nacional,Informe Monetario Diario,Saldos,D,En millones de ARS,ML
1225,2024-07-26,4091100.3704,Adelantos transitorios del BCRA al Gobierno Nacional,Informe Monetario Diario,Saldos,D,En millones de ARS,ML
1225,2024-07-29,4091100.3704,Adelantos transitorios del BCRA al Gobierno Nacional,Informe Monetario Diario,Saldos,D,En millones de ARS,ML
1225,2024-07-30,4091100.3704,Adelantos transitorios del BCRA al Gobierno Nacional,Informe Monetario Diario,Saldos,D,En millones de ARS,ML
1225,2024-07-31,4091100.3704,Adelantos transitorios del BCRA al Gobierno Nacional,Informe Monetario Diario,Saldos,D,En millones de ARS,ML
1225,2024-08-01,4091100.3704,Adelantos transitorios del BCRA al Gobierno Nacional,Informe Monetario Diario,Saldos,D,En millones de ARS,ML
1225,2024-08-02,4091100.3704,Adelantos transitorios del BCRA al Gobierno Nacional,Informe Monetario Diario,Saldos,D,En millones de ARS,ML
1225,2024-08-05,4091100.3704,Adelantos transitorios del BCRA al Gobierno Nacional,Informe Monetario Diario,Saldos,D,En millones de ARS,ML
1225,2024-08-06,4091100.3704,Adelantos transitorios del BCRA al Gobierno Nacional,Informe Monetario Diario,Saldos,D,En millones de ARS,ML
1225,2024-08-07,4091100.3704,Adelantos transitorios del BCRA al Gobierno Nacional,Informe Monetario Diario,Saldos,D,En millones de ARS,ML
1225,2024-08-08,4091100.3704,Adelantos transitorios del BCRA al Gobierno Nacional,Informe Monetario Diario,Saldos,D,En millones de ARS,ML
1225,2024-08-09,4091100.3704,Adelantos transitorios del BCRA al Gobierno Nacional,Informe Monetario Diario,Saldos,D,En millones de ARS,ML
1225,2024-08-12,4091100.3704,Adelantos transitorios del BCRA al Gobierno Nacional,Informe Monetario Diario,Saldos,D,En millones de ARS,ML
1225,2024-08-13,4091100.3704,Adelantos transitorios del BCRA al Gobierno Nacional,Informe Monetario Diario,Saldos,D,En millones de ARS,ML
1225,2024-08-14,4091100.3704,Adelantos transitorios del BCRA al Gobierno Nacional,Informe Monetario Diario,Saldos,D,En millones de ARS,ML
1225,2024-08-15,4091100.3704,Adelantos transitorios del BCRA al Gobierno Nacional,Informe Monetario Diario,Saldos,D,En millones de ARS,ML
1225,2024-08-16,4091100.3704,Adelantos transitorios del BCRA al Gobierno Nacional,Informe Monetario Diario,Saldos,D,En millones de ARS,ML
1225,2024-08-19,4091100.3704,Adelantos transitorios del BCRA al Gobierno Nacional,Informe Monetario Diario,Saldos,D,En millones de ARS,ML
1225,2024-08-20,4091100.3704,Adelantos transitorios del BCRA al Gobierno Nacional,Informe Monetario Diario,Saldos,D,En millones de ARS,ML
1225,2024-08-21,4091100.3704,Adelantos transitorios del BCRA al Gobierno Nacional,Informe Monetario Diario,Saldos,D,En millones de ARS,ML
1225,2024-08-22,4091100.3704,Adelantos transitorios del BCRA al Gobierno Nacional,Informe Monetario Diario,Saldos,D,En millones de ARS,ML
1225,2024-08-23,4091100.3704,Adelantos transitorios del BCRA al Gobierno Nacional,Informe Monetario Diario,Saldos,D,En millones de ARS,ML
1225,2024-08-26,4091100.3704,Adelantos transitorios del BCRA al Gobierno Nacional,Informe Monetario Diario,Saldos,D,En millones de ARS,ML
1225,2024-08-27,4091100.3704,Adelantos transitorios del BCRA al Gobierno Nacional,Informe Monetario Diario,Saldos,D,En millones de ARS,ML
1225,2024-08-28,4091100.3704,Adelantos transitorios del BCRA al Gobierno Nacional,Informe Monetario Diario,Saldos,D,En millones de ARS,ML
1225,2024-08-29,4091100.3704,Adelantos transitorios del BCRA al Gobierno Nacional,Informe Monetario Diario,Saldos,D,En millones de ARS,ML
1225,2024-08-30,4091100.3704,Adelantos transitorios del BCRA al Gobierno Nacional,Informe Monetario Diario,Saldos,D,En millones de ARS,ML
1225,2024-09-02,4091100.3704,Adelantos transitorios del BCRA al Gobierno Nacional,Informe Monetario Diario,Saldos,D,En millones de ARS,ML
1225,2024-09-03,4091100.3704,Adelantos transitorios del BCRA al Gobierno Nacional,Informe Monetario Diario,Saldos,D,En millones de ARS,ML
1225,2024-09-04,4091100.3704,Adelantos transitorios del BCRA al Gobierno Nacional,Informe Monetario Diario,Saldos,D,En millones de ARS,ML
1225,2024-09-05,4091100.3704,Adelantos transitorios del BCRA al Gobierno Nacional,Informe Monetario Diario,Saldos,D,En millones de ARS,ML
1225,2024-09-06,4091100.3704,Adelantos transitorios del BCRA al Gobierno Nacional,Informe Monetario Diario,Saldos,D,En millones de ARS,ML
1225,2024-09-09,4091100.3704,Adelantos transitorios del BCRA al Gobierno Nacional,Informe Monetario Diario,Saldos,D,En millones de ARS,ML
1225,2024-09-10,4091100.3704,Adelantos transitorios del BCRA al Gobierno Nacional,Informe Monetario Diario,Saldos,D,En millones de ARS,ML
1225,2024-09-11,4091100.3704,Adelantos transitorios del BCRA al Gobierno Nacional,Informe Monetario Diario,Saldos,D,En millones de ARS,ML
1225,2024-09-12,4091100.3704,Adelantos transitorios del BCRA al Gobierno Nacional,Informe Monetario Diario,Saldos,D,En millones de ARS,ML
1225,2024-09-13,4091100.3704,Adelantos transitorios del BCRA al Gobierno Nacional,Informe Monetario Diario,Saldos,D,En millones de ARS,ML
1225,2024-09-16,4091100.3704,Adelantos transitorios del BCRA al Gobierno Nacional,Informe Monetario Diario,Saldos,D,En millones de ARS,ML
1225,2024-09-17,4091100.3704,Adelantos transitorios del BCRA al Gobierno Nacional,Informe Monetario Diario,Saldos,D,En millones de ARS,ML
1225,2024-09-18,4091100.3704,Adelantos transitorios del BCRA al Gobierno Nacional,Informe Monetario Diario,Saldos,D,En millones de ARS,ML
1225,2024-09-19,4091100.3704,Adelantos transitorios del BCRA al Gobierno Nacional,Informe Monetario Diario,Saldos,D,En millones de ARS,ML
1225,2024-09-20,4091100.3704,Adelantos transitorios del BCRA al Gobierno Nacional,Informe Monetario Diario,Saldos,D,En millones de ARS,ML
1225,2024-09-23,4091100.3704,Adelantos transitorios del BCRA al Gobierno Nacional,Informe Monetario Diario,Saldos,D,En millones de ARS,ML
1225,2024-09-24,4091100.3704,Adelantos transitorios del BCRA al Gobierno Nacional,Informe Monetario Diario,Saldos,D,En millones de ARS,ML
1225,2024-09-25,4091100.3704,Adelantos transitorios del BCRA al Gobierno Nacional,Informe Monetario Diario,Saldos,D,En millones de ARS,ML
1225,2024-09-26,4091100.3704,Adelantos transitorios del BCRA al Gobierno Nacional,Informe Monetario Diario,Saldos,D,En millones de ARS,ML
1225,2024-09-27,4091100.3704,Adelantos transitorios del BCRA al Gobierno Nacional,Informe Monetario Diario,Saldos,D,En millones de ARS,ML
1225,2024-09-30,4091100.3704,Adelantos transitorios del BCRA al Gobierno Nacional,Informe Monetario Diario,Saldos,D,En millones de ARS,ML
1225,2024-10-01,4091100.3704,Adelantos transitorios del BCRA al Gobierno Nacional,Informe Monetario Diario,Saldos,D,En millones de ARS,ML
1225,2024-10-02,4091100.3704,Adelantos transitorios del BCRA al Gobierno Nacional,Informe Monetario Diario,Saldos,D,En millones de ARS,ML
1225,2024-10-03,4091100.3704,Adelantos transitorios del BCRA al Gobierno Nacional,Informe Monetario Diario,Saldos,D,En millones de ARS,ML
1225,2024-10-04,4091100.3704,Adelantos transitorios del BCRA al Gobierno Nacional,Informe Monetario Diario,Saldos,D,En millones de ARS,ML
1225,2024-10-07,4091100.3704,Adelantos transitorios del BCRA al Gobierno Nacional,Informe Monetario Diario,Saldos,D,En millones de ARS,ML
1225,2024-10-08,4091100.3704,Adelantos transitorios del BCRA al Gobierno Nacional,Informe Monetario Diario,Saldos,D,En millones de ARS,ML
1225,2024-10-09,4091100.3704,Adelantos transitorios del BCRA al Gobierno Nacional,Informe Monetario Diario,Saldos,D,En millones de ARS,ML
1225,2024-10-10,4091100.3704,Adelantos transitorios del BCRA al Gobierno Nacional,Informe Monetario Diario,Saldos,D,En millones de ARS,ML
1225,2024-10-14,4091100.3704,Adelantos transitorios del BCRA al Gobierno Nacional,Informe Monetario Diario,Saldos,D,En millones de ARS,ML
1225,2024-10-15,4091100.3704,Adelantos transitorios del BCRA al Gobierno Nacional,Informe Monetario Diario,Saldos,D,En millones de ARS,ML
1225,2024-10-16,4091100.3704,Adelantos transitorios del BCRA al Gobierno Nacional,Informe Monetario Diario,Saldos,D,En millones de ARS,ML
1225,2024-10-17,4091100.3704,Adelantos transitorios del BCRA al Gobierno Nacional,Informe Monetario Diario,Saldos,D,En millones de ARS,ML
1225,2024-10-18,4091100.3704,Adelantos transitorios del BCRA al Gobierno Nacional,Informe Monetario Diario,Saldos,D,En millones de ARS,ML
1225,2024-10-21,4091100.3704,Adelantos transitorios del BCRA al Gobierno Nacional,Informe Monetario Diario,Saldos,D,En millones de ARS,ML
1225,2024-10-22,4091100.3704,Adelantos transitorios del BCRA al Gobierno Nacional,Informe Monetario Diario,Saldos,D,En millones de ARS,ML
1225,2024-10-23,4091100.3704,Adelantos transitorios del BCRA al Gobierno Nacional,Informe Monetario Diario,Saldos,D,En millones de ARS,ML
1225,2024-10-24,4091100.3704,Adelantos transitorios del BCRA al Gobierno Nacional,Informe Monetario Diario,Saldos,D,En millones de ARS,ML
1225,2024-10-25,4091100.3704,Adelantos transitorios del BCRA al Gobierno Nacional,Informe Monetario Diario,Saldos,D,En millones de ARS,ML
1225,2024-10-28,4091100.3704,Adelantos transitorios del BCRA al Gobierno Nacional,Informe Monetario Diario,Saldos,D,En millones de ARS,ML
1225,2024-10-29,4091100.3704,Adelantos transitorios del BCRA al Gobierno Nacional,Informe Monetario Diario,Saldos,D,En millones de ARS,ML
1225,2024-10-30,4091100.3704,Adelantos transitorios del BCRA al Gobierno Nacional,Informe Monetario Diario,Saldos,D,En millones de ARS,ML
1225,2024-10-31,4091100.3704,Adelantos transitorios del BCRA al Gobierno Nacional,Informe Monetario Diario,Saldos,D,En millones de ARS,ML
1225,2024-11-01,4091100.3704,Adelantos transitorios del BCRA al Gobierno Nacional,Informe Monetario Diario,Saldos,D,En millones de ARS,ML
1225,2024-11-04,4091100.3704,Adelantos transitorios del BCRA al Gobierno Nacional,Informe Monetario Diario,Saldos,D,En millones de ARS,ML
1225,2024-11-05,4091100.3704,Adelantos transitorios del BCRA al Gobierno Nacional,Informe Monetario Diario,Saldos,D,En millones de ARS,ML
1225,2024-11-07,4091100.3704,Adelantos transitorios del BCRA al Gobierno Nacional,Informe Monetario Diario,Saldos,D,En millones de ARS,ML
1225,2024-11-08,4091100.3704,Adelantos transitorios del BCRA al Gobierno Nacional,Informe Monetario Diario,Saldos,D,En millones de ARS,ML
1225,2024-11-11,4091100.3704,Adelantos transitorios del BCRA al Gobierno Nacional,Informe Monetario Diario,Saldos,D,En millones de ARS,ML
1225,2024-11-12,4091100.3704,Adelantos transitorios del BCRA al Gobierno Nacional,Informe Monetario Diario,Saldos,D,En millones de ARS,ML
1225,2024-11-13,4091100.3704,Adelantos transitorios del BCRA al Gobierno Nacional,Informe Monetario Diario,Saldos,D,En millones de ARS,ML
1225,2024-11-14,4091100.3704,Adelantos transitorios del BCRA al Gobierno Nacional,Informe Monetario Diario,Saldos,D,En millones de ARS,ML
1225,2024-11-15,4091100.3704,Adelantos transitorios del BCRA al Gobierno Nacional,Informe Monetario Diario,Saldos,D,En millones de ARS,ML
1225,2024-11-19,4091100.3704,Adelantos transitorios del BCRA al Gobierno Nacional,Informe Monetario Diario,Saldos,D,En millones de ARS,ML
1225,2024-11-20,4091100.3704,Adelantos transitorios del BCRA al Gobierno Nacional,Informe Monetario Diario,Saldos,D,En millones de ARS,ML
1225,2024-11-21,4091100.3704,Adelantos transitorios del BCRA al Gobierno Nacional,Informe Monetario Diario,Saldos,D,En millones de ARS,ML
1225,2024-11-22,4091100.3704,Adelantos transitorios del BCRA al Gobierno Nacional,Informe Monetario Diario,Saldos,D,En millones de ARS,ML
1225,2024-11-25,4091100.3704,Adelantos transitorios del BCRA al Gobierno Nacional,Informe Monetario Diario,Saldos,D,En millones de ARS,ML
1225,2024-11-26,4091100.3704,Adelantos transitorios del BCRA al Gobierno Nacional,Informe Monetario Diario,Saldos,D,En millones de ARS,ML
1225,2024-11-27,4091100.3704,Adelantos transitorios del BCRA al Gobierno Nacional,Informe Monetario Diario,Saldos,D,En millones de ARS,ML
1225,2024-11-28,4091100.3704,Adelantos transitorios del BCRA al Gobierno Nacional,Informe Monetario Diario,Saldos,D,En millones de ARS,ML
1225,2024-11-29,4091100.3704,Adelantos transitorios del BCRA al Gobierno Nacional,Informe Monetario Diario,Saldos,D,En millones de ARS,ML
1225,2024-12-02,4091100.3704,Adelantos transitorios del BCRA al Gobierno Nacional,Informe Monetario Diario,Saldos,D,En millones de ARS,ML
1225,2024-12-03,4091100.3704,Adelantos transitorios del BCRA al Gobierno Nacional,Informe Monetario Diario,Saldos,D,En millones de ARS,ML
1225,2024-12-04,4091100.3704,Adelantos transitorios del BCRA al Gobierno Nacional,Informe Monetario Diario,Saldos,D,En millones de ARS,ML
1225,2024-12-05,4091100.3704,Adelantos transitorios del BCRA al Gobierno Nacional,Informe Monetario Diario,Saldos,D,En millones de ARS,ML
1225,2024-12-06,4091100.3704,Adelantos transitorios del BCRA al Gobierno Nacional,Informe Monetario Diario,Saldos,D,En millones de ARS,ML
1225,2024-12-09,4091100.3704,Adelantos transitorios del BCRA al Gobierno Nacional,Informe Monetario Diario,Saldos,D,En millones de ARS,ML
1225,2024-12-10,4091100.3704,Adelantos transitorios del BCRA al Gobierno Nacional,Informe Monetario Diario,Saldos,D,En millones de ARS,ML
1225,2024-12-11,4091100.3704,Adelantos transitorios del BCRA al Gobierno Nacional,Informe Monetario Diario,Saldos,D,En millones de ARS,ML
1225,2024-12-12,4091100.3704,Adelantos transitorios del BCRA al Gobierno Nacional,Informe Monetario Diario,Saldos,D,En millones de ARS,ML
1225,2024-12-13,4091100.3704,Adelantos transitorios del BCRA al Gobierno Nacional,Informe Monetario Diario,Saldos,D,En millones de ARS,ML
1225,2024-12-16,4091100.3704,Adelantos transitorios del BCRA al Gobierno Nacional,Informe Monetario Diario,Saldos,D,En millones de ARS,ML
1225,2024-12-17,4091100.3704,Adelantos transitorios del BCRA al Gobierno Nacional,Informe Monetario Diario,Saldos,D,En millones de ARS,ML
1225,2024-12-18,4091100.3704,Adelantos transitorios del BCRA al Gobierno Nacional,Informe Monetario Diario,Saldos,D,En millones de ARS,ML
1225,2024-12-19,4091100.3704,Adelantos transitorios del BCRA al Gobierno Nacional,Informe Monetario Diario,Saldos,D,En millones de ARS,ML
1225,2024-12-20,4091100.3704,Adelantos transitorios del BCRA al Gobierno Nacional,Informe Monetario Diario,Saldos,D,En millones de ARS,ML
1225,2024-12-23,4091100.3704,Adelantos transitorios del BCRA al Gobierno Nacional,Informe Monetario Diario,Saldos,D,En millones de ARS,ML
1225,2024-12-26,4091100.3704,Adelantos transitorios del BCRA al Gobierno Nacional,Informe Monetario Diario,Saldos,D,En millones de ARS,ML
1225,2024-12-27,4091100.3704,Adelantos transitorios del BCRA al Gobierno Nacional,Informe Monetario Diario,Saldos,D,En millones de ARS,ML
1225,2024-12-30,4091100.3704,Adelantos transitorios del BCRA al Gobierno Nacional,Informe Monetario Diario,Saldos,D,En millones de ARS,ML
1225,2025-01-02,4091100.3704,Adelantos transitorios del BCRA al Gobierno Nacional,Informe Monetario Diario,Saldos,D,En millones de ARS,ML
1225,2025-01-03,4091100.3704,Adelantos transitorios del BCRA al Gobierno Nacional,Informe Monetario Diario,Saldos,D,En millones de ARS,ML
1225,2025-01-06,4091100.3704,Adelantos transitorios del BCRA al Gobierno Nacional,Informe Monetario Diario,Saldos,D,En millones de ARS,ML
1225,2025-01-07,4091100.3704,Adelantos transitorios del BCRA al Gobierno Nacional,Informe Monetario Diario,Saldos,D,En millones de ARS,ML
1225,2025-01-08,4091100.3704,Adelantos transitorios del BCRA al Gobierno Nacional,Informe Monetario Diario,Saldos,D,En millones de ARS,ML
1225,2025-01-09,4091100.3704,Adelantos transitorios del BCRA al Gobierno Nacional,Informe Monetario Diario,Saldos,D,En millones de ARS,ML
1225,2025-01-10,4091100.3704,Adelantos transitorios del BCRA al Gobierno Nacional,Informe Monetario Diario,Saldos,D,En millones de ARS,ML
1225,2025-01-13,4091100.3704,Adelantos transitorios del BCRA al Gobierno Nacional,Informe Monetario Diario,Saldos,D,En millones de ARS,ML
1225,2025-01-14,4091100.3704,Adelantos transitorios del BCRA al Gobierno Nacional,Informe Monetario Diario,Saldos,D,En millones de ARS,ML
1225,2025-01-15,4091100.3704,Adelantos transitorios del BCRA al Gobierno Nacional,Informe Monetario Diario,Saldos,D,En millones de ARS,ML
1225,2025-01-16,4091100.3704,Adelantos transitorios del BCRA al Gobierno Nacional,Informe Monetario Diario,Saldos,D,En millones de ARS,ML
1225,2025-01-17,4091100.3704,Adelantos transitorios del BCRA al Gobierno Nacional,Informe Monetario Diario,Saldos,D,En millones de ARS,ML
1225,2025-01-20,4091100.3704,Adelantos transitorios del BCRA al Gobierno Nacional,Informe Monetario Diario,Saldos,D,En millones de ARS,ML
1225,2025-01-21,4091100.3704,Adelantos transitorios del BCRA al Gobierno Nacional,Informe Monetario Diario,Saldos,D,En millones de ARS,ML
1225,2025-01-22,4091100.3704,Adelantos transitorios del BCRA al Gobierno Nacional,Informe Monetario Diario,Saldos,D,En millones de ARS,ML
1225,2025-01-23,4091100.3704,Adelantos transitorios del BCRA al Gobierno Nacional,Informe Monetario Diario,Saldos,D,En millones de ARS,ML
1225,2025-01-24,4091100.3704,Adelantos transitorios del BCRA al Gobierno Nacional,Informe Monetario Diario,Saldos,D,En millones de ARS,ML
1225,2025-01-27,4091100.3704,Adelantos transitorios del BCRA al Gobierno Nacional,Informe Monetario Diario,Saldos,D,En millones de ARS,ML
1225,2025-01-28,4091100.3704,Adelantos transitorios del BCRA al Gobierno Nacional,Informe Monetario Diario,Saldos,D,En millones de ARS,ML
1225,2025-01-29,4091100.3704,Adelantos transitorios del BCRA al Gobierno Nacional,Informe Monetario Diario,Saldos,D,En millones de ARS,ML
1225,2025-01-30,4091100.3704,Adelantos transitorios del BCRA al Gobierno Nacional,Informe Monetario Diario,Saldos,D,En millones de ARS,ML
1225,2025-01-31,4091100.3704,Adelantos transitorios del BCRA al Gobierno Nacional,Informe Monetario Diario,Saldos,D,En millones de ARS,ML
1225,2025-02-03,4091100.3704,Adelantos transitorios del BCRA al Gobierno Nacional,Informe Monetario Diario,Saldos,D,En millones de ARS,ML
1225,2025-02-04,4091100.3704,Adelantos transitorios del BCRA al Gobierno Nacional,Informe Monetario Diario,Saldos,D,En millones de ARS,ML
1225,2025-02-05,4091100.3704,Adelantos transitorios del BCRA al Gobierno Nacional,Informe Monetario Diario,Saldos,D,En millones de ARS,ML
1225,2025-02-06,4091100.3704,Adelantos transitorios del BCRA al Gobierno Nacional,Informe Monetario Diario,Saldos,D,En millones de ARS,ML
1225,2025-02-07,4091100.3704,Adelantos transitorios del BCRA al Gobierno Nacional,Informe Monetario Diario,Saldos,D,En millones de ARS,ML
1225,2025-02-10,4091100.3704,Adelantos transitorios del BCRA al Gobierno Nacional,Informe Monetario Diario,Saldos,D,En millones de ARS,ML
1225,2025-02-11,4091100.3704,Adelantos transitorios del BCRA al Gobierno Nacional,Informe Monetario Diario,Saldos,D,En millones de ARS,ML
1225,2025-02-12,4091100.3704,Adelantos transitorios del BCRA al Gobierno Nacional,Informe Monetario Diario,Saldos,D,En millones de ARS,ML
1225,2025-02-13,4091100.3704,Adelantos transitorios del BCRA al Gobierno Nacional,Informe Monetario Diario,Saldos,D,En millones de ARS,ML
1225,2025-02-14,4091100.3704,Adelantos transitorios del BCRA al Gobierno Nacional,Informe Monetario Diario,Saldos,D,En millones de ARS,ML
1225,2025-02-17,4091100.3704,Adelantos transitorios del BCRA al Gobierno Nacional,Informe Monetario Diario,Saldos,D,En millones de ARS,ML
1225,2025-02-18,4091100.3704,Adelantos transitorios del BCRA al Gobierno Nacional,Informe Monetario Diario,Saldos,D,En millones de ARS,ML
1225,2025-02-19,4091100.3704,Adelantos transitorios del BCRA al Gobierno Nacional,Informe Monetario Diario,Saldos,D,En millones de ARS,ML
1225,2025-02-20,4091100.3704,Adelantos transitorios del BCRA al Gobierno Nacional,Informe Monetario Diario,Saldos,D,En millones de ARS,ML
1225,2025-02-21,4091100.3704,Adelantos transitorios del BCRA al Gobierno Nacional,Informe Monetario Diario,Saldos,D,En millones de ARS,ML
1225,2025-02-24,4091100.3704,Adelantos transitorios del BCRA al Gobierno Nacional,Informe Monetario Diario,Saldos,D,En millones de ARS,ML
1225,2025-02-25,4091100.3704,Adelantos transitorios del BCRA al Gobierno Nacional,Informe Monetario Diario,Saldos,D,En millones de ARS,ML
1225,2025-02-26,4091100.3704,Adelantos transitorios del BCRA al Gobierno Nacional,Informe Monetario Diario,Saldos,D,En millones de ARS,ML
1225,2025-02-27,4091100.3704,Adelantos transitorios del BCRA al Gobierno Nacional,Informe Monetario Diario,Saldos,D,En millones de ARS,ML
1225,2025-02-28,4091100.3704,Adelantos transitorios del BCRA al Gobierno Nacional,Informe Monetario Diario,Saldos,D,En millones de ARS,ML
1225,2025-03-05,4091100.3704,Adelantos transitorios del BCRA al Gobierno Nacional,Informe Monetario Diario,Saldos,D,En millones de ARS,ML
1225,2025-03-06,4091100.3704,Adelantos transitorios del BCRA al Gobierno Nacional,Informe Monetario Diario,Saldos,D,En millones de ARS,ML
1225,2025-03-07,4091100.3704,Adelantos transitorios del BCRA al Gobierno Nacional,Informe Monetario Diario,Saldos,D,En millones de ARS,ML
1225,2025-03-10,4091100.3704,Adelantos transitorios del BCRA al Gobierno Nacional,Informe Monetario Diario,Saldos,D,En millones de ARS,ML
1225,2025-03-11,4091100.3704,Adelantos transitorios del BCRA al Gobierno Nacional,Informe Monetario Diario,Saldos,D,En millones de ARS,ML
1225,2025-03-12,4091100.3704,Adelantos transitorios del BCRA al Gobierno Nacional,Informe Monetario Diario,Saldos,D,En millones de ARS,ML
1225,2025-03-13,4091100.3704,Adelantos transitorios del BCRA al Gobierno Nacional,Informe Monetario Diario,Saldos,D,En millones de ARS,ML
1225,2025-03-14,4091100.3704,Adelantos transitorios del BCRA al Gobierno Nacional,Informe Monetario Diario,Saldos,D,En millones de ARS,ML
1225,2025-03-17,4091100.3704,Adelantos transitorios del BCRA al Gobierno Nacional,Informe Monetario Diario,Saldos,D,En millones de ARS,ML
1225,2025-03-18,4091100.3704,Adelantos transitorios del BCRA al Gobierno Nacional,Informe Monetario Diario,Saldos,D,En millones de ARS,ML
1225,2025-03-19,4091100.3704,Adelantos transitorios del BCRA al Gobierno Nacional,Informe Monetario Diario,Saldos,D,En millones de ARS,ML
1225,2025-03-20,4091100.3704,Adelantos transitorios del BCRA al Gobierno Nacional,Informe Monetario Diario,Saldos,D,En millones de ARS,ML
1225,2025-03-21,4091100.3704,Adelantos transitorios del BCRA al Gobierno Nacional,Informe Monetario Diario,Saldos,D,En millones de ARS,ML
1225,2025-03-25,4091100.3704,Adelantos transitorios del BCRA al Gobierno Nacional,Informe Monetario Diario,Saldos,D,En millones de ARS,ML
1225,2025-03-26,4091100.3704,Adelantos transitorios del BCRA al Gobierno Nacional,Informe Monetario Diario,Saldos,D,En millones de ARS,ML
1225,2025-03-27,4091100.3704,Adelantos transitorios del BCRA al Gobierno Nacional,Informe Monetario Diario,Saldos,D,En millones de ARS,ML
1225,2025-03-28,4091100.3704,Adelantos transitorios del BCRA al Gobierno Nacional,Informe Monetario Diario,Saldos,D,En millones de ARS,ML
1225,2025-03-31,4091100.3704,Adelantos transitorios del BCRA al Gobierno Nacional,Informe Monetario Diario,Saldos,D,En millones de ARS,ML
1225,2025-04-01,4091100.3704,Adelantos transitorios del BCRA al Gobierno Nacional,Informe Monetario Diario,Saldos,D,En millones de ARS,ML
1225,2025-04-03,4091100.3704,Adelantos transitorios del BCRA al Gobierno Nacional,Informe Monetario Diario,Saldos,D,En millones de ARS,ML
1225,2025-04-04,4091100.3704,Adelantos transitorios del BCRA al Gobierno Nacional,Informe Monetario Diario,Saldos,D,En millones de ARS,ML
1225,2025-04-07,4091100.3704,Adelantos transitorios del BCRA al Gobierno Nacional,Informe Monetario Diario,Saldos,D,En millones de ARS,ML
1225,2025-04-08,4091100.3704,Adelantos transitorios del BCRA al Gobierno Nacional,Informe Monetario Diario,Saldos,D,En millones de ARS,ML
1225,2025-04-09,4091100.3704,Adelantos transitorios del BCRA al Gobierno Nacional,Informe Monetario Diario,Saldos,D,En millones de ARS,ML
1225,2025-04-10,4091100.3704,Adelantos transitorios del BCRA al Gobierno Nacional,Informe Monetario Diario,Saldos,D,En millones de ARS,ML
1225,2025-04-11,4091100.3704,Adelantos transitorios del BCRA al Gobierno Nacional,Informe Monetario Diario,Saldos,D,En millones de ARS,ML
1225,2025-04-14,4091100.3704,Adelantos transitorios del BCRA al Gobierno Nacional,Informe Monetario Diario,Saldos,D,En millones de ARS,ML
1225,2025-04-15,4091100.3704,Adelantos transitorios del BCRA al Gobierno Nacional,Informe Monetario Diario,Saldos,D,En millones de ARS,ML
1225,2025-04-16,4091100.3704,Adelantos transitorios del BCRA al Gobierno Nacional,Informe Monetario Diario,Saldos,D,En millones de ARS,ML
1225,2025-04-21,4091100.3704,Adelantos transitorios del BCRA al Gobierno Nacional,Informe Monetario Diario,Saldos,D,En millones de ARS,ML
1225,2025-04-22,4091100.3704,Adelantos transitorios del BCRA al Gobierno Nacional,Informe Monetario Diario,Saldos,D,En millones de ARS,ML
1225,2025-04-23,4091100.3704,Adelantos transitorios del BCRA al Gobierno Nacional,Informe Monetario Diario,Saldos,D,En millones de ARS,ML
1225,2025-04-24,4091100.3704,Adelantos transitorios del BCRA al Gobierno Nacional,Informe Monetario Diario,Saldos,D,En millones de ARS,ML
1225,2025-04-25,4091100.3704,Adelantos transitorios del BCRA al Gobierno Nacional,Informe Monetario Diario,Saldos,D,En millones de ARS,ML
1225,2025-04-28,4091100.3704,Adelantos transitorios del BCRA al Gobierno Nacional,Informe Monetario Diario,Saldos,D,En millones de ARS,ML
1225,2025-04-29,4091100.3704,Adelantos transitorios del BCRA al Gobierno Nacional,Informe Monetario Diario,Saldos,D,En millones de ARS,ML
1225,2025-04-30,4091100.3704,Adelantos transitorios del BCRA al Gobierno Nacional,Informe Monetario Diario,Saldos,D,En millones de ARS,ML
1225,2025-05-05,4091100.3704,Adelantos transitorios del BCRA al Gobierno Nacional,Informe Monetario Diario,Saldos,D,En millones de ARS,ML
1225,2025-05-06,4091100.3704,Adelantos transitorios del BCRA al Gobierno Nacional,Informe Monetario Diario,Saldos,D,En millones de ARS,ML
1225,2025-05-07,4091100.3704,Adelantos transitorios del BCRA al Gobierno Nacional,Informe Monetario Diario,Saldos,D,En millones de ARS,ML
1225,2025-05-08,4091100.3704,Adelantos transitorios del BCRA al Gobierno Nacional,Informe Monetario Diario,Saldos,D,En millones de ARS,ML
1225,2025-05-09,4091100.3704,Adelantos transitorios del BCRA al Gobierno Nacional,Informe Monetario Diario,Saldos,D,En millones de ARS,ML
1225,2025-05-12,4091100.3704,Adelantos transitorios del BCRA al Gobierno Nacional,Informe Monetario Diario,Saldos,D,En millones de ARS,ML
1225,2025-05-13,4091100.3704,Adelantos transitorios del BCRA al Gobierno Nacional,Informe Monetario Diario,Saldos,D,En millones de ARS,ML
1225,2025-05-14,4091100.3704,Adelantos transitorios del BCRA al Gobierno Nacional,Informe Monetario Diario,Saldos,D,En millones de ARS,ML
1225,2025-05-15,4091100.3704,Adelantos transitorios del BCRA al Gobierno Nacional,Informe Monetario Diario,Saldos,D,En millones de ARS,ML
1225,2025-05-16,4091100.3704,Adelantos transitorios del BCRA al Gobierno Nacional,Informe Monetario Diario,Saldos,D,En millones de ARS,ML
1225,2025-05-19,4091100.3704,Adelantos transitorios del BCRA al Gobierno Nacional,Informe Monetario Diario,Saldos,D,En millones de ARS,ML
1225,2025-05-20,4091100.3704,Adelantos transitorios del BCRA al Gobierno Nacional,Informe Monetario Diario,Saldos,D,En millones de ARS,ML
1225,2025-05-21,4091100.3704,Adelantos transitorios del BCRA al Gobierno Nacional,Informe Monetario Diario,Saldos,D,En millones de ARS,ML
1225,2025-05-22,4091100.3704,Adelantos transitorios del BCRA al Gobierno Nacional,Informe Monetario Diario,Saldos,D,En millones de ARS,ML
1225,2025-05-23,4091100.3704,Adelantos transitorios del BCRA al Gobierno Nacional,Informe Monetario Diario,Saldos,D,En millones de ARS,ML
1225,2025-05-26,4091100.3704,Adelantos transitorios del BCRA al Gobierno Nacional,Informe Monetario Diario,Saldos,D,En millones de ARS,ML
1225,2025-05-27,4091100.3704,Adelantos transitorios del BCRA al Gobierno Nacional,Informe Monetario Diario,Saldos,D,En millones de ARS,ML
1225,2025-05-28,4091100.3704,Adelantos transitorios del BCRA al Gobierno Nacional,Informe Monetario Diario,Saldos,D,En millones de ARS,ML
1225,2025-05-29,4091100.3704,Adelantos transitorios del BCRA al Gobierno Nacional,Informe Monetario Diario,Saldos,D,En millones de ARS,ML
1225,2025-05-30,4091100.3704,Adelantos transitorios del BCRA al Gobierno Nacional,Informe Monetario Diario,Saldos,D,En millones de ARS,ML
1225,2025-06-02,4091100.3704,Adelantos transitorios del BCRA al Gobierno Nacional,Informe Monetario Diario,Saldos,D,En millones de ARS,ML
1225,2025-06-03,4091100.3704,Adelantos transitorios del BCRA al Gobierno Nacional,Informe Monetario Diario,Saldos,D,En millones de ARS,ML
1225,2025-06-04,4091100.3704,Adelantos transitorios del BCRA al Gobierno Nacional,Informe Monetario Diario,Saldos,D,En millones de ARS,ML
1225,2025-06-05,4091100.3704,Adelantos transitorios del BCRA al Gobierno Nacional,Informe Monetario Diario,Saldos,D,En millones de ARS,ML
1225,2025-06-06,4091100.3704,Adelantos transitorios del BCRA al Gobierno Nacional,Informe Monetario Diario,Saldos,D,En millones de ARS,ML
1225,2025-06-09,4091100.3704,Adelantos transitorios del BCRA al Gobierno Nacional,Informe Monetario Diario,Saldos,D,En millones de ARS,ML
1225,2025-06-10,4091100.3704,Adelantos transitorios del BCRA al Gobierno Nacional,Informe Monetario Diario,Saldos,D,En millones de ARS,ML
1225,2025-06-11,4091100.3704,Adelantos transitorios del BCRA al Gobierno Nacional,Informe Monetario Diario,Saldos,D,En millones de ARS,ML
1225,2025-06-12,4091100.3704,Adelantos transitorios del BCRA al Gobierno Nacional,Informe Monetario Diario,Saldos,D,En millones de ARS,ML
1225,2025-06-13,4091100.3704,Adelantos transitorios del BCRA al Gobierno Nacional,Informe Monetario Diario,Saldos,D,En millones de ARS,ML
1225,2025-06-17,4091100.3704,Adelantos transitorios del BCRA al Gobierno Nacional,Informe Monetario Diario,Saldos,D,En millones de ARS,ML
1225,2025-06-18,4091100.3704,Adelantos transitorios del BCRA al Gobierno Nacional,Informe Monetario Diario,Saldos,D,En millones de ARS,ML
1225,2025-06-19,4091100.3704,Adelantos transitorios del BCRA al Gobierno Nacional,Informe Monetario Diario,Saldos,D,En millones de ARS,ML
1225,2025-06-23,4091100.3704,Adelantos transitorios del BCRA al Gobierno Nacional,Informe Monetario Diario,Saldos,D,En millones de ARS,ML
1225,2025-06-24,4091100.3704,Adelantos transitorios del BCRA al Gobierno Nacional,Informe Monetario Diario,Saldos,D,En millones de ARS,ML
1225,2025-06-25,4091100.3704,Adelantos transitorios del BCRA al Gobierno Nacional,Informe Monetario Diario,Saldos,D,En millones de ARS,ML
1225,2025-06-26,4091100.3704,Adelantos transitorios del BCRA al Gobierno Nacional,Informe Monetario Diario,Saldos,D,En millones de ARS,ML
1225,2025-06-27,4091100.3704,Adelantos transitorios del BCRA al Gobierno Nacional,Informe Monetario Diario,Saldos,D,En millones de ARS,ML
1225,2025-06-30,4091100.3704,Adelantos transitorios del BCRA al Gobierno Nacional,Informe Monetario Diario,Saldos,D,En millones de ARS,ML
1225,2025-07-01,4091100.3704,Adelantos transitorios del BCRA al Gobierno Nacional,Informe Monetario Diario,Saldos,D,En millones de ARS,ML
1225,2025-07-02,4091100.3704,Adelantos transitorios del BCRA al Gobierno Nacional,Informe Monetario Diario,Saldos,D,En millones de ARS,ML
1225,2025-07-03,4091100.3704,Adelantos transitorios del BCRA al Gobierno Nacional,Informe Monetario Diario,Saldos,D,En millones de ARS,ML
1225,2025-07-04,4091100.3704,Adelantos transitorios del BCRA al Gobierno Nacional,Informe Monetario Diario,Saldos,D,En millones de ARS,ML
1225,2025-07-07,4091100.3704,Adelantos transitorios del BCRA al Gobierno Nacional,Informe Monetario Diario,Saldos,D,En millones de ARS,ML
1225,2025-07-08,4091100.3704,Adelantos transitorios del BCRA al Gobierno Nacional,Informe Monetario Diario,Saldos,D,En millones de ARS,ML
1225,2025-07-10,4091100.3704,Adelantos transitorios del BCRA al Gobierno Nacional,Informe Monetario Diario,Saldos,D,En millones de ARS,ML
1225,2025-07-11,4091100.3704,Adelantos transitorios del BCRA al Gobierno Nacional,Informe Monetario Diario,Saldos,D,En millones de ARS,ML
1225,2025-07-14,4091100.3704,Adelantos transitorios del BCRA al Gobierno Nacional,Informe Monetario Diario,Saldos,D,En millones de ARS,ML
1225,2025-07-15,4091100.3704,Adelantos transitorios del BCRA al Gobierno Nacional,Informe Monetario Diario,Saldos,D,En millones de ARS,ML
1225,2025-07-16,4091100.3704,Adelantos transitorios del BCRA al Gobierno Nacional,Informe Monetario Diario,Saldos,D,En millones de ARS,ML
1225,2025-07-17,4091100.3704,Adelantos transitorios del BCRA al Gobierno Nacional,Informe Monetario Diario,Saldos,D,En millones de ARS,ML
1225,2025-07-18,4091100.3704,Adelantos transitorios del BCRA al Gobierno Nacional,Informe Monetario Diario,Saldos,D,En millones de ARS,ML
1225,2025-07-21,4091100.3704,Adelantos transitorios del BCRA al Gobierno Nacional,Informe Monetario Diario,Saldos,D,En millones de ARS,ML
1225,2025-07-22,4091100.3704,Adelantos transitorios del BCRA al Gobierno Nacional,Informe Monetario Diario,Saldos,D,En millones de ARS,ML
1225,2025-07-23,4091100.3704,Adelantos transitorios del BCRA al Gobierno Nacional,Informe Monetario Diario,Saldos,D,En millones de ARS,ML
1225,2025-07-24,4091100.3704,Adelantos transitorios del BCRA al Gobierno Nacional,Informe Monetario Diario,Saldos,D,En millones de ARS,ML
1225,2025-07-25,4091100.3704,Adelantos transitorios del BCRA al Gobierno Nacional,Informe Monetario Diario,Saldos,D,En millones de ARS,ML
1225,2025-07-28,4091100.3704,Adelantos transitorios del BCRA al Gobierno Nacional,Informe Monetario Diario,Saldos,D,En millones de ARS,ML
1225,2025-07-29,4091100.3704,Adelantos transitorios del BCRA al Gobierno Nacional,Informe Monetario Diario,Saldos,D,En millones de ARS,ML
1225,2025-07-30,4091100.3704,Adelantos transitorios del BCRA al Gobierno Nacional,Informe Monetario Diario,Saldos,D,En millones de ARS,ML
1225,2025-07-31,4091100.4,Adelantos transitorios del BCRA al Gobierno Nacional,Informe Monetario Diario,Saldos,D,En millones de ARS,ML
1225,2025-08-01,4091100.3704,Adelantos transitorios del BCRA al Gobierno Nacional,Informe Monetario Diario,Saldos,D,En millones de ARS,ML
1225,2025-08-04,4091100.3704,Adelantos transitorios del BCRA al Gobierno Nacional,Informe Monetario Diario,Saldos,D,En millones de ARS,ML
1225,2025-08-05,4091100.3704,Adelantos transitorios del BCRA al Gobierno Nacional,Informe Monetario Diario,Saldos,D,En millones de ARS,ML
1225,2025-08-06,4091100.3704,Adelantos transitorios del BCRA al Gobierno Nacional,Informe Monetario Diario,Saldos,D,En millones de ARS,ML
1225,2025-08-07,4091100.3704,Adelantos transitorios del BCRA al Gobierno Nacional,Informe Monetario Diario,Saldos,D,En millones de ARS,ML
1225,2025-08-08,4091100.3704,Adelantos transitorios del BCRA al Gobierno Nacional,Informe Monetario Diario,Saldos,D,En millones de ARS,ML
1225,2025-08-11,4091100.3704,Adelantos transitorios del BCRA al Gobierno Nacional,Informe Monetario Diario,Saldos,D,En millones de ARS,ML
1225,2025-08-12,4091100.3704,Adelantos transitorios del BCRA al Gobierno Nacional,Informe Monetario Diario,Saldos,D,En millones de ARS,ML
1225,2025-08-13,4091100.3704,Adelantos transitorios del BCRA al Gobierno Nacional,Informe Monetario Diario,Saldos,D,En millones de ARS,ML
1225,2025-08-14,4091100.3704,Adelantos transitorios del BCRA al Gobierno Nacional,Informe Monetario Diario,Saldos,D,En millones de ARS,ML
1225,2025-08-18,4091100.3704,Adelantos transitorios del BCRA al Gobierno Nacional,Informe Monetario Diario,Saldos,D,En millones de ARS,ML
1225,2025-08-19,4091100.3704,Adelantos transitorios del BCRA al Gobierno Nacional,Informe Monetario Diario,Saldos,D,En millones de ARS,ML
1225,2025-08-20,4091100.3704,Adelantos transitorios del BCRA al Gobierno Nacional,Informe Monetario Diario,Saldos,D,En millones de ARS,ML
1225,2025-08-21,4091100.3704,Adelantos transitorios del BCRA al Gobierno Nacional,Informe Monetario Diario,Saldos,D,En millones de ARS,ML
1225,2025-08-22,4091100.3704,Adelantos transitorios del BCRA al Gobierno Nacional,Informe Monetario Diario,Saldos,D,En millones de ARS,ML
1225,2025-08-25,4091100.3704,Adelantos transitorios del BCRA al Gobierno Nacional,Informe Monetario Diario,Saldos,D,En millones de ARS,ML
1225,2025-08-26,4091100.3704,Adelantos transitorios del BCRA al Gobierno Nacional,Informe Monetario Diario,Saldos,D,En millones de ARS,ML
1225,2025-08-27,4091100.3704,Adelantos transitorios del BCRA al Gobierno Nacional,Informe Monetario Diario,Saldos,D,En millones de ARS,ML
1225,2025-08-28,4091100.3704,Adelantos transitorios del BCRA al Gobierno Nacional,Informe Monetario Diario,Saldos,D,En millones de ARS,ML
1225,2025-08-29,4091100.3704,Adelantos transitorios del BCRA al Gobierno Nacional,Informe Monetario Diario,Saldos,D,En millones de ARS,ML
1225,2025-09-01,4091100.3704,Adelantos transitorios del BCRA al Gobierno Nacional,Informe Monetario Diario,Saldos,D,En millones de ARS,ML
1225,2025-09-02,4091100.3704,Adelantos transitorios del BCRA al Gobierno Nacional,Informe Monetario Diario,Saldos,D,En millones de ARS,ML
1225,2025-09-03,4091100.3704,Adelantos transitorios del BCRA al Gobierno Nacional,Informe Monetario Diario,Saldos,D,En millones de ARS,ML
1225,2025-09-04,4091100.3704,Adelantos transitorios del BCRA al Gobierno Nacional,Informe Monetario Diario,Saldos,D,En millones de ARS,ML
1225,2025-09-05,4091100.3704,Adelantos transitorios del BCRA al Gobierno Nacional,Informe Monetario Diario,Saldos,D,En millones de ARS,ML
1225,2025-09-08,4091100.3704,Adelantos transitorios del BCRA al Gobierno Nacional,Informe Monetario Diario,Saldos,D,En millones de ARS,ML
1225,2025-09-09,4091100.3704,Adelantos transitorios del BCRA al Gobierno Nacional,Informe Monetario Diario,Saldos,D,En millones de ARS,ML
1225,2025-09-10,4091100.3704,Adelantos transitorios del BCRA al Gobierno Nacional,Informe Monetario Diario,Saldos,D,En millones de ARS,ML
1225,2025-09-11,4091100.3704,Adelantos transitorios del BCRA al Gobierno Nacional,Informe Monetario Diario,Saldos,D,En millones de ARS,ML
1225,2025-09-12,4091100.3704,Adelantos transitorios del BCRA al Gobierno Nacional,Informe Monetario Diario,Saldos,D,En millones de ARS,ML
1225,2025-09-15,4091100.3704,Adelantos transitorios del BCRA al Gobierno Nacional,Informe Monetario Diario,Saldos,D,En millones de ARS,ML
1225,2025-09-16,4091100.3704,Adelantos transitorios del BCRA al Gobierno Nacional,Informe Monetario Diario,Saldos,D,En millones de ARS,ML
1225,2025-09-17,4091100.3704,Adelantos transitorios del BCRA al Gobierno Nacional,Informe Monetario Diario,Saldos,D,En millones de ARS,ML
1225,2025-09-18,4091100.3704,Adelantos transitorios del BCRA al Gobierno Nacional,Informe Monetario Diario,Saldos,D,En millones de ARS,ML
1225,2025-09-19,4091100.3704,Adelantos transitorios del BCRA al Gobierno Nacional,Informe Monetario Diario,Saldos,D,En millones de ARS,ML
1225,2025-09-22,4091100.3704,Adelantos transitorios del BCRA al Gobierno Nacional,Informe Monetario Diario,Saldos,D,En millones de ARS,ML
1225,2025-09-23,4091100.3704,Adelantos transitorios del BCRA al Gobierno Nacional,Informe Monetario Diario,Saldos,D,En millones de ARS,ML
1225,2025-09-24,4091100.3704,Adelantos transitorios del BCRA al Gobierno Nacional,Informe Monetario Diario,Saldos,D,En millones de ARS,ML
1225,2025-09-25,4091100.3704,Adelantos transitorios del BCRA al Gobierno Nacional,Informe Monetario Diario,Saldos,D,En millones de ARS,ML
1225,2025-09-26,4091100.3704,Adelantos transitorios del BCRA al Gobierno Nacional,Informe Monetario Diario,Saldos,D,En millones de ARS,ML
1225,2025-09-29,4091100.3704,Adelantos transitorios del BCRA al Gobierno Nacional,Informe Monetario Diario,Saldos,D,En millones de ARS,ML
1225,2025-09-30,4091100.3704,Adelantos transitorios del BCRA al Gobierno Nacional,Informe Monetario Diario,Saldos,D,En millones de ARS,ML
1225,2025-10-01,4091100.3704,Adelantos transitorios del BCRA al Gobierno Nacional,Informe Monetario Diario,Saldos,D,En millones de ARS,ML
1225,2025-10-02,4091100.3704,Adelantos transitorios del BCRA al Gobierno Nacional,Informe Monetario Diario,Saldos,D,En millones de ARS,ML
1225,2025-10-03,4091100.3704,Adelantos transitorios del BCRA al Gobierno Nacional,Informe Monetario Diario,Saldos,D,En millones de ARS,ML
1225,2025-10-06,4091100.3704,Adelantos transitorios del BCRA al Gobierno Nacional,Informe Monetario Diario,Saldos,D,En millones de ARS,ML
1225,2025-10-07,4091100.3704,Adelantos transitorios del BCRA al Gobierno Nacional,Informe Monetario Diario,Saldos,D,En millones de ARS,ML
1225,2025-10-08,4091100.3704,Adelantos transitorios del BCRA al Gobierno Nacional,Informe Monetario Diario,Saldos,D,En millones de ARS,ML
1225,2025-10-09,4091100.3704,Adelantos transitorios del BCRA al Gobierno Nacional,Informe Monetario Diario,Saldos,D,En millones de ARS,ML
1225,2025-10-13,4091100.3704,Adelantos transitorios del BCRA al Gobierno Nacional,Informe Monetario Diario,Saldos,D,En millones de ARS,ML
1225,2025-10-14,4091100.3704,Adelantos transitorios del BCRA al Gobierno Nacional,Informe Monetario Diario,Saldos,D,En millones de ARS,ML
1225,2025-10-15,4091100.3704,Adelantos transitorios del BCRA al Gobierno Nacional,Informe Monetario Diario,Saldos,D,En millones de ARS,ML
1225,2025-10-16,4091100.3704,Adelantos transitorios del BCRA al Gobierno Nacional,Informe Monetario Diario,Saldos,D,En millones de ARS,ML
1225,2025-10-17,4091100.3704,Adelantos transitorios del BCRA al Gobierno Nacional,Informe Monetario Diario,Saldos,D,En millones de ARS,ML
1225,2025-10-20,4091100.3704,Adelantos transitorios del BCRA al Gobierno Nacional,Informe Monetario Diario,Saldos,D,En millones de ARS,ML
1225,2025-10-21,4091100.3704,Adelantos transitorios del BCRA al Gobierno Nacional,Informe Monetario Diario,Saldos,D,En millones de ARS,ML
1225,2025-10-22,4091100.3704,Adelantos transitorios del BCRA al Gobierno Nacional,Informe Monetario Diario,Saldos,D,En millones de ARS,ML
1225,2025-10-23,4091100.3704,Adelantos transitorios del BCRA al Gobierno Nacional,Informe Monetario Diario,Saldos,D,En millones de ARS,ML
1225,2025-10-24,4091100.3704,Adelantos transitorios del BCRA al Gobierno Nacional,Informe Monetario Diario,Saldos,D,En millones de ARS,ML
1225,2025-10-27,4091100.3704,Adelantos transitorios del BCRA al Gobierno Nacional,Informe Monetario Diario,Saldos,D,En millones de ARS,ML
1225,2025-10-28,4091100.3704,Adelantos transitorios del BCRA al Gobierno Nacional,Informe Monetario Diario,Saldos,D,En millones de ARS,ML
1225,2025-10-29,4091100.3704,Adelantos transitorios del BCRA al Gobierno Nacional,Informe Monetario Diario,Saldos,D,En millones de ARS,ML
1225,2025-10-30,4091100.3704,Adelantos transitorios del BCRA al Gobierno Nacional,Informe Monetario Diario,Saldos,D,En millones de ARS,ML
1225,2025-10-31,4091100.3704,Adelantos transitorios del BCRA al Gobierno Nacional,Informe Monetario Diario,Saldos,D,En millones de ARS,ML
1225,2025-11-03,4091100.3704,Adelantos transitorios del BCRA al Gobierno Nacional,Informe Monetario Diario,Saldos,D,En millones de ARS,ML
1225,2025-11-04,4091100.3704,Adelantos transitorios del BCRA al Gobierno Nacional,Informe Monetario Diario,Saldos,D,En millones de ARS,ML
1225,2025-11-05,4091100.3704,Adelantos transitorios del BCRA al Gobierno Nacional,Informe Monetario Diario,Saldos,D,En millones de ARS,ML
1225,2025-11-07,4091100.3704,Adelantos transitorios del BCRA al Gobierno Nacional,Informe Monetario Diario,Saldos,D,En millones de ARS,ML
1225,2025-11-10,4091100.3704,Adelantos transitorios del BCRA al Gobierno Nacional,Informe Monetario Diario,Saldos,D,En millones de ARS,ML
1225,2025-11-11,4091100.3704,Adelantos transitorios del BCRA al Gobierno Nacional,Informe Monetario Diario,Saldos,D,En millones de ARS,ML
1225,2025-11-12,4091100.3704,Adelantos transitorios del BCRA al Gobierno Nacional,Informe Monetario Diario,Saldos,D,En millones de ARS,ML
1225,2025-11-13,4091100.3704,Adelantos transitorios del BCRA al Gobierno Nacional,Informe Monetario Diario,Saldos,D,En millones de ARS,ML
1225,2025-11-14,4091100.3704,Adelantos transitorios del BCRA al Gobierno Nacional,Informe Monetario Diario,Saldos,D,En millones de ARS,ML
1225,2025-11-17,4091100.3704,Adelantos transitorios del BCRA al Gobierno Nacional,Informe Monetario Diario,Saldos,D,En millones de ARS,ML
1225,2025-11-18,4091100.3704,Adelantos transitorios del BCRA al Gobierno Nacional,Informe Monetario Diario,Saldos,D,En millones de ARS,ML
1225,2025-11-19,4091100.3704,Adelantos transitorios del BCRA al Gobierno Nacional,Informe Monetario Diario,Saldos,D,En millones de ARS,ML
1225,2025-11-20,4091100.3704,Adelantos transitorios del BCRA al Gobierno Nacional,Informe Monetario Diario,Saldos,D,En millones de ARS,ML
1225,2025-11-25,4091100.3704,Adelantos transitorios del BCRA al Gobierno Nacional,Informe Monetario Diario,Saldos,D,En millones de ARS,ML
1225,2025-11-26,4091100.3704,Adelantos transitorios del BCRA al Gobierno Nacional,Informe Monetario Diario,Saldos,D,En millones de ARS,ML
1225,2025-11-27,4091100.3704,Adelantos transitorios del BCRA al Gobierno Nacional,Informe Monetario Diario,Saldos,D,En millones de ARS,ML
1225,2025-11-28,4091100.3704,Adelantos transitorios del BCRA al Gobierno Nacional,Informe Monetario Diario,Saldos,D,En millones de ARS,ML
1225,2025-12-01,4091100.3704,Adelantos transitorios del BCRA al Gobierno Nacional,Informe Monetario Diario,Saldos,D,En millones de ARS,ML
1225,2025-12-02,4091100.3704,Adelantos transitorios del BCRA al Gobierno Nacional,Informe Monetario Diario,Saldos,D,En millones de ARS,ML
1225,2025-12-03,4091100.3704,Adelantos transitorios del BCRA al Gobierno Nacional,Informe Monetario Diario,Saldos,D,En millones de ARS,ML
1225,2025-12-04,4091100.3704,Adelantos transitorios del BCRA al Gobierno Nacional,Informe Monetario Diario,Saldos,D,En millones de ARS,ML
1225,2025-12-05,4091100.3704,Adelantos transitorios del BCRA al Gobierno Nacional,Informe Monetario Diario,Saldos,D,En millones de ARS,ML
1225,2025-12-09,4091100.3704,Adelantos transitorios del BCRA al Gobierno Nacional,Informe Monetario Diario,Saldos,D,En millones de ARS,ML
1225,2025-12-10,4091100.3704,Adelantos transitorios del BCRA al Gobierno Nacional,Informe Monetario Diario,Saldos,D,En millones de ARS,ML
1225,2025-12-11,4091100.3704,Adelantos transitorios del BCRA al Gobierno Nacional,Informe Monetario Diario,Saldos,D,En millones de ARS,ML
1225,2025-12-12,4091100.3704,Adelantos transitorios del BCRA al Gobierno Nacional,Informe Monetario Diario,Saldos,D,En millones de ARS,ML
1225,2025-12-15,4091100.3704,Adelantos transitorios del BCRA al Gobierno Nacional,Informe Monetario Diario,Saldos,D,En millones de ARS,ML
1225,2025-12-16,4091100.3704,Adelantos transitorios del BCRA al Gobierno Nacional,Informe Monetario Diario,Saldos,D,En millones de ARS,ML
1225,2025-12-17,4091100.3704,Adelantos transitorios del BCRA al Gobierno Nacional,Informe Monetario Diario,Saldos,D,En millones de ARS,ML
1225,2025-12-18,4091100.3704,Adelantos transitorios del BCRA al Gobierno Nacional,Informe Monetario Diario,Saldos,D,En millones de ARS,ML
1225,2025-12-19,4091100.3704,Adelantos transitorios del BCRA al Gobierno Nacional,Informe Monetario Diario,Saldos,D,En millones de ARS,ML
1225,2025-12-22,4091100.3704,Adelantos transitorios del BCRA al Gobierno Nacional,Informe Monetario Diario,Saldos,D,En millones de ARS,ML
1225,2025-12-23,4091100.3704,Adelantos transitorios del BCRA al Gobierno Nacional,Informe Monetario Diario,Saldos,D,En millones de ARS,ML
1225,2025-12-26,4091100.3704,Adelantos transitorios del BCRA al Gobierno Nacional,Informe Monetario Diario,Saldos,D,En millones de ARS,ML
1225,2025-12-29,4091100.3704,Adelantos transitorios del BCRA al Gobierno Nacional,Informe Monetario Diario,Saldos,D,En millones de ARS,ML
1225,2025-12-30,4091100.3704,Adelantos transitorios del BCRA al Gobierno Nacional,Informe Monetario Diario,Saldos,D,En millones de ARS,ML
1225,2026-01-02,4091100.3704,Adelantos transitorios del BCRA al Gobierno Nacional,Informe Monetario Diario,Saldos,D,En millones de ARS,ML
1225,2026-01-05,4091100.3704,Adelantos transitorios del BCRA al Gobierno Nacional,Informe Monetario Diario,Saldos,D,En millones de ARS,ML
1225,2026-01-06,4091100.3704,Adelantos transitorios del BCRA al Gobierno Nacional,Informe Monetario Diario,Saldos,D,En millones de ARS,ML
1225,2026-01-07,4091100.3704,Adelantos transitorios del BCRA al Gobierno Nacional,Informe Monetario Diario,Saldos,D,En millones de ARS,ML
1225,2026-01-08,4091100.3704,Adelantos transitorios del BCRA al Gobierno Nacional,Informe Monetario Diario,Saldos,D,En millones de ARS,ML
1225,2026-01-09,4091100.3704,Adelantos transitorios del BCRA al Gobierno Nacional,Informe Monetario Diario,Saldos,D,En millones de ARS,ML
1225,2026-01-12,4091100.3704,Adelantos transitorios del BCRA al Gobierno Nacional,Informe Monetario Diario,Saldos,D,En millones de ARS,ML
1225,2026-01-13,4091100.3704,Adelantos transitorios del BCRA al Gobierno Nacional,Informe Monetario Diario,Saldos,D,En millones de ARS,ML
1225,2026-01-14,4091100.3704,Adelantos transitorios del BCRA al Gobierno Nacional,Informe Monetario Diario,Saldos,D,En millones de ARS,ML
1225,2026-01-15,4091100.3704,Adelantos transitorios del BCRA al Gobierno Nacional,Informe Monetario Diario,Saldos,D,En millones de ARS,ML
1225,2026-01-16,4091100.3704,Adelantos transitorios del BCRA al Gobierno Nacional,Informe Monetario Diario,Saldos,D,En millones de ARS,ML
1225,2026-01-19,4091100.3704,Adelantos transitorios del BCRA al Gobierno Nacional,Informe Monetario Diario,Saldos,D,En millones de ARS,ML
1225,2026-01-20,4091100.3704,Adelantos transitorios del BCRA al Gobierno Nacional,Informe Monetario Diario,Saldos,D,En millones de ARS,ML
1225,2026-01-21,4091100.3704,Adelantos transitorios del BCRA al Gobierno Nacional,Informe Monetario Diario,Saldos,D,En millones de ARS,ML
1225,2026-01-22,4091100.3704,Adelantos transitorios del BCRA al Gobierno Nacional,Informe Monetario Diario,Saldos,D,En millones de ARS,ML
1225,2026-01-23,4091100.3704,Adelantos transitorios del BCRA al Gobierno Nacional,Informe Monetario Diario,Saldos,D,En millones de ARS,ML
1225,2026-01-26,4091100.3704,Adelantos transitorios del BCRA al Gobierno Nacional,Informe Monetario Diario,Saldos,D,En millones de ARS,ML
1225,2026-01-27,4091100.3704,Adelantos transitorios del BCRA al Gobierno Nacional,Informe Monetario Diario,Saldos,D,En millones de ARS,ML
1225,2026-01-28,4091100.3704,Adelantos transitorios del BCRA al Gobierno Nacional,Informe Monetario Diario,Saldos,D,En millones de ARS,ML
1225,2026-01-29,4091100.3704,Adelantos transitorios del BCRA al Gobierno Nacional,Informe Monetario Diario,Saldos,D,En millones de ARS,ML
1225,2026-01-30,4091100.3704,Adelantos transitorios del BCRA al Gobierno Nacional,Informe Monetario Diario,Saldos,D,En millones de ARS,ML
1225,2026-02-02,4091100.3704,Adelantos transitorios del BCRA al Gobierno Nacional,Informe Monetario Diario,Saldos,D,En millones de ARS,ML
1225,2026-02-03,4091100.3704,Adelantos transitorios del BCRA al Gobierno Nacional,Informe Monetario Diario,Saldos,D,En millones de ARS,ML
1225,2026-02-04,4091100.3704,Adelantos transitorios del BCRA al Gobierno Nacional,Informe Monetario Diario,Saldos,D,En millones de ARS,ML
1225,2026-02-05,4091100.3704,Adelantos transitorios del BCRA al Gobierno Nacional,Informe Monetario Diario,Saldos,D,En millones de ARS,ML
1225,2026-02-06,4091100.3704,Adelantos transitorios del BCRA al Gobierno Nacional,Informe Monetario Diario,Saldos,D,En millones de ARS,ML
1225,2026-02-09,4091100.3704,Adelantos transitorios del BCRA al Gobierno Nacional,Informe Monetario Diario,Saldos,D,En millones de ARS,ML
1225,2026-02-10,4091100.3704,Adelantos transitorios del BCRA al Gobierno Nacional,Informe Monetario Diario,Saldos,D,En millones de ARS,ML
1225,2026-02-11,4091100.3704,Adelantos transitorios del BCRA al Gobierno Nacional,Informe Monetario Diario,Saldos,D,En millones de ARS,ML
1225,2026-02-12,4091100.3704,Adelantos transitorios del BCRA al Gobierno Nacional,Informe Monetario Diario,Saldos,D,En millones de ARS,ML
1225,2026-02-13,4091100.3704,Adelantos transitorios del BCRA al Gobierno Nacional,Informe Monetario Diario,Saldos,D,En millones de ARS,ML
1225,2026-02-18,4091100.3704,Adelantos transitorios del BCRA al Gobierno Nacional,Informe Monetario Diario,Saldos,D,En millones de ARS,ML
1225,2026-02-19,4091100.3704,Adelantos transitorios del BCRA al Gobierno Nacional,Informe Monetario Diario,Saldos,D,En millones de ARS,ML
1225,2026-02-20,4091100.3704,Adelantos transitorios del BCRA al Gobierno Nacional,Informe Monetario Diario,Saldos,D,En millones de ARS,ML
1225,2026-02-23,4091100.3704,Adelantos transitorios del BCRA al Gobierno Nacional,Informe Monetario Diario,Saldos,D,En millones de ARS,ML
1225,2026-02-24,4091100.3704,Adelantos transitorios del BCRA al Gobierno Nacional,Informe Monetario Diario,Saldos,D,En millones de ARS,ML
1225,2026-02-25,4091100.3704,Adelantos transitorios del BCRA al Gobierno Nacional,Informe Monetario Diario,Saldos,D,En millones de ARS,ML
1225,2026-02-26,4091100.3704,Adelantos transitorios del BCRA al Gobierno Nacional,Informe Monetario Diario,Saldos,D,En millones de ARS,ML
1225,2026-02-27,4091100.3704,Adelantos transitorios del BCRA al Gobierno Nacional,Informe Monetario Diario,Saldos,D,En millones de ARS,ML
1225,2026-03-02,4091100.3704,Adelantos transitorios del BCRA al Gobierno Nacional,Informe Monetario Diario,Saldos,D,En millones de ARS,ML
1225,2026-03-03,4091100.3704,Adelantos transitorios del BCRA al Gobierno Nacional,Informe Monetario Diario,Saldos,D,En millones de ARS,ML
1225,2026-03-04,4091100.3704,Adelantos transitorios del BCRA al Gobierno Nacional,Informe Monetario Diario,Saldos,D,En millones de ARS,ML
1225,2026-03-05,4091100.3704,Adelantos transitorios del BCRA al Gobierno Nacional,Informe Monetario Diario,Saldos,D,En millones de ARS,ML
1225,2026-03-06,4091100.3704,Adelantos transitorios del BCRA al Gobierno Nacional,Informe Monetario Diario,Saldos,D,En millones de ARS,ML
1225,2026-03-09,4091100.3704,Adelantos transitorios del BCRA al Gobierno Nacional,Informe Monetario Diario,Saldos,D,En millones de ARS,ML
1225,2026-03-10,4091100.3704,Adelantos transitorios del BCRA al Gobierno Nacional,Informe Monetario Diario,Saldos,D,En millones de ARS,ML
1225,2026-03-11,4091100.3704,Adelantos transitorios del BCRA al Gobierno Nacional,Informe Monetario Diario,Saldos,D,En millones de ARS,ML
1225,2026-03-12,4091100.3704,Adelantos transitorios del BCRA al Gobierno Nacional,Informe Monetario Diario,Saldos,D,En millones de ARS,ML
1225,2026-03-13,4091100.3704,Adelantos transitorios del BCRA al Gobierno Nacional,Informe Monetario Diario,Saldos,D,En millones de ARS,ML
1225,2026-03-16,4091100.3704,Adelantos transitorios del BCRA al Gobierno Nacional,Informe Monetario Diario,Saldos,D,En millones de ARS,ML
1225,2026-03-17,4091100.3704,Adelantos transitorios del BCRA al Gobierno Nacional,Informe Monetario Diario,Saldos,D,En millones de ARS,ML
1225,2026-03-18,4091100.3704,Adelantos transitorios del BCRA al Gobierno Nacional,Informe Monetario Diario,Saldos,D,En millones de ARS,ML
1225,2026-03-19,4091100.3704,Adelantos transitorios del BCRA al Gobierno Nacional,Informe Monetario Diario,Saldos,D,En millones de ARS,ML
1225,2026-03-20,4091100.3704,Adelantos transitorios del BCRA al Gobierno Nacional,Informe Monetario Diario,Saldos,D,En millones de ARS,ML
1225,2026-03-25,4091100.3704,Adelantos transitorios del BCRA al Gobierno Nacional,Informe Monetario Diario,Saldos,D,En millones de ARS,ML
1225,2026-03-26,4091100.3704,Adelantos transitorios del BCRA al Gobierno Nacional,Informe Monetario Diario,Saldos,D,En millones de ARS,ML
1225,2026-03-27,4091100.3704,Adelantos transitorios del BCRA al Gobierno Nacional,Informe Monetario Diario,Saldos,D,En millones de ARS,ML
1225,2026-03-30,4091100.3704,Adelantos transitorios del BCRA al Gobierno Nacional,Informe Monetario Diario,Saldos,D,En millones de ARS,ML
1225,2026-03-31,4091100.3704,Adelantos transitorios del BCRA al Gobierno Nacional,Informe Monetario Diario,Saldos,D,En millones de ARS,ML
1225,2026-04-01,4091100.3704,Adelantos transitorios del BCRA al Gobierno Nacional,Informe Monetario Diario,Saldos,D,En millones de ARS,ML
1225,2026-04-06,4091100.3704,Adelantos transitorios del BCRA al Gobierno Nacional,Informe Monetario Diario,Saldos,D,En millones de ARS,ML
1225,2026-04-07,4091100.3704,Adelantos transitorios del BCRA al Gobierno Nacional,Informe Monetario Diario,Saldos,D,En millones de ARS,ML
1225,2026-04-08,4091100.3704,Adelantos transitorios del BCRA al Gobierno Nacional,Informe Monetario Diario,Saldos,D,En millones de ARS,ML
1225,2026-04-09,4091100.3704,Adelantos transitorios del BCRA al Gobierno Nacional,Informe Monetario Diario,Saldos,D,En millones de ARS,ML
1225,2026-04-10,4091100.3704,Adelantos transitorios del BCRA al Gobierno Nacional,Informe Monetario Diario,Saldos,D,En millones de ARS,ML
1225,2026-04-13,4091100.3704,Adelantos transitorios del BCRA al Gobierno Nacional,Informe Monetario Diario,Saldos,D,En millones de ARS,ML
1225,2026-04-14,4091100.3704,Adelantos transitorios del BCRA al Gobierno Nacional,Informe Monetario Diario,Saldos,D,En millones de ARS,ML
1225,2026-04-15,4091100.3704,Adelantos transitorios del BCRA al Gobierno Nacional,Informe Monetario Diario,Saldos,D,En millones de ARS,ML
1225,2026-04-16,4091100.3704,Adelantos transitorios del BCRA al Gobierno Nacional,Informe Monetario Diario,Saldos,D,En millones de ARS,ML
1225,2026-04-17,4091100.3704,Adelantos transitorios del BCRA al Gobierno Nacional,Informe Monetario Diario,Saldos,D,En millones de ARS,ML
1225,2026-04-20,4091100.3704,Adelantos transitorios del BCRA al Gobierno Nacional,Informe Monetario Diario,Saldos,D,En millones de ARS,ML
1225,2026-04-21,4091100.3704,Adelantos transitorios del BCRA al Gobierno Nacional,Informe Monetario Diario,Saldos,D,En millones de ARS,ML
1225,2026-04-22,4091100.3704,Adelantos transitorios del BCRA al Gobierno Nacional,Informe Monetario Diario,Saldos,D,En millones de ARS,ML
1225,2026-04-23,4091100.3704,Adelantos transitorios del BCRA al Gobierno Nacional,Informe Monetario Diario,Saldos,D,En millones de ARS,ML
1225,2026-04-24,4091100.3704,Adelantos transitorios del BCRA al Gobierno Nacional,Informe Monetario Diario,Saldos,D,En millones de ARS,ML
1225,2026-04-27,4091100.3704,Adelantos transitorios del BCRA al Gobierno Nacional,Informe Monetario Diario,Saldos,D,En millones de ARS,ML
1225,2026-04-28,4091100.3704,Adelantos transitorios del BCRA al Gobierno Nacional,Informe Monetario Diario,Saldos,D,En millones de ARS,ML
1225,2026-04-29,4091100.3704,Adelantos transitorios del BCRA al Gobierno Nacional,Informe Monetario Diario,Saldos,D,En millones de ARS,ML
1225,2026-04-30,4091100.3704,Adelantos transitorios del BCRA al Gobierno Nacional,Informe Monetario Diario,Saldos,D,En millones de ARS,ML
1225,2026-05-04,4091100.3704,Adelantos transitorios del BCRA al Gobierno Nacional,Informe Monetario Diario,Saldos,D,En millones de ARS,ML
1225,2026-05-05,4091100.3704,Adelantos transitorios del BCRA al Gobierno Nacional,Informe Monetario Diario,Saldos,D,En millones de ARS,ML
1225,2026-05-06,4091100.3704,Adelantos transitorios del BCRA al Gobierno Nacional,Informe Monetario Diario,Saldos,D,En millones de ARS,ML
1225,2026-05-07,4091100.3704,Adelantos transitorios del BCRA al Gobierno Nacional,Informe Monetario Diario,Saldos,D,En millones de ARS,ML
1225,2026-05-08,4091100.3704,Adelantos transitorios del BCRA al Gobierno Nacional,Informe Monetario Diario,Saldos,D,En millones de ARS,ML
1225,2026-05-11,4091100.3704,Adelantos transitorios del BCRA al Gobierno Nacional,Informe Monetario Diario,Saldos,D,En millones de ARS,ML
1225,2026-05-12,4091100.3704,Adelantos transitorios del BCRA al Gobierno Nacional,Informe Monetario Diario,Saldos,D,En millones de ARS,ML
1225,2026-05-13,4091100.3704,Adelantos transitorios del BCRA al Gobierno Nacional,Informe Monetario Diario,Saldos,D,En millones de ARS,ML
1225,2026-05-14,4091100.3704,Adelantos transitorios del BCRA al Gobierno Nacional,Informe Monetario Diario,Saldos,D,En millones de ARS,ML
1225,2026-05-15,4091100.3704,Adelantos transitorios del BCRA al Gobierno Nacional,Informe Monetario Diario,Saldos,D,En millones de ARS,ML
1225,2026-05-18,4091100.3704,Adelantos transitorios del BCRA al Gobierno Nacional,Informe Monetario Diario,Saldos,D,En millones de ARS,ML
1225,2026-05-19,4091100.3704,Adelantos transitorios del BCRA al Gobierno Nacional,Informe Monetario Diario,Saldos,D,En millones de ARS,ML
1225,2026-05-20,4091100.3704,Adelantos transitorios del BCRA al Gobierno Nacional,Informe Monetario Diario,Saldos,D,En millones de ARS,ML
1225,2026-05-21,4091100.3704,Adelantos transitorios del BCRA al Gobierno Nacional,Informe Monetario Diario,Saldos,D,En millones de ARS,ML
1225,2026-05-22,4091100.3704,Adelantos transitorios del BCRA al Gobierno Nacional,Informe Monetario Diario,Saldos,D,En millones de ARS,ML
1225,2026-05-26,4091100.3704,Adelantos transitorios del BCRA al Gobierno Nacional,Informe Monetario Diario,Saldos,D,En millones de ARS,ML
1225,2026-05-27,4091100.3704,Adelantos transitorios del BCRA al Gobierno Nacional,Informe Monetario Diario,Saldos,D,En millones de ARS,ML
1225,2026-05-28,4091100.3704,Adelantos transitorios del BCRA al Gobierno Nacional,Informe Monetario Diario,Saldos,D,En millones de ARS,ML
1225,2026-05-29,4091100.3704,Adelantos transitorios del BCRA al Gobierno Nacional,Informe Monetario Diario,Saldos,D,En millones de ARS,ML
1225,2026-06-01,4091100.3704,Adelantos transitorios del BCRA al Gobierno Nacional,Informe Monetario Diario,Saldos,D,En millones de ARS,ML
1225,2026-06-02,4091100.3704,Adelantos transitorios del BCRA al Gobierno Nacional,Informe Monetario Diario,Saldos,D,En millones de ARS,ML
1225,2026-06-03,4091100.3704,Adelantos transitorios del BCRA al Gobierno Nacional,Informe Monetario Diario,Saldos,D,En millones de ARS,ML
1225,2026-06-04,4091100.3704,Adelantos transitorios del BCRA al Gobierno Nacional,Informe Monetario Diario,Saldos,D,En millones de ARS,ML
1225,2026-06-05,4091100.3704,Adelantos transitorios del BCRA al Gobierno Nacional,Informe Monetario Diario,Saldos,D,En millones de ARS,ML
1225,2026-06-08,4091100.3704,Adelantos transitorios del BCRA al Gobierno Nacional,Informe Monetario Diario,Saldos,D,En millones de ARS,ML
1225,2026-06-09,4091100.3704,Adelantos transitorios del BCRA al Gobierno Nacional,Informe Monetario Diario,Saldos,D,En millones de ARS,ML
1225,2026-06-10,4091100.3704,Adelantos transitorios del BCRA al Gobierno Nacional,Informe Monetario Diario,Saldos,D,En millones de ARS,ML
1225,2026-06-11,4091100.3704,Adelantos transitorios del BCRA al Gobierno Nacional,Informe Monetario Diario,Saldos,D,En millones de ARS,ML
1225,2026-06-12,4091100.3704,Adelantos transitorios del BCRA al Gobierno Nacional,Informe Monetario Diario,Saldos,D,En millones de ARS,ML
1225,2026-06-16,4091100.3704,Adelantos transitorios del BCRA al Gobierno Nacional,Informe Monetario Diario,Saldos,D,En millones de ARS,ML
1225,2026-06-17,4091100.3704,Adelantos transitorios del BCRA al Gobierno Nacional,Informe Monetario Diario,Saldos,D,En millones de ARS,ML
1225,2026-06-18,4091100.3704,Adelantos transitorios del BCRA al Gobierno Nacional,Informe Monetario Diario,Saldos,D,En millones de ARS,ML
1225,2026-06-19,4091100.3704,Adelantos transitorios del BCRA al Gobierno Nacional,Informe Monetario Diario,Saldos,D,En millones de ARS,ML
1225,2026-06-22,4091100.3704,Adelantos transitorios del BCRA al Gobierno Nacional,Informe Monetario Diario,Saldos,D,En millones de ARS,ML
1225,2026-06-23,4091100.3704,Adelantos transitorios del BCRA al Gobierno Nacional,Informe Monetario Diario,Saldos,D,En millones de ARS,ML
1225,2026-06-24,4091100.3704,Adelantos transitorios del BCRA al Gobierno Nacional,Informe Monetario Diario,Saldos,D,En millones de ARS,ML
1225,2026-06-25,4091100.3704,Adelantos transitorios del BCRA al Gobierno Nacional,Informe Monetario Diario,Saldos,D,En millones de ARS,ML
1225,2026-06-26,4091100.3704,Adelantos transitorios del BCRA al Gobierno Nacional,Informe Monetario Diario,Saldos,D,En millones de ARS,ML
1225,2026-06-29,4091100.3704,Adelantos transitorios del BCRA al Gobierno Nacional,Informe Monetario Diario,Saldos,D,En millones de ARS,ML
1225,2026-06-30,4091100.3704,Adelantos transitorios del BCRA al Gobierno Nacional,Informe Monetario Diario,Saldos,D,En millones de ARS,ML
1225,2026-07-01,4091100.3704,Adelantos transitorios del BCRA al Gobierno Nacional,Informe Monetario Diario,Saldos,D,En millones de ARS,ML
1225,2026-07-02,4091100.3704,Adelantos transitorios del BCRA al Gobierno Nacional,Informe Monetario Diario,Saldos,D,En millones de ARS,ML
1225,2026-07-03,4091100.3704,Adelantos transitorios del BCRA al Gobierno Nacional,Informe Monetario Diario,Saldos,D,En millones de ARS,ML
1225,2026-07-06,4091100.3704,Adelantos transitorios del BCRA al Gobierno Nacional,Informe Monetario Diario,Saldos,D,En millones de ARS,ML
1225,2026-07-07,4091100.3704,Adelantos transitorios del BCRA al Gobierno Nacional,Informe Monetario Diario,Saldos,D,En millones de ARS,ML
1225,2026-07-08,4091100.3704,Adelantos transitorios del BCRA al Gobierno Nacional,Informe Monetario Diario,Saldos,D,En millones de ARS,ML
1225,2026-07-13,4091100.3704,Adelantos transitorios del BCRA al Gobierno Nacional,Informe Monetario Diario,Saldos,D,En millones de ARS,ML
1225,2026-07-14,4091100.3704,Adelantos transitorios del BCRA al Gobierno Nacional,Informe Monetario Diario,Saldos,D,En millones de ARS,ML
1225,2026-07-15,4091100.3704,Adelantos transitorios del BCRA al Gobierno Nacional,Informe Monetario Diario,Saldos,D,En millones de ARS,ML
1225,2026-07-16,4091100.3704,Adelantos transitorios del BCRA al Gobierno Nacional,Informe Monetario Diario,Saldos,D,En millones de ARS,ML
1225,2026-07-17,4091100.3704,Adelantos transitorios del BCRA al Gobierno Nacional,Informe Monetario Diario,Saldos,D,En millones de ARS,ML
1225,2026-07-20,4091100.3704,Adelantos transitorios del BCRA al Gobierno Nacional,Informe Monetario Diario,Saldos,D,En millones de ARS,ML
1225,2026-07-21,4091100.3704,Adelantos transitorios del BCRA al Gobierno Nacional,Informe Monetario Diario,Saldos,D,En millones de ARS,ML
1225,2026-07-22,4091100.3704,Adelantos transitorios del BCRA al Gobierno Nacional,Informe Monetario Diario,Saldos,D,En millones de ARS,ML
1225,2026-07-23,4091100.3704,Adelantos transitorios del BCRA al Gobierno Nacional,Informe Monetario Diario,Saldos,D,En millones de ARS,ML
1225,2026-07-24,4091100.3704,Adelantos transitorios del BCRA al Gobierno Nacional,Informe Monetario Diario,Saldos,D,En millones de ARS,ML
1225,2026-07-27,4091100.3704,Adelantos transitorios del BCRA al Gobierno Nacional,Informe Monetario Diario,Saldos,D,En millones de ARS,ML
1225,2026-07-28,4091100.3704,Adelantos transitorios del BCRA al Gobierno Nacional,Informe Monetario Diario,Saldos,D,En millones de ARS,ML
1225,2026-07-29,4091100.3704,Adelantos transitorios del BCRA al Gobierno Nacional,Informe Monetario Diario,Saldos,D,En millones de ARS,ML
1225,2026-07-30,4091100.3704,Adelantos transitorios del BCRA al Gobierno Nacional,Informe Monetario Diario,Saldos,D,En millones de ARS,ML
