id_variable,descripcion,categoria,tipo_serie,periodicidad,unidad_expresion,moneda,primer_fecha_informada,ultima_fecha_informada,ultimo_valor_informado
1,Reservas internacionales,Principales Variables,Saldos,D,En millones de USD,ME,1996-01-03,2026-09-22,49412.0
4,Tipo de cambio minorista (promedio vendedor),Principales Variables,Tipo de cambio,D,Pesos argentinos por dólar estadounidense,ML,2010-06-01,2026-09-24,1538.39
5,Tipo de cambio mayorista de referencia,Principales Variables,Tipo de cambio,D,Pesos argentinos por dólar estadounidense,ML,2002-03-04,2026-09-24,1518.7415
7,Tasa de interés BADLAR de bancos privados,Principales Variables,Tasa de interés,D,En porcentaje nominal anual,ML,1999-01-04,2026-09-23,22.5
8,Tasa de interés TM20 de bancos privados ,Principales Variables,Tasa de interés,D,En porcentaje nominal anual,ML,2017-01-02,2026-09-23,22.875
11,Tasa de interés de préstamos entre entidades financiera privadas (BAIBAR)  ,Principales Variables,Tasa de interés,D,En porcentaje nominal anual,ML,1999-01-05,2026-09-23,20.77
12,Tasa de interés de depósitos a 30 días de plazo en entidades financieras ,Principales Variables,Tasa de interés,D,En porcentaje nominal anual,ML,1985-08-26,2026-09-23,21.87
13,Tasa de interés por adelantos en cuenta corriente ,Principales Variables,Tasa de interés,D,En porcentaje nominal anual,ML,2009-01-02,2026-09-23,25.12
14,Tasa de interés de préstamos personales ,Principales Variables,Tasa de interés,D,En porcentaje nominal anual,ML,2010-07-01,2026-09-23,60.09
15,Base monetaria,Principales Variables,Saldos,D,En millones de ARS,ML,1996-01-02,2026-09-22,46551946.0
16,Circulación monetaria ,Principales Variables,Saldos,D,En millones de ARS,ML,1996-01-02,2026-09-22,28508571.0
17,Billetes y monedas en poder del público,Principales Variables,Saldos,D,En millones de ARS,ML,1996-01-02,2026-09-22,26439386.0
18,Efectivo en entidades financieras.,Principales Variables,Saldos,D,En millones de ARS,ML,1984-03-01,2026-09-22,2069185.0
19,Depósitos de las entidades financieras en cuenta corriente en el BCRA,Principales Variables,Saldos,D,En millones de ARS,ML,2001-06-01,2026-09-22,18043375.0
21,Depósitos en efectivo en las entidades financieras ,Principales Variables,Saldos,D,En millones de ARS,MEyML,1999-12-30,2026-09-22,241340309.0
22,Depósitos en efectivo en las entidades financieras en cuentas corrientes(neto de utilización FUCO),Principales Variables,Saldos,D,En millones de ARS,MEyML,1996-01-02,2026-09-22,35200283.0
23,Depósitos en efectivo en las entidades financieras en cajas de ahorro,Principales Variables,Saldos,D,En millones de ARS,MEyML,1996-01-02,2026-09-22,76011082.0
24,Depósitos a plazo en efectivo en las entidades financieras (incluye inversiones y excluye CEDROs) ,Principales Variables,Saldos,D,En millones de ARS,MEyML,1996-01-02,2026-09-22,115147874.0
25,Variación interanual del promedio móvil de 30 días del M2 privado.,Principales Variables,Variación,D,En porcentaje,ML,2004-02-01,2026-09-22,23.3
26,Préstamos de las entidades financieras al sector privado,Principales Variables,Saldos,D,En millones de ARS,MEyML,1996-04-01,2026-09-22,146234927.0
27,Inflación mensual.,Principales Variables,Variación,M,En porcentaje,ML,1943-03-31,2026-08-31,1.7
28,Inflación interanual.,Principales Variables,Variación,M,En porcentaje,ML,1944-01-31,2026-08-31,33.5
29,Mediana de la variación interanual próximos 12 meses del índice de precios al consumidor del relevamiento de expectativas de mercado,Principales Variables,Variación,M,En porcentaje,ML,2004-01-31,2026-08-31,21.0
30,Coeficiente de estabilización de referencia (base 2.2.02=1),Principales Variables,Índice,D,Índice base 2.2.02=1,ML,2002-02-02,2026-09-25,844.90989791504
31,Unidad de valor adquisitivo (base 31.3.16=14.05),Principales Variables,Unidad de cuenta,D,En ARS,ML,2016-03-31,2026-09-25,2132.48
32,Unidad de vivienda (base 31.3.16=14.05),Principales Variables,Unidad de cuenta,D,En ARS,ML,2016-03-31,2026-09-25,1555.39
35,Tasa de interés BADLAR de bancos privados,Principales Variables,Tasa de interés,D,En porcentaje efectivo anual,ML,2020-01-23,2026-09-23,24.96
40,Índice para Contratos de Locación (base 30.6.20=1),Principales Variables,Índice,D,Índice base 30.6.20=1,ML,2020-07-01,2026-09-25,36.41
43,Tasa de interés Comunicado P 14.290 (Uso de justicia),Principales Variables,Tasa de interés,D,En porcentaje,ML,1991-04-01,2026-09-25,27177.3106
44,Tasa de interes TAMAR de bancos privados ,Principales Variables,Tasa de interés,D,En porcentaje nominal anual,ML,2024-10-01,2026-09-23,23.6875
45,Tasa de interés TAMAR de bancos privados,Principales Variables,Tasa de interés,D,En porcentaje efectivo anual,ML,2024-10-01,2026-09-23,26.42
46,Total de factores de explicación de la base monetaria,Series.xlsm,Flujo diario,D,En millones de ARS,ML,2003-01-02,2026-09-21,113675.0
47,Efecto monetario de las compras netas de divisas al sector privado y otros ,Series.xlsm,Flujo diario,D,En millones de ARS,ML,2003-01-02,2026-09-21,12112.0
48,Efecto monetario de las compras netas de divisas al tesoro nacional ,Series.xlsm,Flujo diario,D,En millones de ARS,ML,2003-01-02,2026-09-21,0.0
49,Efecto monetario de los adelantos transitorios al tesoro nacional,Series.xlsm,Flujo diario,D,En millones de ARS,ML,2003-01-02,2026-09-21,0.0
50,Efecto monetario de las transferencia de utilidades al tesoro nacional ,Series.xlsm,Flujo diario,D,En millones de ARS,ML,2003-01-02,2026-09-21,0.0
51,Efecto monetario del resto de operaciones con el tesoro nacional,Series.xlsm,Flujo diario,D,En millones de ARS,ML,2003-01-02,2026-09-21,6806.3715
52,Efecto monetario de las operaciones de pases ,Series.xlsm,Flujo diario,D,En millones de ARS,ML,2003-01-02,2026-09-21,0.0
53,Efecto monetario de las LELIQ y NOTALQ ,Series.xlsm,Flujo diario,D,En millones de ARS,ML,2003-01-02,2026-09-21,0.0
54,Efecto monetario de los redescuentos y adelantos ,Series.xlsm,Flujo diario,D,En millones de ARS,ML,2003-01-02,2026-09-21,0.0
55,"Efecto monetario de los intereses, primas y remuneración de cuentas corrientes asociados a op. de pases, LELIQ, NOTALQ, redescuentos y adel. ",Series.xlsm,Flujo diario,D,En millones de ARS,ML,2003-01-02,2026-09-21,0.0
56,Efecto monetario de las LEBAC y NOBAC ,Series.xlsm,Flujo diario,D,En millones de ARS,ML,2003-01-02,2026-09-21,0.0
57,Efecto monetario del rescate de cuasimonedas ,Series.xlsm,Flujo diario,D,En millones de ARS,ML,2003-01-02,2026-09-21,0.0
58,Efecto monetario de las operaciones con letras fiscales de liquidez ,Series.xlsm,Flujo diario,D,En millones de ARS,ML,2003-01-02,2026-09-21,0.0
59,Efecto monetario de otras operaciones que explican la variación de la base monetaria ,Series.xlsm,Flujo diario,D,En millones de ARS,ML,2003-01-02,2026-09-21,94756.6285
60,Billetes y monedas en poder del público ,Series.xlsm,Variación diaria de saldos,D,En millones de ARS,ML,2003-01-02,2026-09-21,-2171.0
61,Billetes y monedas en entidades financieras ,Series.xlsm,Variación diaria de saldos,D,En millones de ARS,ML,2003-01-02,2026-09-21,-8521.0
62,Cheques cancelatorios ,Series.xlsm,Variación diaria de saldos,D,En millones de ARS,ML,2003-01-02,2026-09-21,0.0
63,Cuentas corrientes en pesos en el BCRA,Series.xlsm,Variación diaria de saldos,D,En millones de ARS,ML,2003-01-02,2026-09-21,124367.0
64,Base monetaria,Series.xlsm,Variación diaria de saldos,D,En millones de ARS,ML,2003-01-02,2026-09-21,113675.0
65,Cuasimonedas ,Series.xlsm,Variación diaria de saldos,D,En millones de ARS,ML,2003-01-02,2026-09-21,0.0
66,Base monetaria más cuasimonedas ,Series.xlsm,Variación diaria de saldos,D,En millones de ARS,ML,2003-01-02,2026-09-21,113675.0
67,Billetes y monedas en poder del público ,Series.xlsm,Saldos,D,En millones de ARS,ML,2003-01-02,2026-09-21,26473385.0
68,Billetes y monedas en entidades financieras ,Series.xlsm,Saldos,D,En millones de ARS,ML,2003-01-02,2026-09-21,2058578.0
69,Cheques cancelatorios ,Series.xlsm,Saldos,D,En millones de ARS,ML,2003-01-02,2026-09-21,0.0
70,Cuentas corrientes en pesos en el BCRA ,Series.xlsm,Saldos,D,En millones de ARS,ML,2003-01-02,2026-09-21,17744004.0
71,Base monetaria,Series.xlsm,Saldos,D,En millones de ARS,ML,2003-01-02,2026-09-21,46275967.0
72,Cuasimonedas ,Series.xlsm,Saldos,D,En millones de ARS,ML,2003-01-02,2026-09-21,0.0
73,Base monetaria más cuasimonedas,Series.xlsm,Saldos,D,En millones de ARS,ML,2003-01-02,2026-09-21,46275967.0
74,Reservas internacionales (excluidas asignaciones deg 2009),Series.xlsm,Saldos,D,En millones de USD,ME,2003-01-02,2026-09-21,49696.0
75,"Oro, divisas, colocaciones a plazo y otros activos de reserva",Series.xlsm,Saldos,D,En millones de USD,ME,2003-01-02,2026-09-21,49696.0
76,Divisas-pase pasivo en dólares con el exterior,Series.xlsm,Saldos,D,En millones de USD,ME,2003-01-02,2026-09-21,0.0
77,Reservas internacionales ,Series.xlsm,Variación diaria de saldos,D,En millones de USD,ME,2003-01-02,2026-09-21,-107.6412
78,Variación de reservas internacionales por compra de divisas ,Series.xlsm,Flujo diario,D,En millones de USD,ME,2003-01-02,2026-09-21,8.0
79,Variación de reservas internacionales por operaciones con organismos internacionales,Series.xlsm,Flujo diario,D,En millones de USD,ME,2003-01-02,2026-09-21,4.0
80,Variación de reservas internacionales por otras operaciones del sector público ,Series.xlsm,Flujo diario,D,En millones de USD,ME,2003-01-02,2026-09-21,-13.7149
81,Variación de reservas internacionales por efectivo mínimo ,Series.xlsm,Flujo diario,D,En millones de USD,ME,2003-01-02,2026-09-21,-18.8409
82,Variación de reservas internacionales por otras operaciones no incluidas en otros rubros ,Series.xlsm,Flujo diario,D,En millones de USD,ME,2003-01-02,2026-09-21,-87.0854
83,Asignaciones de DEGS del año 2009,Series.xlsm,Saldos,D,En millones de USD,ME,2003-01-02,2026-09-21,0.0
84,Tipo de cambio de valuación contable,Series.xlsm,Tipo de cambio,D,Pesos argentinos por dólar estadounidense,ML,2003-01-02,2026-09-21,1514.9134
85,Cuentas corrientes de los sectores público y privado no financieros,Series.xlsm,Saldos,D,En millones de ARS,ML,2002-12-31,2026-09-21,34793658.0
86,Cajas de ahorro de los sectores público y privado no financieros,Series.xlsm,Saldos,D,En millones de ARS,ML,2002-12-31,2026-09-21,29331132.0
87,Depósitos a plazo no ajustables por CER/UVAS de los sectores público y privado no financieros,Series.xlsm,Saldos,D,En millones de ARS,ML,2002-12-31,2026-09-21,92458035.006
88,Depósitos a plazo ajustables por CER/UVAS de los sectores público y privado no financieros,Series.xlsm,Saldos,D,En millones de ARS,ML,2003-01-31,2026-09-21,1864959.994
89,Otros depósitos de los sectores público y privado no financieros,Series.xlsm,Saldos,D,En millones de ARS,ML,2002-12-31,2026-09-21,3139669.0
90,Cedros con cer de los sectores público y privado no financieros,Series.xlsm,Saldos,D,En millones de ARS,ML,2002-12-31,2026-09-21,0.0
91,Depósitos en pesos de los sectores público y privados no financieros (incluye cedros),Series.xlsm,Saldos,D,En millones de ARS,ML,2002-12-31,2026-09-21,161587454.0
92,BODEN de los sectores público y privado no financieros,Series.xlsm,Saldos,D,En millones de ARS,ML,2002-12-31,2026-09-21,0.0
93,Depósitos de los sectores público y privados no financieros (incluye cedro y BODEN),Series.xlsm,Saldos,D,En millones de ARS,ML,2002-12-31,2026-09-21,161587454.0
94,Cuentas corrientes del sector privado no financiero ,Series.xlsm,Saldos,D,En millones de ARS,ML,2002-12-31,2026-09-21,21280095.0
95,Cajas de ahorro del sector privado no financiero ,Series.xlsm,Saldos,D,En millones de ARS,ML,2002-12-31,2026-09-21,28373401.0
96,Depósitos a plazo no ajustables por CER/UVAS del sector privado no financiero ,Series.xlsm,Saldos,D,En millones de ARS,ML,2002-12-31,2026-09-21,68132657.006
97,Depósitos a plazo ajustables por CER/UVAS del sector privado no financiero ,Series.xlsm,Saldos,D,En millones de ARS,ML,2003-01-31,2026-09-21,1280927.994
98,Otros depósitos del sector privado no financiero,Series.xlsm,Saldos,D,En millones de ARS,ML,2002-12-31,2026-09-21,2018282.0
99,Cedros con cer del sector privado no financiero ,Series.xlsm,Saldos,D,En millones de ARS,ML,2002-12-31,2026-09-21,0.0
100,Depósitos del sector privado no financiero (incluye cedros),Series.xlsm,Saldos,D,En millones de ARS,ML,2002-12-31,2026-09-21,121085363.0
101,BODEN del sector privado no financiero ,Series.xlsm,Saldos,D,En millones de ARS,ML,2002-12-31,2026-09-21,0.0
102,Depósitos del sector privado no financiero (incluye cedro y BODEN),Series.xlsm,Saldos,D,En millones de ARS,ML,2002-12-31,2026-09-21,121085363.0
103,Depósitos  de los sectores público y privado no financieros,Series.xlsm,Saldos,D,En millones de ARS,ME,2002-12-31,2026-09-21,67222767.2116
104,Depósitos del sector privado no financiero,Series.xlsm,Saldos,D,En millones de ARS,ME,2002-12-31,2026-09-21,63237030.0562
105,Depósitos  de los sectores público y privado no financieros,Series.xlsm,Saldos,D,En millones de ARS,MEyML,2002-12-31,2026-09-21,228810221.2116
106,Depósitos del sector privado no financiero,Series.xlsm,Saldos,D,En millones de ARS,MEyML,2002-12-31,2026-09-21,184322393.0562
107,Depósitos  de los sectores público y privado no financieros,Series.xlsm,Saldos,D,En millones de USD,ME,2002-12-31,2026-09-21,44374.0
108,Depósitos del sector privado no financiero,Series.xlsm,Saldos,D,En millones de USD,ME,2002-12-31,2026-09-21,41743.0
109,M2 ,Series.xlsm,Saldos,D,En millones de ARS,ML,2002-12-31,2026-09-21,90598175.0
110,Préstamos otorgados mediante adelantos en cuenta al sector privado ,Series.xlsm,Saldos,D,En millones de ARS,ML,2002-12-31,2026-09-21,10638531.0
111,Préstamos otorgados mediante documentos al sector privado ,Series.xlsm,Saldos,D,En millones de ARS,ML,2002-12-31,2026-09-21,26204396.0
112,Préstamos hipotecaríos otorgados al sector privado,Series.xlsm,Saldos,D,En millones de ARS,ML,2002-12-31,2026-09-21,8918647.0
113,Préstamos prendaríos otorgados al sector privado,Series.xlsm,Saldos,D,En millones de ARS,ML,2002-12-31,2026-09-21,6486691.0
114,Préstamos personales otorgados al sector privado,Series.xlsm,Saldos,D,En millones de ARS,ML,2002-12-31,2026-09-21,22032178.0
115,Préstamos mediante tarjeta de créditos otorgados al sector privado,Series.xlsm,Saldos,D,En millones de ARS,ML,2002-12-31,2026-09-21,23569802.0
116,Otros préstamos otorgados al sector privado,Series.xlsm,Saldos,D,En millones de ARS,ML,2002-12-31,2026-09-21,7472603.0
117,Préstamos otorgados al sector privado ,Series.xlsm,Saldos,D,En millones de ARS,ML,2002-12-31,2026-09-21,105322848.0
118,Préstamos en cuenta corriente otorgados al sector privado ,Series.xlsm,Saldos,D,En millones de USD,ME,2002-12-31,2026-09-21,223.0
119,Préstamos documentaríos otorgados al sector privado,Series.xlsm,Saldos,D,En millones de USD,ME,2002-12-31,2026-09-21,19329.0
120,Préstamos hipotecaríos otorgados al sector privado,Series.xlsm,Saldos,D,En millones de USD,ME,2002-12-31,2026-09-21,828.0
121,Préstamos prendaríos otorgados al sector privado,Series.xlsm,Saldos,D,En millones de USD,ME,2002-12-31,2026-09-21,1409.0
122,Préstamos personales otorgados al sector privado,Series.xlsm,Saldos,D,En millones de USD,ME,2002-12-31,2026-09-21,4.0
123,Préstamos en tarjeta de créditos otorgados al sector privado,Series.xlsm,Saldos,D,En millones de USD,ME,2002-12-31,2026-09-21,690.0
124,Otros préstamos otorgados al sector privado,Series.xlsm,Saldos,D,En millones de USD,ME,2002-12-31,2026-09-21,3538.0
125,Préstamos otorgados al sector privado ,Series.xlsm,Saldos,D,En millones de USD,ME,2002-12-31,2026-09-21,26021.0
126,Préstamos otorgados al sector privado ,Series.xlsm,Saldos,D,En millones de ARS,ME,2002-12-31,2026-09-21,39419561.5814
127,Préstamos otorgados al sector privado ,Series.xlsm,Saldos,D,En millones de ARS,MEyML,2002-12-31,2026-09-21,144742409.5814
135,Tasa de interés TAMAR de bancos públicos y privados,Series.xlsm,Tasa de interés,D,En porcentaje nominal anual,ML,2024-10-01,2026-09-23,23.625
136,Tasa de interés TAMAR de bancos privados,Series.xlsm,Tasa de interés,D,En porcentaje nominal anual,ML,2024-10-01,2026-09-23,23.6875
137,Tasa de interés TAMAR de bancos privados,Series.xlsm,Tasa de interés,D,En porcentaje efectivo anual,ML,2024-10-01,2026-09-23,26.4212
138,Tasa de interés BADLAR de bancos públicos y privados,Series.xlsm,Tasa de interés,D,En porcentaje nominal anual,ML,2003-01-02,2026-09-23,22.4375
139,Tasa de interés BADLAR de bancos privados,Series.xlsm,Tasa de interés,D,En porcentaje nominal anual,ML,2003-01-02,2026-09-23,22.5
140,Tasa de interés BADLAR de bancos privados,Series.xlsm,Tasa de interés,D,En porcentaje efectivo anual,ML,2020-01-23,2026-09-23,24.9583
141,Tasa de interés TM20 de bancos públicos y privados,Series.xlsm,Tasa de interés,D,En porcentaje nominal anual,ML,2017-01-02,2026-09-23,22.8125
142,Tasa de interésTM20 de bancos privados,Series.xlsm,Tasa de interés,D,En porcentaje nominal anual,ML,2017-01-02,2026-09-23,22.875
143,Tasa de interés TM20 de bancos privados,Series.xlsm,Tasa de interés,D,En porcentaje efectivo anual,ML,2020-01-23,2026-09-23,25.4186
144,Tasa de interés de préstamos personales otorgados al sector privado,Series.xlsm,Tasa de interés,D,En porcentaje nominal anual,ML,2010-07-01,2026-09-23,60.09
145,"Tasa de interés de adelantos en cuenta corriente, con acuerdo de 1 a 7 días y de 10 millones o más, a empresas del sector privado",Series.xlsm,Tasa de interés,D,En porcentaje nominal anual,ML,2009-01-02,2026-09-23,25.12
146,Tasa de interés de préstamos entre bancos privados (BAIBAR),Series.xlsm,Tasa de interés,D,En porcentaje nominal anual,ML,2003-01-02,2026-09-23,20.77
147,Préstamos entre bancos privados (BAIBAR),Series.xlsm,Monto,D,En millones de ARS,ML,2003-01-02,2026-09-23,263663.0
148,Tasa de interés de préstamos entre entidades financieras locales,Series.xlsm,Tasa de interés,D,En porcentaje nominal anual,ML,2003-01-02,2026-09-23,20.88
149,Préstamos entre entidades financieras locales ,Series.xlsm,Monto,D,En millones de ARS,ML,2003-01-02,2026-09-23,469496.0
150,Tasa de interés por operaciones de pases entre terceros a 1 día,Series.xlsm,Tasa de interés,D,En porcentaje nominal anual,ML,2008-01-02,2026-09-23,20.64
151,Operaciones de pases entre terceros a 1 día,Series.xlsm,Monto,D,En millones de ARS,ML,2008-01-02,2026-09-23,2827600.0
152,Pases pasivos para el BCRA (incluye pases pasivos con fci),Series.xlsm,Saldos,D,En millones de ARS,ML,2004-05-28,2026-09-23,0.0
153,Pases pasivos para el BCRA con fondos comunes de inversión,Series.xlsm,Saldos,D,En millones de ARS,ML,2014-01-02,2026-09-23,0.0
154,Pases activos para el BCRA,Series.xlsm,Saldos,D,En millones de ARS,ML,2004-05-28,2026-09-23,0.0
155,LELIQ y NOTALQ,Series.xlsm,Saldos,D,En millones de ARS,ML,2018-01-11,2026-09-23,0.0
156,"LEBAC y NOBAC , LEGAR y LEMIN ",Series.xlsm,Saldos,D,En millones de ARS,ML,2003-01-02,2026-09-23,249771.9017
157,LEBAC y NOBAC  de entidades financieras ,Series.xlsm,Saldos,D,En millones de ARS,ML,2008-07-04,2026-09-23,0.0
158,"LEBAC, LEDIV y BOPREAL",Series.xlsm,Saldos,D,En millones de USD,USD,2003-01-02,2026-09-23,4889.69
159,NOCOM ,Series.xlsm,Saldos,D,En millones de ARS,ML,2018-10-11,2026-09-23,0.0
160,Tasas de interés de política monetaria,Series.xlsm,Tasa de interés,D,En porcentaje nominal anual,ML,2015-12-16,2025-07-10,29.0
161,Tasas de interés de política monetaria,Series.xlsm,Tasa de interés,D,En porcentaje efectivo anual,ML,2020-01-23,2025-07-10,33.63
162,Tasa de interés por pases pasivos para el BCRA a 1 día,Series.xlsm,Tasa de interés,D,En porcentaje nominal anual,ML,2004-05-28,2024-07-19,40.0
163,Tasa de interés por pases pasivos para el BCRA a 7 días,Series.xlsm,Tasa de interés,D,En porcentaje nominal anual,ML,2004-06-04,2022-02-04,32.0
164,Tasa de interés por pases activos para el BCRA a 1 día,Series.xlsm,Tasa de interés,D,En porcentaje nominal anual,ML,2007-10-17,2025-07-10,33.0
165,Tasa de interés por pases activos para el BCRA a 7 días,Series.xlsm,Tasa de interés,D,En porcentaje nominal anual,ML,2004-05-21,2025-07-10,33.0
166,Tasa de interés de LEBAC / LELIQ de 1 mes,Series.xlsm,Tasa de interés,D,En porcentaje nominal anual,ML,2003-04-30,2018-11-21,49.9967
167,Tasa de interés de LEBAC de 2 meses,Series.xlsm,Tasa de interés,D,En porcentaje nominal anual,ML,2003-04-30,2018-10-17,57.0005
168,Tasa de interés de LEBAC de 3 meses,Series.xlsm,Tasa de interés,D,En porcentaje nominal anual,ML,2003-04-30,2018-09-19,45.0003
169,Tasa de interés de LEBAC de 4 meses,Series.xlsm,Tasa de interés,D,En porcentaje nominal anual,ML,2008-06-03,2018-07-19,42.3501
170,Tasa de interés de LEBAC de 5 meses,Series.xlsm,Tasa de interés,D,En porcentaje nominal anual,ML,2006-02-07,2018-05-16,37.9999
171,Tasa de interés de LEBAC / LELIQ a 6 meses,Series.xlsm,Tasa de interés,D,En porcentaje nominal anual,ML,2003-01-02,2023-07-05,105.5
172,Tasa de interés de LEBAC  de 7 meses,Series.xlsm,Tasa de interés,D,En porcentaje nominal anual,ML,2008-02-12,2018-03-21,25.2499
173,Tasa de interés de LEBAC  de 8 meses,Series.xlsm,Tasa de interés,D,En porcentaje nominal anual,ML,2008-02-26,2017-01-31,21.9001
174,Tasa de interés de LEBAC  de 9 meses,Series.xlsm,Tasa de interés,D,En porcentaje nominal anual,ML,2003-01-02,2018-03-21,24.95
175,Tasa de interés de LEBAC  de 10 meses,Series.xlsm,Tasa de interés,D,En porcentaje nominal anual,ML,2008-02-12,2017-01-31,21.7423
176,Tasa de interés de LEBAC  de 11 meses,Series.xlsm,Tasa de interés,D,En porcentaje nominal anual,ML,2010-07-27,2014-12-02,29.1875
177,Tasa de interés de LEBAC  de 12 meses,Series.xlsm,Tasa de interés,D,En porcentaje nominal anual,ML,2003-01-14,2015-03-17,29.4619
178,Tasa de interés de LEBAC  de 18 meses,Series.xlsm,Tasa de interés,D,En porcentaje nominal anual,ML,2003-04-08,2007-07-17,10.6
179,Tasa de interés de LEBAC  de 24 meses,Series.xlsm,Tasa de interés,D,En porcentaje nominal anual,ML,2004-03-16,2013-02-13,16.9581
180, Tasa de interés de LEBAC  ajustables por CER de 6 meses,Series.xlsm,Tasa de interés,D,En porcentaje nominal anual,ML,2003-02-25,2003-03-20,7.8788
181,Tasa de interés de LEBAC ajustables por CER de 12 meses,Series.xlsm,Tasa de interés,D,En porcentaje nominal anual,ML,2003-02-25,2005-07-19,0.0
182,Tasa de interés de LEBAC ajustables por CER de 18 meses,Series.xlsm,Tasa de interés,D,En porcentaje nominal anual,ML,2003-04-08,2005-07-19,0.8
183,Tasa de interés de LEBAC ajustables por CER de 24 meses,Series.xlsm,Tasa de interés,D,En porcentaje nominal anual,ML,2004-03-16,2005-07-19,1.2
184,"Tasa de interés de LEBAC USD con liquidación en pesos, de 1 mes",Series.xlsm,Tasa de interés,D,En porcentaje nominal anual,USD,2006-01-03,2006-01-03,4.1497
185,"Tasa de interés de LEBAC USD con liquidación en pesos, de 6 meses",Series.xlsm,Tasa de interés,D,En porcentaje nominal anual,USD,2005-07-27,2015-12-16,3.65
186,"Tasa de interés de LEBAC USD con liquidación en pesos, de 12 meses",Series.xlsm,Tasa de interés,D,En porcentaje nominal anual,USD,2015-12-17,2016-01-29,3.65
187,Tasa de interés de LEBAC de 1 mes,Series.xlsm,Tasa de interés,D,En porcentaje nominal anual,USD,2014-01-28,2016-04-26,0.8997
188,Tasa de interés de LEBAC de 3 meses,Series.xlsm,Tasa de interés,D,En porcentaje nominal anual,USD,2014-01-28,2016-04-26,0.9001
189,Tasa de interés de LEBAC de 6 meses,Series.xlsm,Tasa de interés,D,En porcentaje nominal anual,USD,2005-10-11,2016-01-05,3.1251
190,Tasa de interés de LEBAC de 12 meses,Series.xlsm,Tasa de interés,D,En porcentaje nominal anual,USD,2005-08-02,2016-01-05,3.125
191,Margen sobre BADLAR bancos privados de NOBAC de 9 meses,Series.xlsm,Margen,D,En porcentaje nominal anual,ML,2006-01-03,2012-09-04,-1.9944
192,Margen sobre bancos privados de NOBAC de 12 meses ,Series.xlsm,Margen,D,En porcentaje nominal anual,ML,2006-04-11,2013-04-16,-2.6793
193,Margen sobre BADLAR total de NOBAC de 2 años,Series.xlsm,Margen,D,En porcentaje nominal anual,ML,2005-04-19,2006-02-07,6.194
194,Margen sobre BADLAR bancos privados de NOBAC de 2 años,Series.xlsm,Margen,D,En porcentaje nominal anual,ML,2005-05-31,2011-10-11,0.86
195,Margen sobre tasa de politica monetaria de NOTALIQ en pesos de 190 días,Series.xlsm,Margen,D,En porcentaje nominal anual,ML,2022-02-22,2023-09-13,2.5
196,"LEFI en cartera de entidades financieras, en valor técnico",Series.xlsm,Saldos,D,En millones de ARS,ML,2003-01-02,2025-07-11,0.0
197,M2 transaccional del sector privado,Series.xlsm,Saldos,D,En millones de ARS,ML,2021-01-04,2026-09-21,62908443.588
198,Otros,Series.xlsm,Saldos,D,En millones de ARS,ML,2025-07-15,2026-09-23,2162670.1825
199,"Préstamos a los gobiernos nacional, provinciales, municipales y corporaciones intergubernamentales",Préstamos por tipo de titular,Saldos a fin de mes,M,En miles de ARS,ML,1990-01-31,2026-07-31,868437.0
200,Préstamos a la administración central,Préstamos por tipo de titular,Saldos a fin de mes,M,En miles de ARS,ML,1989-12-31,2026-07-31,154272.0
201,Préstamos a entidades descentralizadas,Préstamos por tipo de titular,Saldos a fin de mes,M,En miles de ARS,ML,1989-12-31,2026-07-31,130450.0
202,Préstamos a los gobiernos provinciales,Préstamos por tipo de titular,Saldos a fin de mes,M,En miles de ARS,ML,1989-12-31,2026-07-31,520717.0
203,Préstamos a los gobiernos municipales,Préstamos por tipo de titular,Saldos a fin de mes,M,En miles de ARS,ML,1989-12-31,2026-07-31,62975.0
204,Préstamos a las corporaciones integubernamentales,Préstamos por tipo de titular,Saldos a fin de mes,M,En miles de ARS,ML,1989-12-31,2026-07-31,24.0
205,Préstamos a empresas y otros entes públicos nacionales,Préstamos por tipo de titular,Saldos a fin de mes,M,En miles de ARS,ML,1989-12-31,2026-07-31,8948.0
206,Préstamos a empresas y otros entes públicos provinciales,Préstamos por tipo de titular,Saldos a fin de mes,M,En miles de ARS,ML,1989-12-31,2026-07-31,30875.0
207,Préstamos a empresas y otros entes públicos municipales,Préstamos por tipo de titular,Saldos a fin de mes,M,En miles de ARS,ML,1989-12-31,2026-07-31,56.0
208,Préstamos a empresas y otros entes públicos intergubernamentales,Préstamos por tipo de titular,Saldos a fin de mes,M,En miles de ARS,ML,1989-12-31,2026-07-31,436.0
209,"Depósitos de los gobiernos nacional, provinciales, municipales y corporaciones intergubernamentales",Depósitos por tipo de titular,Saldos a fin de mes,M,En miles de ARS,ML,1989-12-31,2026-07-31,42674281.0
210,Depósitos de la administración central,Depósitos por tipo de titular,Saldos a fin de mes,M,En miles de ARS,ML,1989-12-31,2026-07-31,17229532.0
211,Depósitos de las entidades descentralizadas,Depósitos por tipo de titular,Saldos a fin de mes,M,En miles de ARS,ML,1989-12-31,2026-07-31,5144250.0
212,Depósitos de los gobiernos provinciales,Depósitos por tipo de titular,Saldos a fin de mes,M,En miles de ARS,ML,1989-12-31,2026-07-31,17820720.0
213,Depósitos de los gobiernos municipales,Depósitos por tipo de titular,Saldos a fin de mes,M,En miles de ARS,ML,1989-12-31,2026-07-31,2472403.0
214,Depósitos de corporaciones integubernamentales,Depósitos por tipo de titular,Saldos a fin de mes,M,En miles de ARS,ML,1989-12-31,2026-07-31,7375.0
215,Depósitos de empresas y otros entes públicos nacionales,Depósitos por tipo de titular,Saldos a fin de mes,M,En miles de ARS,ML,1989-12-31,2026-07-31,2375335.0
216,Depósitos de empresas y otros entes públicos provinciales,Depósitos por tipo de titular,Saldos a fin de mes,M,En miles de ARS,ML,1989-12-31,2026-07-31,933742.0
217,Depósitos de empresas y otros entes públicos municipales,Depósitos por tipo de titular,Saldos a fin de mes,M,En miles de ARS,ML,1989-12-31,2026-07-31,52673.0
218,Depósitos de empresas y otros entes públicos intergubernamentales,Depósitos por tipo de titular,Saldos a fin de mes,M,En miles de ARS,ML,1989-12-31,2026-07-31,118521.0
219,"Préstamos a los gobiernos nacional, provinciales, municipales y corporaciones intergubernamentales",Préstamos por tipo de titular,Saldos a fin de mes,M,En miles de ARS,ME,1989-12-31,2026-07-31,15326.0
220,Préstamos a la administración central,Préstamos por tipo de titular,Saldos a fin de mes,M,En miles de ARS,ME,1989-12-31,2026-07-31,88.0
221,Préstamos a entidades descentralizadas,Préstamos por tipo de titular,Saldos a fin de mes,M,En miles de ARS,ME,1989-12-31,2026-07-31,37.0
222,Préstamos a los gobiernos provinciales,Préstamos por tipo de titular,Saldos a fin de mes,M,En miles de ARS,ME,1989-12-31,2026-07-31,15146.0
223,Préstamos a los gobiernos municipales,Préstamos por tipo de titular,Saldos a fin de mes,M,En miles de ARS,ME,1989-12-31,2026-07-31,55.0
224,Préstamos a las corporaciones integubernamentales,Préstamos por tipo de titular,Saldos a fin de mes,M,En miles de ARS,ME,1989-12-31,2026-07-31,0.0
225,Préstamos a empresas y otros entes públicos nacionales,Préstamos por tipo de titular,Saldos a fin de mes,M,En miles de ARS,ME,1989-12-31,2026-07-31,141429.0
226,Préstamos a empresas y otros entes públicos provinciales,Préstamos por tipo de titular,Saldos a fin de mes,M,En miles de ARS,ME,1989-12-31,2026-07-31,65.0
227,Préstamos a empresas y otros entes públicos municipales,Préstamos por tipo de titular,Saldos a fin de mes,M,En miles de ARS,ME,1989-12-31,2026-07-31,0.0
228,Préstamos a empresas y otros entes públicos intergubernamentales,Préstamos por tipo de titular,Saldos a fin de mes,M,En miles de ARS,ME,1989-12-31,2026-07-31,3806.0
229,"Depósitos de los gobiernos nacional, provinciales, municipales y corporaciones intergubernamentales",Depósitos por tipo de titular,Saldos a fin de mes,M,En miles de ARS,ME,1989-12-31,2026-07-31,3412813.0
230,Depósitos de la administración central,Depósitos por tipo de titular,Saldos a fin de mes,M,En miles de ARS,ME,1989-12-31,2026-07-31,520260.0
231,Depósitos de las entidades descentralizadas,Depósitos por tipo de titular,Saldos a fin de mes,M,En miles de ARS,ME,1989-12-31,2026-07-31,1366315.0
232,Depósitos de los gobiernos provinciales,Depósitos por tipo de titular,Saldos a fin de mes,M,En miles de ARS,ME,1989-12-31,2026-07-31,1334049.0
233,Depósitos de los gobiernos municipales,Depósitos por tipo de titular,Saldos a fin de mes,M,En miles de ARS,ME,1989-12-31,2026-07-31,49506.0
234,Depósitos de corporaciones integubernamentales,Depósitos por tipo de titular,Saldos a fin de mes,M,En miles de ARS,ME,1989-12-31,2026-07-31,142683.0
235,Depósitos de empresas y otros entes públicos nacionales,Depósitos por tipo de titular,Saldos a fin de mes,M,En miles de ARS,ME,1989-12-31,2026-07-31,703592.0
236,Depósitos de empresas y otros entes públicos provinciales,Depósitos por tipo de titular,Saldos a fin de mes,M,En miles de ARS,ME,1989-12-31,2026-07-31,262555.0
237,Depósitos de empresas y otros entes públicos municipales,Depósitos por tipo de titular,Saldos a fin de mes,M,En miles de ARS,ME,1989-12-31,2026-07-31,329.0
238,Depósitos de empresas y otros entes públicos intergubernamentales,Depósitos por tipo de titular,Saldos a fin de mes,M,En miles de ARS,ME,1989-12-31,2026-07-31,5791.0
239,"Depósitos en cuentas corrientes de los gobiernos nacional, provinciales, municipales y corporaciones intergubernamentales",Depósitos por tipo de titular,Saldos a fin de mes,M,En miles de ARS,ML,1994-01-31,2026-07-31,21100930.0
240,Depósitos en cuentas corrientes de la administración central,Depósitos por tipo de titular,Saldos a fin de mes,M,En miles de ARS,ML,1994-01-31,2026-07-31,5867371.0
241,Depósitos en cuentas corrientes de las entidades descentralizadas,Depósitos por tipo de titular,Saldos a fin de mes,M,En miles de ARS,ML,1994-01-31,2026-07-31,3290618.0
242,Depósitos en cuentas corrientes de los gobiernos provinciales,Depósitos por tipo de titular,Saldos a fin de mes,M,En miles de ARS,ML,1994-01-31,2026-07-31,11024333.0
243,Depósitos en cuentas corrientes de los gobiernos municipales,Depósitos por tipo de titular,Saldos a fin de mes,M,En miles de ARS,ML,1994-01-31,2026-07-31,917092.0
244,Depósitos en cuentas corrientes de los gobiernos de corporaciones integubernamentales,Depósitos por tipo de titular,Saldos a fin de mes,M,En miles de ARS,ML,1994-01-31,2026-07-31,1516.0
245,Depósitos en cuentas corrientes de empresas y otros entes públicos nacionales,Depósitos por tipo de titular,Saldos a fin de mes,M,En miles de ARS,ML,1994-01-31,2026-07-31,246266.0
246,Depósitos en cuentas corrientes de empresas y otros entes públicos provinciales,Depósitos por tipo de titular,Saldos a fin de mes,M,En miles de ARS,ML,1994-01-31,2026-07-31,375150.0
247,Depósitos en cuentas corrientes de empresas y otros entes públicos municipales,Depósitos por tipo de titular,Saldos a fin de mes,M,En miles de ARS,ML,1994-01-31,2026-07-31,13529.0
248,Depósitos en cuentas corrientes de empresas y otros entes públicos intergubernamentales,Depósitos por tipo de titular,Saldos a fin de mes,M,En miles de ARS,ML,1994-01-31,2026-07-31,44337.0
249,"Depósitos en cajas de ahorro de los gobiernos nacional, provinciales, municipales y corporaciones intergubernamentales",Depósitos por tipo de titular,Saldos a fin de mes,M,En miles de ARS,ML,2000-01-31,2026-07-31,409050.0
250,Depósitos en caja de ahorros de la administración central,Depósitos por tipo de titular,Saldos a fin de mes,M,En miles de ARS,ML,2000-01-31,2026-07-31,1223.0
251,Depósitos en caja de ahorros de las entidades descentralizadas,Depósitos por tipo de titular,Saldos a fin de mes,M,En miles de ARS,ML,2000-01-31,2026-07-31,90478.0
252,Depósitos en caja de ahorros de los gobiernos provinciales,Depósitos por tipo de titular,Saldos a fin de mes,M,En miles de ARS,ML,2000-01-31,2026-07-31,294329.0
253,Depósitos en caja de ahorros de los gobiernos municipales,Depósitos por tipo de titular,Saldos a fin de mes,M,En miles de ARS,ML,2000-01-31,2026-07-31,23017.0
254,Depósitos en caja de ahorros de los gobiernos de corporaciones integubernamentales,Depósitos por tipo de titular,Saldos a fin de mes,M,En miles de ARS,ML,2000-01-31,2026-07-31,3.0
255,Depósitos en caja de ahorros de empresas y otros entes públicos nacionales,Depósitos por tipo de titular,Saldos a fin de mes,M,En miles de ARS,ML,2000-01-31,2026-07-31,640629.0
256,Depósitos en caja de ahorros de empresas y otros entes públicos provinciales,Depósitos por tipo de titular,Saldos a fin de mes,M,En miles de ARS,ML,2000-01-31,2026-07-31,11286.0
257,Depósitos en caja de ahorros de empresas y otros entes públicos municipales,Depósitos por tipo de titular,Saldos a fin de mes,M,En miles de ARS,ML,2000-01-31,2026-07-31,748.0
258,Depósitos en caja de ahorros de empresas y otros entes públicos intergubernamentales,Depósitos por tipo de titular,Saldos a fin de mes,M,En miles de ARS,ML,2000-01-31,2026-07-31,2238.0
259,"Depósitos a plazo fijo de los gobiernos nacional, provinciales, municipales y corporaciones intergubernamentales",Depósitos por tipo de titular,Saldos a fin de mes,M,En miles de ARS,ML,1994-01-31,2026-07-31,8674168.0
260,Depósitos en plazo fijo de la administración central,Depósitos por tipo de titular,Saldos a fin de mes,M,En miles de ARS,ML,1994-01-31,2026-07-31,1894452.0
261,Depósitos en plazo fijo de las entidades descentralizadas,Depósitos por tipo de titular,Saldos a fin de mes,M,En miles de ARS,ML,1994-01-31,2026-07-31,1690910.0
262,Depósitos en plazo fijo de los gobiernos provinciales,Depósitos por tipo de titular,Saldos a fin de mes,M,En miles de ARS,ML,1994-01-31,2026-07-31,3666217.0
263,Depósitos en plazo fijo de los gobiernos municipales,Depósitos por tipo de titular,Saldos a fin de mes,M,En miles de ARS,ML,1994-01-31,2026-07-31,1416755.0
264,Depósitos en plazo fijo de los gobiernos de corporaciones integubernamentales,Depósitos por tipo de titular,Saldos a fin de mes,M,En miles de ARS,ML,1994-01-31,2026-07-31,5834.0
265,Depósitos en plazo fijo de empresas y otros entes públicos nacionales,Depósitos por tipo de titular,Saldos a fin de mes,M,En miles de ARS,ML,1994-01-31,2026-07-31,954951.0
266,Depósitos en plazo fijo de empresas y otros entes públicos provinciales,Depósitos por tipo de titular,Saldos a fin de mes,M,En miles de ARS,ML,1994-01-31,2026-07-31,388141.0
267,Depósitos en plazo fijo de empresas y otros entes públicos municipales,Depósitos por tipo de titular,Saldos a fin de mes,M,En miles de ARS,ML,1994-01-31,2026-07-31,37278.0
268,Depósitos en plazo fijo de empresas y otros entes públicos intergubernamentales,Depósitos por tipo de titular,Saldos a fin de mes,M,En miles de ARS,ML,1994-01-31,2026-07-31,66257.0
269,"Otros depósitos de los gobiernos nacional, provinciales, municipales y corporaciones intergubernamentales",Depósitos por tipo de titular,Saldos a fin de mes,M,En miles de ARS,ML,1994-01-31,2026-07-31,12490133.0
270,Otros depósitos de la administración central,Depósitos por tipo de titular,Saldos a fin de mes,M,En miles de ARS,ML,1994-01-31,2026-07-31,9466486.0
271,Otros depósitos de las entidades descentralizadas,Depósitos por tipo de titular,Saldos a fin de mes,M,En miles de ARS,ML,1994-01-31,2026-07-31,72243.0
272,Otros depósitos de los gobiernos provinciales,Depósitos por tipo de titular,Saldos a fin de mes,M,En miles de ARS,ML,1994-01-31,2026-07-31,2835842.0
273,Otros depósitos de los gobiernos municipales,Depósitos por tipo de titular,Saldos a fin de mes,M,En miles de ARS,ML,1994-01-31,2026-07-31,115540.0
274,Otros depósitos de corporaciones integubernamentales,Depósitos por tipo de titular,Saldos a fin de mes,M,En miles de ARS,ML,1994-01-31,2026-07-31,23.0
275,Otros depósitos de empresas y otros entes públicos nacionales,Depósitos por tipo de titular,Saldos a fin de mes,M,En miles de ARS,ML,1994-01-31,2026-07-31,533489.0
276,Otros depósitos de empresas y otros entes públicos provinciales,Depósitos por tipo de titular,Saldos a fin de mes,M,En miles de ARS,ML,1994-01-31,2026-07-31,159164.0
277,Otros depósitos de empresas y otros entes públicos municipales,Depósitos por tipo de titular,Saldos a fin de mes,M,En miles de ARS,ML,1994-01-31,2026-07-31,1119.0
278,Otros depósitos de empresas y otros entes públicos intergubernamentales,Depósitos por tipo de titular,Saldos a fin de mes,M,En miles de ARS,ML,1994-01-31,2026-07-31,5688.0
279,"Depósitos en cuentas corrientes de los gobiernos nacional, provinciales, municipales y corporaciones intergubernamentales",Depósitos por tipo de titular,Saldos a fin de mes,M,En miles de ARS,ME,2000-01-31,2026-07-31,0.0
280,Depósitos en cuentas corrientes de la administración central,Depósitos por tipo de titular,Saldos a fin de mes,M,En miles de ARS,ME,2000-01-31,2026-07-31,0.0
281,Depósitos en cuentas corrientes de las entidades descentralizadas,Depósitos por tipo de titular,Saldos a fin de mes,M,En miles de ARS,ME,2000-01-31,2026-07-31,0.0
282,Depósitos en cuentas corrientes de los gobiernos provinciales,Depósitos por tipo de titular,Saldos a fin de mes,M,En miles de ARS,ME,2000-01-31,2026-07-31,0.0
283,Depósitos en cuentas corrientes de los gobiernos municipales,Depósitos por tipo de titular,Saldos a fin de mes,M,En miles de ARS,ME,2000-01-31,2026-07-31,0.0
284,Depósitos en cuentas corrientes de los gobiernos de corporaciones integubernamentales,Depósitos por tipo de titular,Saldos a fin de mes,M,En miles de ARS,ME,2000-01-31,2026-07-31,0.0
285,Depósitos en cuentas corrientes de empresas y otros entes públicos nacionales,Depósitos por tipo de titular,Saldos a fin de mes,M,En miles de ARS,ME,2000-01-31,2026-07-31,0.0
286,Depósitos en cuentas corrientes de empresas y otros entes públicos provinciales,Depósitos por tipo de titular,Saldos a fin de mes,M,En miles de ARS,ME,2000-01-31,2026-07-31,0.0
287,Depósitos en cuentas corrientes de empresas y otros entes públicos municipales,Depósitos por tipo de titular,Saldos a fin de mes,M,En miles de ARS,ME,2000-01-31,2026-07-31,0.0
288,Depósitos en cuentas corrientes de empresas y otros entes públicos intergubernamentales,Depósitos por tipo de titular,Saldos a fin de mes,M,En miles de ARS,ME,2000-01-31,2026-07-31,0.0
289,"Depósitos en cajas de ahorro de los gobiernos nacional, provinciales, municipales y corporaciones intergubernamentales",Depósitos por tipo de titular,Saldos a fin de mes,M,En miles de ARS,ME,2000-01-31,2026-07-31,1663354.0
290,Depósitos en caja de ahorros de la administración central,Depósitos por tipo de titular,Saldos a fin de mes,M,En miles de ARS,ME,2000-01-31,2026-07-31,491584.0
291,Depósitos en caja de ahorros de las entidades descentralizadas,Depósitos por tipo de titular,Saldos a fin de mes,M,En miles de ARS,ME,2000-01-31,2026-07-31,429704.0
292,Depósitos en caja de ahorros de los gobiernos provinciales,Depósitos por tipo de titular,Saldos a fin de mes,M,En miles de ARS,ME,2000-01-31,2026-07-31,727470.0
293,Depósitos en caja de ahorros de los gobiernos municipales,Depósitos por tipo de titular,Saldos a fin de mes,M,En miles de ARS,ME,2000-01-31,2026-07-31,13684.0
294,Depósitos en caja de ahorros de los gobiernos de corporaciones integubernamentales,Depósitos por tipo de titular,Saldos a fin de mes,M,En miles de ARS,ME,2000-01-31,2026-07-31,912.0
295,Depósitos en caja de ahorros de empresas y otros entes públicos nacionales,Depósitos por tipo de titular,Saldos a fin de mes,M,En miles de ARS,ME,2000-01-31,2026-07-31,392699.0
296,Depósitos en caja de ahorros de empresas y otros entes públicos provinciales,Depósitos por tipo de titular,Saldos a fin de mes,M,En miles de ARS,ME,2000-01-31,2026-07-31,105623.0
297,Depósitos en caja de ahorros de empresas y otros entes públicos municipales,Depósitos por tipo de titular,Saldos a fin de mes,M,En miles de ARS,ME,2000-01-31,2026-07-31,9.0
298,Depósitos en caja de ahorros de empresas y otros entes públicos intergubernamentales,Depósitos por tipo de titular,Saldos a fin de mes,M,En miles de ARS,ME,2000-01-31,2026-07-31,3417.0
299,"Depósitos a plazo fijo de los gobiernos nacional, provinciales, municipales y corporaciones intergubernamentales",Depósitos por tipo de titular,Saldos a fin de mes,M,En miles de ARS,ME,2000-01-31,2026-07-31,1546351.0
300,Depósitos en plazo fijo de la administración central,Depósitos por tipo de titular,Saldos a fin de mes,M,En miles de ARS,ME,2000-01-31,2026-07-31,24005.0
301,Depósitos en plazo fijo de las entidades descentralizadas,Depósitos por tipo de titular,Saldos a fin de mes,M,En miles de ARS,ME,2000-01-31,2026-07-31,919847.0
302,Depósitos en plazo fijo de los gobiernos provinciales,Depósitos por tipo de titular,Saldos a fin de mes,M,En miles de ARS,ME,2000-01-31,2026-07-31,426560.0
303,Depósitos en plazo fijo de los gobiernos municipales,Depósitos por tipo de titular,Saldos a fin de mes,M,En miles de ARS,ME,2000-01-31,2026-07-31,34891.0
304,Depósitos en plazo fijo de los gobiernos de corporaciones integubernamentales,Depósitos por tipo de titular,Saldos a fin de mes,M,En miles de ARS,ME,2000-01-31,2026-07-31,141047.0
305,Depósitos en plazo fijo de empresas y otros entes públicos nacionales,Depósitos por tipo de titular,Saldos a fin de mes,M,En miles de ARS,ME,2000-01-31,2026-07-31,311332.0
306,Depósitos en plazo fijo de empresas y otros entes públicos provinciales,Depósitos por tipo de titular,Saldos a fin de mes,M,En miles de ARS,ME,2000-01-31,2026-07-31,156363.0
307,Depósitos en plazo fijo de empresas y otros entes públicos municipales,Depósitos por tipo de titular,Saldos a fin de mes,M,En miles de ARS,ME,2000-01-31,2026-07-31,0.0
308,Depósitos en plazo fijo de empresas y otros entes públicos intergubernamentales,Depósitos por tipo de titular,Saldos a fin de mes,M,En miles de ARS,ME,2000-01-31,2026-07-31,2380.0
309,"Otros depósitos de los gobiernos nacional, provinciales, municipales y corporaciones intergubernamentales",Depósitos por tipo de titular,Saldos a fin de mes,M,En miles de ARS,ME,2000-01-31,2026-07-31,203108.0
310,Otros depósitos de la administración central,Depósitos por tipo de titular,Saldos a fin de mes,M,En miles de ARS,ME,2000-01-31,2026-07-31,4671.0
311,Otros depósitos de las entidades descentralizadas,Depósitos por tipo de titular,Saldos a fin de mes,M,En miles de ARS,ME,2000-01-31,2026-07-31,16763.0
312,Otros depósitos de los gobiernos provinciales,Depósitos por tipo de titular,Saldos a fin de mes,M,En miles de ARS,ME,2000-01-31,2026-07-31,180019.0
313,Otros depósitos de los gobiernos municipales,Depósitos por tipo de titular,Saldos a fin de mes,M,En miles de ARS,ME,2000-01-31,2026-07-31,931.0
314,Otros depósitos de corporaciones integubernamentales,Depósitos por tipo de titular,Saldos a fin de mes,M,En miles de ARS,ME,2000-01-31,2026-07-31,724.0
315,Otros depósitos de empresas y otros entes públicos nacionales,Depósitos por tipo de titular,Saldos a fin de mes,M,En miles de ARS,ME,2000-01-31,2026-07-31,0.0
316,Otros depósitos de empresas y otros entes públicos provinciales,Depósitos por tipo de titular,Saldos a fin de mes,M,En miles de ARS,ME,2000-01-31,2026-07-31,569.0
317,Otros depósitos de empresas y otros entes públicos municipales,Depósitos por tipo de titular,Saldos a fin de mes,M,En miles de ARS,ME,2000-01-31,2026-07-31,320.0
318,Otros depósitos de empresas y otros entes públicos intergubernamentales,Depósitos por tipo de titular,Saldos a fin de mes,M,En miles de ARS,ME,2000-01-31,2026-07-31,0.0
319,Utilización de fondos unificados de la Ciudad Autónoma de Buenos Aires,Depósitos por tipo de titular,Saldos a fin de mes,M,En miles de ARS,ML,1999-12-31,2026-07-31,0.0
320,Total de préstamos a la Ciudad Autónoma de Buenos Aires,Préstamos por tipo de titular,Saldos a fin de mes,M,En miles de ARS,ML,1999-12-31,2026-07-31,2523.0
321,Total de depósitos de la Ciudad Autónoma de Buenos Aires,Depósitos por tipo de titular,Saldos a fin de mes,M,En miles de ARS,ML,1999-12-31,2026-07-31,950511.0
322,Utilización de fondos unificados de la provincia de Buenos Aires,Préstamos por tipo de titular,Saldos a fin de mes,M,En miles de ARS,ML,1999-12-31,2026-07-31,1590386.0
323,Total de préstamos a la provincia de Buenos Aires,Préstamos por tipo de titular,Saldos a fin de mes,M,En miles de ARS,ML,1999-12-31,2026-07-31,34.0
324,Total de depósitos de la provincia de Buenos Aires,Depósitos por tipo de titular,Saldos a fin de mes,M,En miles de ARS,ML,1999-12-31,2026-07-31,3366373.0
325,Utilización de fondos unificados de la provincia de Catamarca,Préstamos por tipo de titular,Saldos a fin de mes,M,En miles de ARS,ML,1999-12-31,2026-07-31,99957.0
326,Total de préstamos a la provincia de Catamarca,Préstamos por tipo de titular,Saldos a fin de mes,M,En miles de ARS,ML,1999-12-31,2026-07-31,51828.0
327,Total de depósitos de la provincia de Catamarca,Depósitos por tipo de titular,Saldos a fin de mes,M,En miles de ARS,ML,1999-12-31,2026-07-31,247321.0
328,Utilización de fondos unificados de la provincia de Córdoba,Préstamos por tipo de titular,Saldos a fin de mes,M,En miles de ARS,ML,1999-12-31,2026-07-31,1778872.0
329,Total de préstamos a la provincia de Córdoba,Préstamos por tipo de titular,Saldos a fin de mes,M,En miles de ARS,ML,1999-12-31,2026-07-31,29.0
330,Total de depósitos de la provincia de Córdoba,Depósitos por tipo de titular,Saldos a fin de mes,M,En miles de ARS,ML,1999-12-31,2026-07-31,3191344.0
331,Utilización de fondos unificados de la provincia de Corrientes,Depósitos por tipo de titular,Saldos a fin de mes,M,En miles de ARS,ML,1999-12-31,2026-07-31,10000.0
332,Total de préstamos a la provincia de Corrientes,Préstamos por tipo de titular,Saldos a fin de mes,M,En miles de ARS,ML,1999-12-31,2026-07-31,24.0
333,Total de depósitos de la provincia de Corrientes,Depósitos por tipo de titular,Saldos a fin de mes,M,En miles de ARS,ML,1999-12-31,2026-07-31,309104.0
334,Utilización de fondos unificados de la provincia de Chaco,Depósitos por tipo de titular,Saldos a fin de mes,M,En miles de ARS,ML,1999-12-31,2026-07-31,104617.0
335,Total de préstamos a la provincia de Chaco,Préstamos por tipo de titular,Saldos a fin de mes,M,En miles de ARS,ML,1999-12-31,2026-07-31,29383.0
336,Total de depósitos de la provincia de Chaco,Depósitos por tipo de titular,Saldos a fin de mes,M,En miles de ARS,ML,1999-12-31,2026-07-31,202131.0
337,Utilización de fondos unificados de la provincia de Chubut,Depósitos por tipo de titular,Saldos a fin de mes,M,En miles de ARS,ML,1999-12-31,2026-07-31,137294.0
338,Total de préstamos a la provincia de Chubut,Préstamos por tipo de titular,Saldos a fin de mes,M,En miles de ARS,ML,1999-12-31,2026-07-31,84.0
339,Total de depósitos de la provincia de Chubut,Depósitos por tipo de titular,Saldos a fin de mes,M,En miles de ARS,ML,1999-12-31,2026-07-31,392869.0
340,Utilización de fondos unificados de la provincia de Entre Ríos,Depósitos por tipo de titular,Saldos a fin de mes,M,En miles de ARS,ML,1999-12-31,2026-07-31,197500.0
341,Total de préstamos a la provincia de Entre Ríos,Préstamos por tipo de titular,Saldos a fin de mes,M,En miles de ARS,ML,1999-12-31,2026-07-31,40850.0
342,Total de depósitos de la provincia de Entre Ríos,Depósitos por tipo de titular,Saldos a fin de mes,M,En miles de ARS,ML,1999-12-31,2026-07-31,501167.0
343,Utilización de fondos unificados de la provincia de Formosa,Depósitos por tipo de titular,Saldos a fin de mes,M,En miles de ARS,ML,1999-12-31,2026-07-31,0.0
344,Total de préstamos a la provincia de Formosa,Préstamos por tipo de titular,Saldos a fin de mes,M,En miles de ARS,ML,1999-12-31,2026-07-31,10.0
345,Total de depósitos de la provincia de Formosa,Depósitos por tipo de titular,Saldos a fin de mes,M,En miles de ARS,ML,1999-12-31,2026-07-31,180029.0
346,Utilización de fondos unificados de la provincia de Jujuy,Depósitos por tipo de titular,Saldos a fin de mes,M,En miles de ARS,ML,1999-12-31,2026-07-31,58449.0
347,Total de préstamos a la provincia de Jujuy,Préstamos por tipo de titular,Saldos a fin de mes,M,En miles de ARS,ML,1999-12-31,2026-07-31,31.0
348,Total de depósitos de la provincia de Jujuy,Depósitos por tipo de titular,Saldos a fin de mes,M,En miles de ARS,ML,1999-12-31,2026-07-31,193315.0
349,Utilización de fondos unificados de la provincia de La Pampa,Depósitos por tipo de titular,Saldos a fin de mes,M,En miles de ARS,ML,1999-12-31,2026-07-31,0.0
350,Total de préstamos a la provincia de La Pampa,Préstamos por tipo de titular,Saldos a fin de mes,M,En miles de ARS,ML,1999-12-31,2026-07-31,2.0
351,Total de depósitos de la provincia de La Pampa,Depósitos por tipo de titular,Saldos a fin de mes,M,En miles de ARS,ML,1999-12-31,2026-07-31,215529.0
352,Utilización de fondos unificados de la provincia de La Rioja,Depósitos por tipo de titular,Saldos a fin de mes,M,En miles de ARS,ML,1999-12-31,2026-07-31,0.0
353,Total de préstamos a la provincia de La Rioja,Préstamos por tipo de titular,Saldos a fin de mes,M,En miles de ARS,ML,1999-12-31,2026-07-31,21.0
354,Total de depósitos de la provincia de La Rioja,Depósitos por tipo de titular,Saldos a fin de mes,M,En miles de ARS,ML,1999-12-31,2026-07-31,140666.0
355,Utilización de fondos unificados de la provincia de Mendoza,Depósitos por tipo de titular,Saldos a fin de mes,M,En miles de ARS,ML,1999-12-31,2026-07-31,215349.0
356,Total de préstamos a la provincia de Mendoza,Préstamos por tipo de titular,Saldos a fin de mes,M,En miles de ARS,ML,1999-12-31,2026-07-31,111557.0
357,Total de depósitos de la provincia de Mendoza,Depósitos por tipo de titular,Saldos a fin de mes,M,En miles de ARS,ML,1999-12-31,2026-07-31,285500.0
358,Utilización de fondos unificados de la provincia de Misiones,Depósitos por tipo de titular,Saldos a fin de mes,M,En miles de ARS,ML,1999-12-31,2026-07-31,116552.0
359,Total de préstamos a la provincia de Misiones,Préstamos por tipo de titular,Saldos a fin de mes,M,En miles de ARS,ML,1999-12-31,2026-07-31,34993.0
360,Total de depósitos de la provincia de Misiones,Depósitos por tipo de titular,Saldos a fin de mes,M,En miles de ARS,ML,1999-12-31,2026-07-31,207556.0
361,Utilización de fondos unificados de la provincia de Neuquén,Depósitos por tipo de titular,Saldos a fin de mes,M,En miles de ARS,ML,1999-12-31,2026-07-31,180000.0
362,Total de préstamos a la provincia de Neuquén,Préstamos por tipo de titular,Saldos a fin de mes,M,En miles de ARS,ML,1999-12-31,2026-07-31,2578.0
363,Total de depósitos de la provincia de Neuquén,Depósitos por tipo de titular,Saldos a fin de mes,M,En miles de ARS,ML,1999-12-31,2026-07-31,587366.0
364,Utilización de fondos unificados de la provincia de Rio Negro,Depósitos por tipo de titular,Saldos a fin de mes,M,En miles de ARS,ML,1999-12-31,2026-07-31,309515.0
365,Total de préstamos a la provincia de Rio Negro,Préstamos por tipo de titular,Saldos a fin de mes,M,En miles de ARS,ML,1999-12-31,2026-07-31,25262.0
366,Total de depósitos de la provincia de Rio Negro,Depósitos por tipo de titular,Saldos a fin de mes,M,En miles de ARS,ML,1999-12-31,2026-07-31,332910.0
367,Utilización de fondos unificados de la provincia de Salta,Depósitos por tipo de titular,Saldos a fin de mes,M,En miles de ARS,ML,1999-12-31,2026-07-31,91384.0
368,Total de préstamos a la provincia de Salta,Préstamos por tipo de titular,Saldos a fin de mes,M,En miles de ARS,ML,1999-12-31,2026-07-31,90376.0
369,Total de depósitos de la provincia de Salta,Depósitos por tipo de titular,Saldos a fin de mes,M,En miles de ARS,ML,1999-12-31,2026-07-31,246567.0
370,Utilización de fondos unificados de la provincia de San Juan,Depósitos por tipo de titular,Saldos a fin de mes,M,En miles de ARS,ML,1999-12-31,2026-07-31,33132.0
371,Total de préstamos a la provincia de San Juan,Préstamos por tipo de titular,Saldos a fin de mes,M,En miles de ARS,ML,1999-12-31,2026-07-31,41.0
372,Total de depósitos de la provincia de San Juan,Depósitos por tipo de titular,Saldos a fin de mes,M,En miles de ARS,ML,1999-12-31,2026-07-31,384470.0
373,Utilización de fondos unificados de la provincia de San Luis,Depósitos por tipo de titular,Saldos a fin de mes,M,En miles de ARS,ML,1999-12-31,2026-07-31,1762430.0
374,Total de préstamos a la provincia de San Luis,Préstamos por tipo de titular,Saldos a fin de mes,M,En miles de ARS,ML,1999-12-31,2026-07-31,0.0
375,Total de depósitos de la provincia de San Luis,Depósitos por tipo de titular,Saldos a fin de mes,M,En miles de ARS,ML,1999-12-31,2026-07-31,2025249.0
376,Utilización de fondos unificados de la provincia de Santa Cruz,Depósitos por tipo de titular,Saldos a fin de mes,M,En miles de ARS,ML,1999-12-31,2026-07-31,92900.0
377,Total de préstamos a la provincia de Santa Cruz,Préstamos por tipo de titular,Saldos a fin de mes,M,En miles de ARS,ML,1999-12-31,2026-07-31,0.0
378,Total de depósitos de la provincia de Santa Cruz,Depósitos por tipo de titular,Saldos a fin de mes,M,En miles de ARS,ML,1999-12-31,2026-07-31,284897.0
379,Utilización de fondos unificados de la provincia de Santa Fe,Depósitos por tipo de titular,Saldos a fin de mes,M,En miles de ARS,ML,1999-12-31,2026-07-31,1548090.0
380,Total de préstamos a la provincia de Santa Fe,Préstamos por tipo de titular,Saldos a fin de mes,M,En miles de ARS,ML,1999-12-31,2026-07-31,6760.0
381,Total de depósitos de la provincia de Santa Fe,Depósitos por tipo de titular,Saldos a fin de mes,M,En miles de ARS,ML,1999-12-31,2026-07-31,2319666.0
382,Utilización de fondos unificados de la provincia de Santiago del Estero,Préstamos por tipo de titular,Saldos a fin de mes,M,En miles de ARS,ML,1999-12-31,2026-07-31,0.0
383,Total de préstamos a la provincia de Santiago del Estero,Préstamos por tipo de titular,Saldos a fin de mes,M,En miles de ARS,ML,1999-12-31,2026-07-31,0.0
384,Total de depósitos de la provincia de Santiago del Estero,Depósitos por tipo de titular,Saldos a fin de mes,M,En miles de ARS,ML,1999-12-31,2026-07-31,600129.0
385,Utilización de fondos unificados de la provincia de Tierra del Fuego,Préstamos por tipo de titular,Saldos a fin de mes,M,En miles de ARS,ML,1999-12-31,2026-07-31,80750.0
386,Total de préstamos a la provincia de Tierra del Fuego,Préstamos por tipo de titular,Saldos a fin de mes,M,En miles de ARS,ML,1999-12-31,2026-07-31,0.0
387,Total de depósitos de la provincia de Tierra del Fuego,Depósitos por tipo de titular,Saldos a fin de mes,M,En miles de ARS,ML,1999-12-31,2026-07-31,110525.0
388,Utilización de fondos unificados de la provincia de Tucumán,Préstamos por tipo de titular,Saldos a fin de mes,M,En miles de ARS,ML,1999-12-31,2026-07-31,280050.0
389,Total de préstamos a la provincia de Tucumán,Préstamos por tipo de titular,Saldos a fin de mes,M,En miles de ARS,ML,1999-12-31,2026-07-31,135203.0
390,Total de depósitos de la provincia de Tucumán,Depósitos por tipo de titular,Saldos a fin de mes,M,En miles de ARS,ML,1999-12-31,2026-07-31,511791.0
391,Depósitos en cuentas corrientes de la Ciudad Autónoma de Buenos Aires,Depósitos por tipo de titular,Saldos a fin de mes,M,En miles de ARS,ML,1999-12-31,2026-07-31,482667.0
392,Depósitos en caja de ahorros de la Ciudad Autónoma de Buenos Aires,Depósitos por tipo de titular,Saldos a fin de mes,M,En miles de ARS,ML,1999-12-31,2026-07-31,2672.0
393,Depósitos a plazo fijo de la Ciudad Autónoma de Buenos Aires,Depósitos por tipo de titular,Saldos a fin de mes,M,En miles de ARS,ML,1999-12-31,2026-07-31,328802.0
394,Depósitos en cuentas corrientes de la provincia de Buenos Aires,Depósitos por tipo de titular,Saldos a fin de mes,M,En miles de ARS,ML,1999-12-31,2026-07-31,2437528.0
395,Depósitos en caja de ahorros de la provincia de Buenos Aires,Depósitos por tipo de titular,Saldos a fin de mes,M,En miles de ARS,ML,1999-12-31,2026-07-31,10.0
396,Depósitos a plazo fijo de la provincia de Buenos Aires,Depósitos por tipo de titular,Saldos a fin de mes,M,En miles de ARS,ML,1999-12-31,2026-07-31,576543.0
397,Depósitos en cuentas corrientes de la provincia de Catamarca,Depósitos por tipo de titular,Saldos a fin de mes,M,En miles de ARS,ML,1999-12-31,2026-07-31,114087.0
398,Depósitos en caja de ahorros de la provincia de Catamarca,Depósitos por tipo de titular,Saldos a fin de mes,M,En miles de ARS,ML,1999-12-31,2026-07-31,1138.0
399,Depósitos a plazo fijo de la provincia de Catamarca,Depósitos por tipo de titular,Saldos a fin de mes,M,En miles de ARS,ML,1999-12-31,2026-07-31,120797.0
400,Depósitos en cuentas corrientes de la provincia de Córdoba,Depósitos por tipo de titular,Saldos a fin de mes,M,En miles de ARS,ML,1999-12-31,2026-07-31,1804747.0
401,Depósitos en caja de ahorros de la provincia de Córdoba,Depósitos por tipo de titular,Saldos a fin de mes,M,En miles de ARS,ML,1999-12-31,2026-07-31,11.0
402,Depósitos a plazo fijo de la provincia de Córdoba,Depósitos por tipo de titular,Saldos a fin de mes,M,En miles de ARS,ML,1999-12-31,2026-07-31,1261168.0
403,Depósitos en cuentas corrientes de la provincia de Corrientes,Depósitos por tipo de titular,Saldos a fin de mes,M,En miles de ARS,ML,1999-12-31,2026-07-31,124767.0
404,Depósitos en caja de ahorros de la provincia de Corrientes,Depósitos por tipo de titular,Saldos a fin de mes,M,En miles de ARS,ML,1999-12-31,2026-07-31,496.0
405,Depósitos a plazo fijo de la provincia de Corrientes,Depósitos por tipo de titular,Saldos a fin de mes,M,En miles de ARS,ML,1999-12-31,2026-07-31,16189.0
406,Depósitos en cuentas corrientes de la provincia de Chaco,Depósitos por tipo de titular,Saldos a fin de mes,M,En miles de ARS,ML,1999-12-31,2026-07-31,122912.0
407,Depósitos en caja de ahorros de la provincia de Chaco,Depósitos por tipo de titular,Saldos a fin de mes,M,En miles de ARS,ML,1999-12-31,2026-07-31,2400.0
408,Depósitos a plazo fijo de la provincia de Chaco,Depósitos por tipo de titular,Saldos a fin de mes,M,En miles de ARS,ML,1999-12-31,2026-07-31,46092.0
409,Depósitos en cuentas corrientes de la provincia de Chubut,Depósitos por tipo de titular,Saldos a fin de mes,M,En miles de ARS,ML,1999-12-31,2026-07-31,140721.0
410,Depósitos en caja de ahorros de la provincia de Chubut,Depósitos por tipo de titular,Saldos a fin de mes,M,En miles de ARS,ML,1999-12-31,2026-07-31,1329.0
411,Depósitos a plazo fijo de la provincia de Chubut,Depósitos por tipo de titular,Saldos a fin de mes,M,En miles de ARS,ML,1999-12-31,2026-07-31,41197.0
412,Depósitos en cuentas corrientes de la provincia de Entre Ríos,Depósitos por tipo de titular,Saldos a fin de mes,M,En miles de ARS,ML,1999-12-31,2026-07-31,208511.0
413,Depósitos en caja de ahorros de la provincia de Entre Ríos,Depósitos por tipo de titular,Saldos a fin de mes,M,En miles de ARS,ML,1999-12-31,2026-07-31,3397.0
414,Depósitos a plazo fijo de la provincia de Entre Ríos,Depósitos por tipo de titular,Saldos a fin de mes,M,En miles de ARS,ML,1999-12-31,2026-07-31,12223.0
415,Depósitos en cuentas corrientes de la provincia de Formosa,Depósitos por tipo de titular,Saldos a fin de mes,M,En miles de ARS,ML,1999-12-31,2026-07-31,170051.0
416,Depósitos en caja de ahorros de la provincia de Formosa,Depósitos por tipo de titular,Saldos a fin de mes,M,En miles de ARS,ML,1999-12-31,2026-07-31,6.0
417,Depósitos a plazo fijo de la provincia de Formosa,Depósitos por tipo de titular,Saldos a fin de mes,M,En miles de ARS,ML,1999-12-31,2026-07-31,9966.0
418,Depósitos en cuentas corrientes de la provincia de Jujuy,Depósitos por tipo de titular,Saldos a fin de mes,M,En miles de ARS,ML,1999-12-31,2026-07-31,41888.0
419,Depósitos en caja de ahorros de la provincia de Jujuy,Depósitos por tipo de titular,Saldos a fin de mes,M,En miles de ARS,ML,1999-12-31,2026-07-31,87.0
420,Depósitos a plazo fijo de la provincia de Jujuy,Depósitos por tipo de titular,Saldos a fin de mes,M,En miles de ARS,ML,1999-12-31,2026-07-31,42219.0
421,Depósitos en cuentas corrientes de la provincia de La Pampa,Depósitos por tipo de titular,Saldos a fin de mes,M,En miles de ARS,ML,1999-12-31,2026-07-31,25833.0
422,Depósitos en caja de ahorros de la provincia de La Pampa,Depósitos por tipo de titular,Saldos a fin de mes,M,En miles de ARS,ML,1999-12-31,2026-07-31,1304.0
423,Depósitos a plazo fijo de la provincia de La Pampa,Depósitos por tipo de titular,Saldos a fin de mes,M,En miles de ARS,ML,1999-12-31,2026-07-31,99701.0
424,Depósitos en cuentas corrientes de la provincia de La Rioja,Depósitos por tipo de titular,Saldos a fin de mes,M,En miles de ARS,ML,1999-12-31,2026-07-31,138607.0
425,Depósitos en caja de ahorros de la provincia de La Rioja,Depósitos por tipo de titular,Saldos a fin de mes,M,En miles de ARS,ML,1999-12-31,2026-07-31,1617.0
426,Depósitos a plazo fijo de la provincia de La Rioja,Depósitos por tipo de titular,Saldos a fin de mes,M,En miles de ARS,ML,1999-12-31,2026-07-31,442.0
427,Depósitos en cuentas corrientes de la provincia de Mendoza,Depósitos por tipo de titular,Saldos a fin de mes,M,En miles de ARS,ML,1999-12-31,2026-07-31,230404.0
428,Depósitos en caja de ahorros de la provincia de Mendoza,Depósitos por tipo de titular,Saldos a fin de mes,M,En miles de ARS,ML,1999-12-31,2026-07-31,3933.0
429,Depósitos a plazo fijo de la provincia de Mendoza,Depósitos por tipo de titular,Saldos a fin de mes,M,En miles de ARS,ML,1999-12-31,2026-07-31,51163.0
430,Depósitos en cuentas corrientes de la provincia de Misiones,Depósitos por tipo de titular,Saldos a fin de mes,M,En miles de ARS,ML,1999-12-31,2026-07-31,144004.0
431,Depósitos en caja de ahorros de la provincia de Misiones,Depósitos por tipo de titular,Saldos a fin de mes,M,En miles de ARS,ML,1999-12-31,2026-07-31,549.0
432,Depósitos a plazo fijo de la provincia de Misiones,Depósitos por tipo de titular,Saldos a fin de mes,M,En miles de ARS,ML,1999-12-31,2026-07-31,41840.0
433,Depósitos en cuentas corrientes de la provincia de Neuquén,Depósitos por tipo de titular,Saldos a fin de mes,M,En miles de ARS,ML,1999-12-31,2026-07-31,405538.0
434,Depósitos en caja de ahorros de la provincia de Neuquén,Depósitos por tipo de titular,Saldos a fin de mes,M,En miles de ARS,ML,1999-12-31,2026-07-31,363.0
435,Depósitos a plazo fijo de la provincia de Neuquén,Depósitos por tipo de titular,Saldos a fin de mes,M,En miles de ARS,ML,1999-12-31,2026-07-31,175247.0
436,Depósitos en cuentas corrientes de la provincia de Rio Negro,Depósitos por tipo de titular,Saldos a fin de mes,M,En miles de ARS,ML,1999-12-31,2026-07-31,328389.0
437,Depósitos en caja de ahorros de la provincia de Rio Negro,Depósitos por tipo de titular,Saldos a fin de mes,M,En miles de ARS,ML,1999-12-31,2026-07-31,139.0
438,Depósitos a plazo fijo de la provincia de Rio Negro,Depósitos por tipo de titular,Saldos a fin de mes,M,En miles de ARS,ML,1999-12-31,2026-07-31,1614.0
439,Depósitos en cuentas corrientes de la provincia de Salta,Depósitos por tipo de titular,Saldos a fin de mes,M,En miles de ARS,ML,1999-12-31,2026-07-31,85869.0
440,Depósitos en caja de ahorros de la provincia de Salta,Depósitos por tipo de titular,Saldos a fin de mes,M,En miles de ARS,ML,1999-12-31,2026-07-31,3923.0
441,Depósitos a plazo fijo de la provincia de Salta,Depósitos por tipo de titular,Saldos a fin de mes,M,En miles de ARS,ML,1999-12-31,2026-07-31,106665.0
442,Depósitos en cuentas corrientes de la provincia de San Juan,Depósitos por tipo de titular,Saldos a fin de mes,M,En miles de ARS,ML,1999-12-31,2026-07-31,94982.0
443,Depósitos en caja de ahorros de la provincia de San Juan,Depósitos por tipo de titular,Saldos a fin de mes,M,En miles de ARS,ML,1999-12-31,2026-07-31,4045.0
444,Depósitos a plazo fijo de la provincia de San Juan,Depósitos por tipo de titular,Saldos a fin de mes,M,En miles de ARS,ML,1999-12-31,2026-07-31,36155.0
445,Depósitos en cuentas corrientes de la provincia de San Luis,Depósitos por tipo de titular,Saldos a fin de mes,M,En miles de ARS,ML,1999-12-31,2026-07-31,1766911.0
446,Depósitos en caja de ahorros de la provincia de San Luis,Depósitos por tipo de titular,Saldos a fin de mes,M,En miles de ARS,ML,1999-12-31,2026-07-31,0.0
447,Depósitos a plazo fijo de la provincia de San Luis,Depósitos por tipo de titular,Saldos a fin de mes,M,En miles de ARS,ML,1999-12-31,2026-07-31,74634.0
448,Depósitos en cuentas corrientes de la provincia de Santa Cruz,Depósitos por tipo de titular,Saldos a fin de mes,M,En miles de ARS,ML,1999-12-31,2026-07-31,95788.0
449,Depósitos en caja de ahorros de la provincia de Santa Cruz,Depósitos por tipo de titular,Saldos a fin de mes,M,En miles de ARS,ML,1999-12-31,2026-07-31,2142.0
450,Depósitos a plazo fijo de la provincia de Santa Cruz,Depósitos por tipo de titular,Saldos a fin de mes,M,En miles de ARS,ML,1999-12-31,2026-07-31,96571.0
451,Depósitos en cuentas corrientes de la provincia de Santa Fe,Depósitos por tipo de titular,Saldos a fin de mes,M,En miles de ARS,ML,1999-12-31,2026-07-31,1602483.0
452,Depósitos en caja de ahorros de la provincia de Santa Fe,Depósitos por tipo de titular,Saldos a fin de mes,M,En miles de ARS,ML,1999-12-31,2026-07-31,9557.0
453,Depósitos a plazo fijo de la provincia de Santa Fe,Depósitos por tipo de titular,Saldos a fin de mes,M,En miles de ARS,ML,1999-12-31,2026-07-31,32942.0
454,Depósitos en cuentas corrientes de la provincia de Santiago del Estero,Depósitos por tipo de titular,Saldos a fin de mes,M,En miles de ARS,ML,1999-12-31,2026-07-31,82406.0
455,Depósitos en caja de ahorros de la provincia de Santiago del Estero,Depósitos por tipo de titular,Saldos a fin de mes,M,En miles de ARS,ML,1999-12-31,2026-07-31,36972.0
456,Depósitos a plazo fijo de la provincia de Santiago del Estero,Depósitos por tipo de titular,Saldos a fin de mes,M,En miles de ARS,ML,1999-12-31,2026-07-31,463526.0
457,Depósitos en cuentas corrientes de la provincia de Tierra del Fuego,Depósitos por tipo de titular,Saldos a fin de mes,M,En miles de ARS,ML,1999-12-31,2026-07-31,109230.0
458,Depósitos en caja de ahorros de la provincia de Tierra del Fuego,Depósitos por tipo de titular,Saldos a fin de mes,M,En miles de ARS,ML,1999-12-31,2026-07-31,21.0
459,Depósitos a plazo fijo de la provincia de Tierra del Fuego,Depósitos por tipo de titular,Saldos a fin de mes,M,En miles de ARS,ML,1999-12-31,2026-07-31,67.0
460,Depósitos en cuentas corrientes de la provincia de Tucumán,Depósitos por tipo de titular,Saldos a fin de mes,M,En miles de ARS,ML,1999-12-31,2026-07-31,217198.0
461,Depósitos en caja de ahorros de la provincia de Tucumán,Depósitos por tipo de titular,Saldos a fin de mes,M,En miles de ARS,ML,1999-12-31,2026-07-31,220323.0
462,Depósitos a plazo fijo de la provincia de Tucumán,Depósitos por tipo de titular,Saldos a fin de mes,M,En miles de ARS,ML,1999-12-31,2026-07-31,35510.0
463,Total de préstamos a la Ciudad Autónoma de Buenos Aires,Préstamos por tipo de titular,Saldos a fin de mes,M,En miles de ARS,ME,1999-12-31,2026-07-31,0.0
464,Total de depósitos de la Ciudad Autónoma de Buenos Aires,Depósitos por tipo de titular,Saldos a fin de mes,M,En miles de ARS,ME,1999-12-31,2026-07-31,258391.0
465,Total de préstamos a la provincia de Buenos Aires,Préstamos por tipo de titular,Saldos a fin de mes,M,En miles de ARS,ME,1999-12-31,2026-07-31,7.0
466,Total de depósitos de la provincia de Buenos Aires,Depósitos por tipo de titular,Saldos a fin de mes,M,En miles de ARS,ME,1999-12-31,2026-07-31,398640.0
467,Total de préstamos a la provincia de Catamarca,Préstamos por tipo de titular,Saldos a fin de mes,M,En miles de ARS,ME,1999-12-31,2026-07-31,0.0
468,Total de depósitos de la provincia de Catamarca,Depósitos por tipo de titular,Saldos a fin de mes,M,En miles de ARS,ME,1999-12-31,2026-07-31,360.0
469,Total de préstamos a la provincia de Córdoba,Préstamos por tipo de titular,Saldos a fin de mes,M,En miles de ARS,ME,1999-12-31,2026-07-31,9.0
470,Total de depósitos de la provincia de Córdoba,Depósitos por tipo de titular,Saldos a fin de mes,M,En miles de ARS,ME,1999-12-31,2026-07-31,26907.0
471,Total de préstamos a la provincia de Corrientes,Préstamos por tipo de titular,Saldos a fin de mes,M,En miles de ARS,ME,1999-12-31,2026-07-31,0.0
472,Total de depósitos de la provincia de Corrientes,Depósitos por tipo de titular,Saldos a fin de mes,M,En miles de ARS,ME,1999-12-31,2026-07-31,7167.0
473,Total de préstamos a la provincia de Chaco,Préstamos por tipo de titular,Saldos a fin de mes,M,En miles de ARS,ME,1999-12-31,2026-07-31,15085.0
474,Total de depósitos de la provincia de Chaco,Depósitos por tipo de titular,Saldos a fin de mes,M,En miles de ARS,ME,1999-12-31,2026-07-31,39203.0
475,Total de préstamos a la provincia de Chubut,Préstamos por tipo de titular,Saldos a fin de mes,M,En miles de ARS,ME,1999-12-31,2026-07-31,3.0
476,Total de depósitos de la provincia de Chubut,Depósitos por tipo de titular,Saldos a fin de mes,M,En miles de ARS,ME,1999-12-31,2026-07-31,69045.0
477,Total de préstamos a la provincia de Entre Ríos,Préstamos por tipo de titular,Saldos a fin de mes,M,En miles de ARS,ME,1999-12-31,2026-07-31,0.0
478,Total de depósitos de la provincia de Entre Ríos,Depósitos por tipo de titular,Saldos a fin de mes,M,En miles de ARS,ME,1999-12-31,2026-07-31,8056.0
479,Total de préstamos a la provincia de Formosa,Préstamos por tipo de titular,Saldos a fin de mes,M,En miles de ARS,ME,1999-12-31,2026-07-31,0.0
480,Total de depósitos de la provincia de Formosa,Depósitos por tipo de titular,Saldos a fin de mes,M,En miles de ARS,ME,1999-12-31,2026-07-31,14124.0
481,Total de préstamos a la provincia de Jujuy,Préstamos por tipo de titular,Saldos a fin de mes,M,En miles de ARS,ME,1999-12-31,2026-07-31,0.0
482,Total de depósitos de la provincia de Jujuy,Depósitos por tipo de titular,Saldos a fin de mes,M,En miles de ARS,ME,1999-12-31,2026-07-31,42957.0
483,Total de préstamos a la provincia de La Pampa,Préstamos por tipo de titular,Saldos a fin de mes,M,En miles de ARS,ME,1999-12-31,2026-07-31,0.0
484,Total de depósitos de la provincia de La Pampa,Depósitos por tipo de titular,Saldos a fin de mes,M,En miles de ARS,ME,1999-12-31,2026-07-31,29302.0
485,Total de préstamos a la provincia de La Rioja,Préstamos por tipo de titular,Saldos a fin de mes,M,En miles de ARS,ME,1999-12-31,2026-07-31,0.0
486,Total de depósitos de la provincia de La Rioja,Depósitos por tipo de titular,Saldos a fin de mes,M,En miles de ARS,ME,1999-12-31,2026-07-31,196.0
487,Total de préstamos a la provincia de Mendoza,Préstamos por tipo de titular,Saldos a fin de mes,M,En miles de ARS,ME,1999-12-31,2026-07-31,6.0
488,Total de depósitos de la provincia de Mendoza,Depósitos por tipo de titular,Saldos a fin de mes,M,En miles de ARS,ME,1999-12-31,2026-07-31,86823.0
489,Total de préstamos a la provincia de Misiones,Préstamos por tipo de titular,Saldos a fin de mes,M,En miles de ARS,ME,1999-12-31,2026-07-31,0.0
490,Total de depósitos de la provincia de Misiones,Depósitos por tipo de titular,Saldos a fin de mes,M,En miles de ARS,ME,1999-12-31,2026-07-31,3568.0
491,Total de préstamos a la provincia de Neuquén,Préstamos por tipo de titular,Saldos a fin de mes,M,En miles de ARS,ME,1999-12-31,2026-07-31,16.0
492,Total de depósitos de la provincia de Neuquén,Depósitos por tipo de titular,Saldos a fin de mes,M,En miles de ARS,ME,1999-12-31,2026-07-31,25683.0
493,Total de préstamos a la provincia de Rio Negro,Préstamos por tipo de titular,Saldos a fin de mes,M,En miles de ARS,ME,1999-12-31,2026-07-31,0.0
494,Total de depósitos de la provincia de Rio Negro,Depósitos por tipo de titular,Saldos a fin de mes,M,En miles de ARS,ME,1999-12-31,2026-07-31,4788.0
495,Total de préstamos a la provincia de Salta,Préstamos por tipo de titular,Saldos a fin de mes,M,En miles de ARS,ME,1999-12-31,2026-07-31,0.0
496,Total de depósitos de la provincia de Salta,Depósitos por tipo de titular,Saldos a fin de mes,M,En miles de ARS,ME,1999-12-31,2026-07-31,42346.0
497,Total de préstamos a la provincia de San Juan,Préstamos por tipo de titular,Saldos a fin de mes,M,En miles de ARS,ME,1999-12-31,2026-07-31,3.0
498,Total de depósitos de la provincia de San Juan,Depósitos por tipo de titular,Saldos a fin de mes,M,En miles de ARS,ME,1999-12-31,2026-07-31,84083.0
499,Total de préstamos a la provincia de San Luis,Préstamos por tipo de titular,Saldos a fin de mes,M,En miles de ARS,ME,1999-12-31,2026-07-31,0.0
500,Total de depósitos de la provincia de San Luis,Depósitos por tipo de titular,Saldos a fin de mes,M,En miles de ARS,ME,1999-12-31,2026-07-31,62505.0
501,Total de préstamos a la provincia de Santa Cruz,Préstamos por tipo de titular,Saldos a fin de mes,M,En miles de ARS,ME,1999-12-31,2026-07-31,0.0
502,Total de depósitos de la provincia de Santa Cruz,Depósitos por tipo de titular,Saldos a fin de mes,M,En miles de ARS,ME,1999-12-31,2026-07-31,0.0
503,Total de préstamos a la provincia de Santa Fe,Préstamos por tipo de titular,Saldos a fin de mes,M,En miles de ARS,ME,1999-12-31,2026-07-31,15.0
504,Total de depósitos de la provincia de Santa Fe,Depósitos por tipo de titular,Saldos a fin de mes,M,En miles de ARS,ME,1999-12-31,2026-07-31,68708.0
505,Total de préstamos a la provincia de Santiago del Estero,Préstamos por tipo de titular,Saldos a fin de mes,M,En miles de ARS,ME,1999-12-31,2026-07-31,0.0
506,Total de depósitos de la provincia de Santiago del Estero,Depósitos por tipo de titular,Saldos a fin de mes,M,En miles de ARS,ME,1999-12-31,2026-07-31,43475.0
507,Total de préstamos a la provincia de Tierra del Fuego,Préstamos por tipo de titular,Saldos a fin de mes,M,En miles de ARS,ME,1999-12-31,2026-07-31,0.0
508,Total de depósitos de la provincia de Tierra del Fuego,Depósitos por tipo de titular,Saldos a fin de mes,M,En miles de ARS,ME,1999-12-31,2026-07-31,1685.0
509,Total de préstamos a la provincia de Tucumán,Préstamos por tipo de titular,Saldos a fin de mes,M,En miles de ARS,ME,1999-12-31,2026-07-31,0.0
510,Total de depósitos de la provincia de Tucumán,Depósitos por tipo de titular,Saldos a fin de mes,M,En miles de ARS,ME,1999-12-31,2026-07-31,10294.0
511,Total de préstamos a municipios de la PBA,Préstamos por tipo de titular,Saldos a fin de mes,M,En miles de ARS,ML,1999-12-31,2026-07-31,12847.0
512,Total de depósitos de municipios de la PBA,Depósitos por tipo de titular,Saldos a fin de mes,M,En miles de ARS,ML,1999-12-31,2026-07-31,1075346.0
513,Total de préstamos a municipios de GBA,Préstamos por tipo de titular,Saldos a fin de mes,M,En miles de ARS,ML,1999-12-31,2026-07-31,2917.0
514,Total de depósitos de municipios de GBA,Depósitos por tipo de titular,Saldos a fin de mes,M,En miles de ARS,ML,1999-12-31,2026-07-31,725142.0
515,Total de préstamos a municipios de la PBA no incluidos en el GBA,Préstamos por tipo de titular,Saldos a fin de mes,M,En miles de ARS,ML,1999-12-31,2026-07-31,9930.0
516,Total de depósitos municipios de la PBA no incluidos en GBA,Depósitos por tipo de titular,Saldos a fin de mes,M,En miles de ARS,ML,1999-12-31,2026-07-31,350205.0
517,Total de préstamos a municipios de la provincia de Catamarca,Préstamos por tipo de titular,Saldos a fin de mes,M,En miles de ARS,ML,1999-12-31,2026-07-31,8.0
518,Total de depósitos de municipios de la provincia de Catamarca,Depósitos por tipo de titular,Saldos a fin de mes,M,En miles de ARS,ML,1999-12-31,2026-07-31,41696.0
519,Total de préstamos a municipios de la provincia de Córdoba,Préstamos por tipo de titular,Saldos a fin de mes,M,En miles de ARS,ML,1999-12-31,2026-07-31,20389.0
520,Total de depósitos de municipios de la provincia de Córdoba,Depósitos por tipo de titular,Saldos a fin de mes,M,En miles de ARS,ML,1999-12-31,2026-07-31,134630.0
521,Total de préstamos a municipios de la provincia de Corrientes,Préstamos por tipo de titular,Saldos a fin de mes,M,En miles de ARS,ML,1999-12-31,2026-07-31,2031.0
522,Total de depósitos de municipios de la provincia de Corrientes,Depósitos por tipo de titular,Saldos a fin de mes,M,En miles de ARS,ML,1999-12-31,2026-07-31,36755.0
523,Total de préstamos a municipios de la provincia de Chaco,Préstamos por tipo de titular,Saldos a fin de mes,M,En miles de ARS,ML,1999-12-31,2026-07-31,363.0
524,Total de depósitos de municipios de la provincia de Chaco,Depósitos por tipo de titular,Saldos a fin de mes,M,En miles de ARS,ML,1999-12-31,2026-07-31,29336.0
525,Total de préstamos a municipios de la provincia de Chubut,Préstamos por tipo de titular,Saldos a fin de mes,M,En miles de ARS,ML,1999-12-31,2026-07-31,678.0
526,Total de depósitos de municipios de la provincia de Chubut,Depósitos por tipo de titular,Saldos a fin de mes,M,En miles de ARS,ML,1999-12-31,2026-07-31,62587.0
527,Total de préstamos a municipios de la provincia de Entre Ríos,Préstamos por tipo de titular,Saldos a fin de mes,M,En miles de ARS,ML,1999-12-31,2026-07-31,21.0
528,Total de depósitos de municipios de la provincia de Entre Ríos,Depósitos por tipo de titular,Saldos a fin de mes,M,En miles de ARS,ML,1999-12-31,2026-07-31,166026.0
529,Total de préstamos a municipios de la provincia de Formosa,Préstamos por tipo de titular,Saldos a fin de mes,M,En miles de ARS,ML,1999-12-31,2026-07-31,0.0
530,Total de depósitos de municipios de la provincia de Formosa,Depósitos por tipo de titular,Saldos a fin de mes,M,En miles de ARS,ML,1999-12-31,2026-07-31,2247.0
531,Total de préstamos a municipios de la provincia de Jujuy,Préstamos por tipo de titular,Saldos a fin de mes,M,En miles de ARS,ML,1999-12-31,2026-07-31,8.0
532,Total de depósitos de municipios de la provincia de Jujuy,Depósitos por tipo de titular,Saldos a fin de mes,M,En miles de ARS,ML,1999-12-31,2026-07-31,28995.0
533,Total de préstamos a municipios de la provincia de La Pampa,Préstamos por tipo de titular,Saldos a fin de mes,M,En miles de ARS,ML,1999-12-31,2026-07-31,16.0
534,Total de depósitos de municipios de la provincia de La Pampa,Depósitos por tipo de titular,Saldos a fin de mes,M,En miles de ARS,ML,1999-12-31,2026-07-31,24656.0
535,Total de préstamos a municipios de la provincia de La Rioja,Préstamos por tipo de titular,Saldos a fin de mes,M,En miles de ARS,ML,1999-12-31,2026-07-31,0.0
536,Total de depósitos de municipios de la provincia de La Rioja,Depósitos por tipo de titular,Saldos a fin de mes,M,En miles de ARS,ML,1999-12-31,2026-07-31,708.0
537,Total de préstamos a municipios de la provincia de Mendoza,Préstamos por tipo de titular,Saldos a fin de mes,M,En miles de ARS,ML,1999-12-31,2026-07-31,19142.0
538,Total de depósitos de municipios de la provincia de Mendoza,Depósitos por tipo de titular,Saldos a fin de mes,M,En miles de ARS,ML,1999-12-31,2026-07-31,51502.0
539,Total de préstamos a municipios de la provincia de Misiones,Préstamos por tipo de titular,Saldos a fin de mes,M,En miles de ARS,ML,1999-12-31,2026-07-31,1354.0
540,Total de depósitos de municipios de la provincia de Misiones,Depósitos por tipo de titular,Saldos a fin de mes,M,En miles de ARS,ML,1999-12-31,2026-07-31,28602.0
541,Total de préstamos a municipios de la provincia de Neuquén,Préstamos por tipo de titular,Saldos a fin de mes,M,En miles de ARS,ML,1999-12-31,2026-07-31,543.0
542,Total de depósitos de municipios de la provincia de Neuquén,Depósitos por tipo de titular,Saldos a fin de mes,M,En miles de ARS,ML,1999-12-31,2026-07-31,176608.0
543,Total de préstamos a municipios de la provincia de Rio Negro,Préstamos por tipo de titular,Saldos a fin de mes,M,En miles de ARS,ML,1999-12-31,2026-07-31,1840.0
544,Total de depósitos de municipios de la provincia de Rio Negro,Depósitos por tipo de titular,Saldos a fin de mes,M,En miles de ARS,ML,1999-12-31,2026-07-31,84405.0
545,Total de préstamos a municipios de la provincia de Salta,Préstamos por tipo de titular,Saldos a fin de mes,M,En miles de ARS,ML,1999-12-31,2026-07-31,38.0
546,Total de depósitos de municipios de la provincia de Salta,Depósitos por tipo de titular,Saldos a fin de mes,M,En miles de ARS,ML,1999-12-31,2026-07-31,13721.0
547,Total de préstamos a municipios de la provincia de San Juan,Préstamos por tipo de titular,Saldos a fin de mes,M,En miles de ARS,ML,1999-12-31,2026-07-31,0.0
548,Total de depósitos de municipios de la provincia de San Juan,Depósitos por tipo de titular,Saldos a fin de mes,M,En miles de ARS,ML,1999-12-31,2026-07-31,65152.0
549,Total de préstamos a municipios de la provincia de San Luis,Préstamos por tipo de titular,Saldos a fin de mes,M,En miles de ARS,ML,1999-12-31,2026-07-31,525.0
550,Total de depósitos de municipios de la provincia de San Luis,Depósitos por tipo de titular,Saldos a fin de mes,M,En miles de ARS,ML,1999-12-31,2026-07-31,12698.0
551,Total de préstamos a municipios de la provincia de Santa Cruz,Préstamos por tipo de titular,Saldos a fin de mes,M,En miles de ARS,ML,1999-12-31,2026-07-31,1301.0
552,Total de depósitos de municipios de la provincia de Santa Cruz,Depósitos por tipo de titular,Saldos a fin de mes,M,En miles de ARS,ML,1999-12-31,2026-07-31,63631.0
553,Total de préstamos a municipios de la provincia de Santa Fe,Préstamos por tipo de titular,Saldos a fin de mes,M,En miles de ARS,ML,1999-12-31,2026-07-31,2974.0
554,Total de depósitos de municipios de la provincia de Santa Fe,Depósitos por tipo de titular,Saldos a fin de mes,M,En miles de ARS,ML,1999-12-31,2026-07-31,269117.0
555,Total de préstamos a municipios de la provincia de Santiago del Estero,Préstamos por tipo de titular,Saldos a fin de mes,M,En miles de ARS,ML,1999-12-31,2026-07-31,0.0
556,Total de depósitos de municipios de la provincia de Santiago del Estero,Depósitos por tipo de titular,Saldos a fin de mes,M,En miles de ARS,ML,1999-12-31,2026-07-31,26591.0
557,Total de préstamos a municipios de la provincia de Tierra del Fuego,Préstamos por tipo de titular,Saldos a fin de mes,M,En miles de ARS,ML,1999-12-31,2026-07-31,7.0
558,Total de depósitos de municipios de la provincia de Tierra del Fuego,Depósitos por tipo de titular,Saldos a fin de mes,M,En miles de ARS,ML,1999-12-31,2026-07-31,19472.0
559,Total de préstamos a municipios de la provincia de Tucumán,Préstamos por tipo de titular,Saldos a fin de mes,M,En miles de ARS,ML,1999-12-31,2026-07-31,204.0
560,Total de depósitos de municipios de la provincia de Tucumán,Depósitos por tipo de titular,Saldos a fin de mes,M,En miles de ARS,ML,1999-12-31,2026-07-31,53241.0
561,Depósitos en cuentas corrientes de municipios de la PBA,Depósitos por tipo de titular,Saldos a fin de mes,M,En miles de ARS,ML,1999-12-31,2026-07-31,421615.0
562,Depósitos en caja de ahorros de municipios de la PBA,Depósitos por tipo de titular,Saldos a fin de mes,M,En miles de ARS,ML,1999-12-31,2026-07-31,484.0
563,Depósitos en plazo fijo de municipios de la PBA,Depósitos por tipo de titular,Saldos a fin de mes,M,En miles de ARS,ML,1999-12-31,2026-07-31,636866.0
564,Depósitos en cuentas corrientes de municipios del GBA,Depósitos por tipo de titular,Saldos a fin de mes,M,En miles de ARS,ML,1999-12-31,2026-07-31,203700.0
565,Depósitos en caja de ahorros de municipios del GBA,Depósitos por tipo de titular,Saldos a fin de mes,M,En miles de ARS,ML,1999-12-31,2026-07-31,65.0
566,Depósitos en plazo fijo de municipios del GBA,Depósitos por tipo de titular,Saldos a fin de mes,M,En miles de ARS,ML,1999-12-31,2026-07-31,509731.0
567,Depósitos en cuentas corrientes de municipios de la PBA no incluidos en GBA,Depósitos por tipo de titular,Saldos a fin de mes,M,En miles de ARS,ML,1999-12-31,2026-07-31,217915.0
568,Depósitos en caja de ahorros de municipios no incluidos en GBA,Depósitos por tipo de titular,Saldos a fin de mes,M,En miles de ARS,ML,1999-12-31,2026-07-31,418.0
569,Depósitos a plazo fijo de municipios no incluidos en el GBA,Depósitos por tipo de titular,Saldos a fin de mes,M,En miles de ARS,ML,1999-12-31,2026-07-31,127134.0
570,Depósitos en cuentas corrientes de municipios de la provincia de Catamarca,Depósitos por tipo de titular,Saldos a fin de mes,M,En miles de ARS,ML,1999-12-31,2026-07-31,10325.0
571,Depósitos en caja de ahorros de municipios de la provincia de Catamarca,Depósitos por tipo de titular,Saldos a fin de mes,M,En miles de ARS,ML,1999-12-31,2026-07-31,28.0
572,Depósitos a plazo fijo de municipios de la provincia de Catamarca,Depósitos por tipo de titular,Saldos a fin de mes,M,En miles de ARS,ML,1999-12-31,2026-07-31,31326.0
573,Depósitos en cuentas corrientes de municipios de la provincia de Córdoba,Depósitos por tipo de titular,Saldos a fin de mes,M,En miles de ARS,ML,1999-12-31,2026-07-31,47716.0
574,Depósitos en caja de ahorros de municipios de la provincia de Córdoba,Depósitos por tipo de titular,Saldos a fin de mes,M,En miles de ARS,ML,1999-12-31,2026-07-31,4356.0
575,Depósitos a plazo fijo de municipios de la provincia de Córdoba,Depósitos por tipo de titular,Saldos a fin de mes,M,En miles de ARS,ML,1999-12-31,2026-07-31,76067.0
576,Depósitos en cuentas corrientes de municipios de la provincia de Corrientes,Depósitos por tipo de titular,Saldos a fin de mes,M,En miles de ARS,ML,1999-12-31,2026-07-31,22728.0
577,Depósitos en caja de ahorros de municipios de la provincia de Corrientes,Depósitos por tipo de titular,Saldos a fin de mes,M,En miles de ARS,ML,1999-12-31,2026-07-31,245.0
578,Depósitos a plazo fijo de municipios de la provincia de Corrientes,Depósitos por tipo de titular,Saldos a fin de mes,M,En miles de ARS,ML,1999-12-31,2026-07-31,13762.0
579,Depósitos en cuentas corrientes de municipios de la provincia de Chaco,Depósitos por tipo de titular,Saldos a fin de mes,M,En miles de ARS,ML,1999-12-31,2026-07-31,14782.0
580,Depósitos en caja de ahorros de municipios de la provincia de Chaco,Depósitos por tipo de titular,Saldos a fin de mes,M,En miles de ARS,ML,1999-12-31,2026-07-31,4.0
581,Depósitos a plazo fijo de municipios de la provincia de Chaco,Depósitos por tipo de titular,Saldos a fin de mes,M,En miles de ARS,ML,1999-12-31,2026-07-31,5622.0
582,Depósitos en cuentas corrientes de municipios de la provincia de Chubut,Depósitos por tipo de titular,Saldos a fin de mes,M,En miles de ARS,ML,1999-12-31,2026-07-31,29850.0
583,Depósitos en caja de ahorros de municipios de la provincia de Chubut,Depósitos por tipo de titular,Saldos a fin de mes,M,En miles de ARS,ML,1999-12-31,2026-07-31,1478.0
584,Depósitos a plazo fijo de municipios de la provincia de Chubut,Depósitos por tipo de titular,Saldos a fin de mes,M,En miles de ARS,ML,1999-12-31,2026-07-31,23359.0
585,Depósitos en cuentas corrientes de municipios de la provincia de Entre Ríos,Depósitos por tipo de titular,Saldos a fin de mes,M,En miles de ARS,ML,1999-12-31,2026-07-31,41036.0
586,Depósitos en caja de ahorros de municipios de la provincia de Entre Ríos,Depósitos por tipo de titular,Saldos a fin de mes,M,En miles de ARS,ML,1999-12-31,2026-07-31,10781.0
587,Depósitos a plazo fijo de municipios de la provincia de Entre Ríos,Depósitos por tipo de titular,Saldos a fin de mes,M,En miles de ARS,ML,1999-12-31,2026-07-31,102080.0
588,Depósitos en cuentas corrientes de municipios de la provincia de Formosa,Depósitos por tipo de titular,Saldos a fin de mes,M,En miles de ARS,ML,1999-12-31,2026-07-31,1953.0
589,Depósitos en caja de ahorros de municipios de la provincia de Formosa,Depósitos por tipo de titular,Saldos a fin de mes,M,En miles de ARS,ML,1999-12-31,2026-07-31,121.0
590,Depósitos a plazo fijo de municipios de la provincia de Formosa,Depósitos por tipo de titular,Saldos a fin de mes,M,En miles de ARS,ML,1999-12-31,2026-07-31,174.0
591,Depósitos en cuentas corrientes de municipios de la provincia de Jujuy,Depósitos por tipo de titular,Saldos a fin de mes,M,En miles de ARS,ML,1999-12-31,2026-07-31,10949.0
592,Depósitos en caja de ahorros de municipios de la provincia de Jujuy,Depósitos por tipo de titular,Saldos a fin de mes,M,En miles de ARS,ML,1999-12-31,2026-07-31,575.0
593,Depósitos a plazo fijo de municipios de la provincia de Jujuy,Depósitos por tipo de titular,Saldos a fin de mes,M,En miles de ARS,ML,1999-12-31,2026-07-31,17471.0
594,Depósitos en cuentas corrientes de municipios de la provincia de la Pampa,Depósitos por tipo de titular,Saldos a fin de mes,M,En miles de ARS,ML,1999-12-31,2026-07-31,13806.0
595,Depósitos en caja de ahorros de municipios de la provincia de la Pampa,Depósitos por tipo de titular,Saldos a fin de mes,M,En miles de ARS,ML,1999-12-31,2026-07-31,277.0
596,Depósitos a plazo fijo de municipios de la provincia de la Pampa,Depósitos por tipo de titular,Saldos a fin de mes,M,En miles de ARS,ML,1999-12-31,2026-07-31,9893.0
597,Depósitos en cuentas corrientes de municipios de la provincia de la Rioja,Depósitos por tipo de titular,Saldos a fin de mes,M,En miles de ARS,ML,1999-12-31,2026-07-31,708.0
598,Depósitos en caja de ahorros de municipios de la provincia de la Rioja,Depósitos por tipo de titular,Saldos a fin de mes,M,En miles de ARS,ML,1999-12-31,2026-07-31,0.0
599,Depósitos a plazo fijo de municipios de la provincia de la Rioja,Depósitos por tipo de titular,Saldos a fin de mes,M,En miles de ARS,ML,1999-12-31,2026-07-31,0.0
600,Depósitos en cuentas corrientes de municipios de la provincia de Mendoza,Depósitos por tipo de titular,Saldos a fin de mes,M,En miles de ARS,ML,1999-12-31,2026-07-31,11645.0
601,Depósitos en caja de ahorros de municipios de la provincia de Mendoza,Depósitos por tipo de titular,Saldos a fin de mes,M,En miles de ARS,ML,1999-12-31,2026-07-31,178.0
602,Depósitos a plazo fijo de municipios de la provincia de Mendoza,Depósitos por tipo de titular,Saldos a fin de mes,M,En miles de ARS,ML,1999-12-31,2026-07-31,35300.0
603,Depósitos en cuentas corrientes de municipios de la provincia de Misiones,Depósitos por tipo de titular,Saldos a fin de mes,M,En miles de ARS,ML,1999-12-31,2026-07-31,15329.0
604,Depósitos en caja de ahorros de municipios de la provincia de Misiones,Depósitos por tipo de titular,Saldos a fin de mes,M,En miles de ARS,ML,1999-12-31,2026-07-31,9.0
605,Depósitos a plazo fijo de municipios de la provincia de Misiones,Depósitos por tipo de titular,Saldos a fin de mes,M,En miles de ARS,ML,1999-12-31,2026-07-31,12249.0
606,Depósitos en cuentas corrientes de municipios de la provincia de Neuquén,Depósitos por tipo de titular,Saldos a fin de mes,M,En miles de ARS,ML,1999-12-31,2026-07-31,40673.0
607,Depósitos en caja de ahorros de municipios de la provincia de Neuquén,Depósitos por tipo de titular,Saldos a fin de mes,M,En miles de ARS,ML,1999-12-31,2026-07-31,1055.0
608,Depósitos a plazo fijo de municipios de la provincia de Neuquén,Depósitos por tipo de titular,Saldos a fin de mes,M,En miles de ARS,ML,1999-12-31,2026-07-31,133334.0
609,Depósitos en cuentas corrientes de municipios de la provincia de Rio Negro,Depósitos por tipo de titular,Saldos a fin de mes,M,En miles de ARS,ML,1999-12-31,2026-07-31,27883.0
610,Depósitos en caja de ahorros de municipios de la provincia de Rio Negro,Depósitos por tipo de titular,Saldos a fin de mes,M,En miles de ARS,ML,1999-12-31,2026-07-31,1226.0
611,Depósitos a plazo fijo de municipios de la provincia de Rio Negro,Depósitos por tipo de titular,Saldos a fin de mes,M,En miles de ARS,ML,1999-12-31,2026-07-31,44058.0
612,Depósitos en cuentas corrientes de municipios de la provincia de Salta,Depósitos por tipo de titular,Saldos a fin de mes,M,En miles de ARS,ML,1999-12-31,2026-07-31,9654.0
613,Depósitos en caja de ahorros de municipios de la provincia de Salta,Depósitos por tipo de titular,Saldos a fin de mes,M,En miles de ARS,ML,1999-12-31,2026-07-31,17.0
614,Depósitos a plazo fijo de municipios de la provincia de Salta,Depósitos por tipo de titular,Saldos a fin de mes,M,En miles de ARS,ML,1999-12-31,2026-07-31,4050.0
615,Depósitos en cuentas corrientes de municipios de la provincia de San Juan,Depósitos por tipo de titular,Saldos a fin de mes,M,En miles de ARS,ML,1999-12-31,2026-07-31,16580.0
616,Depósitos en caja de ahorros de municipios de la provincia de San Juan,Depósitos por tipo de titular,Saldos a fin de mes,M,En miles de ARS,ML,1999-12-31,2026-07-31,51.0
617,Depósitos a plazo fijo de municipios de la provincia de San Juan,Depósitos por tipo de titular,Saldos a fin de mes,M,En miles de ARS,ML,1999-12-31,2026-07-31,48521.0
618,Depósitos en cuentas corrientes de municipios de la provincia de San Luis,Depósitos por tipo de titular,Saldos a fin de mes,M,En miles de ARS,ML,1999-12-31,2026-07-31,6896.0
619,Depósitos en caja de ahorros de municipios de la provincia de San Luis,Depósitos por tipo de titular,Saldos a fin de mes,M,En miles de ARS,ML,1999-12-31,2026-07-31,73.0
620,Depósitos a plazo fijo de municipios de la provincia de San Luis,Depósitos por tipo de titular,Saldos a fin de mes,M,En miles de ARS,ML,1999-12-31,2026-07-31,3877.0
621,Depósitos en cuentas corrientes de municipios de la provincia de Santa Cruz,Depósitos por tipo de titular,Saldos a fin de mes,M,En miles de ARS,ML,1999-12-31,2026-07-31,20812.0
622,Depósitos en caja de ahorros de municipios de la provincia de Santa Cruz,Depósitos por tipo de titular,Saldos a fin de mes,M,En miles de ARS,ML,1999-12-31,2026-07-31,104.0
623,Depósitos a plazo fijo de municipios de la provincia de Santa Cruz,Depósitos por tipo de titular,Saldos a fin de mes,M,En miles de ARS,ML,1999-12-31,2026-07-31,42714.0
624,Depósitos en cuentas corrientes de municipios de la provincia de Santa Fe,Depósitos por tipo de titular,Saldos a fin de mes,M,En miles de ARS,ML,1999-12-31,2026-07-31,101348.0
625,Depósitos en caja de ahorros de municipios de la provincia de Santa Fe,Depósitos por tipo de titular,Saldos a fin de mes,M,En miles de ARS,ML,1999-12-31,2026-07-31,1420.0
626,Depósitos a plazo fijo de municipios de la provincia de Santa Fe,Depósitos por tipo de titular,Saldos a fin de mes,M,En miles de ARS,ML,1999-12-31,2026-07-31,149202.0
627,Depósitos en cuentas corrientes de municipios de la provincia de Santiago del Estero,Depósitos por tipo de titular,Saldos a fin de mes,M,En miles de ARS,ML,1999-12-31,2026-07-31,18021.0
628,Depósitos en caja de ahorros de municipios de la provincia de Santiago del Estero,Depósitos por tipo de titular,Saldos a fin de mes,M,En miles de ARS,ML,1999-12-31,2026-07-31,633.0
629,Depósitos a plazo fijo de municipios de la provincia de Santiago del Estero,Depósitos por tipo de titular,Saldos a fin de mes,M,En miles de ARS,ML,1999-12-31,2026-07-31,7938.0
630,Depósitos en cuentas corrientes de municipios de la provincia de Tierra del Fuego,Depósitos por tipo de titular,Saldos a fin de mes,M,En miles de ARS,ML,1999-12-31,2026-07-31,8254.0
631,Depósitos en caja de ahorros de municipios de la provincia de Tierra del Fuego,Depósitos por tipo de titular,Saldos a fin de mes,M,En miles de ARS,ML,1999-12-31,2026-07-31,6.0
632,Depósitos a plazo fijo de municipios de la provincia de Tierra del Fuego,Depósitos por tipo de titular,Saldos a fin de mes,M,En miles de ARS,ML,1999-12-31,2026-07-31,2646.0
633,Depósitos en cuentas corrientes de municipios de la provincia de Tucumán,Depósitos por tipo de titular,Saldos a fin de mes,M,En miles de ARS,ML,1999-12-31,2026-07-31,20470.0
634,Depósitos en caja de ahorros de municipios de la provincia de Tucumán,Depósitos por tipo de titular,Saldos a fin de mes,M,En miles de ARS,ML,1999-12-31,2026-07-31,61.0
635,Depósitos a plazo fijo de municipios de la provincia de Tucumán,Depósitos por tipo de titular,Saldos a fin de mes,M,En miles de ARS,ML,1999-12-31,2026-07-31,18201.0
636,Total de préstamos a municipios de la PBA,Préstamos por tipo de titular,Saldos a fin de mes,M,En miles de ARS,ME,1999-12-31,2026-07-31,0.0
637,Total de depósitos de municipios de la provincia de Buenos Aires,Depósitos por tipo de titular,Saldos a fin de mes,M,En miles de ARS,ME,1999-12-31,2026-07-31,7959.0
638,Total de préstamos a municipios de GBA,Préstamos por tipo de titular,Saldos a fin de mes,M,En miles de ARS,ME,1999-12-31,2026-07-31,0.0
639,Total de depósitos de municipios de GBA,Depósitos por tipo de titular,Saldos a fin de mes,M,En miles de ARS,ME,1999-12-31,2026-07-31,3651.0
640,Total de préstamos a municipios de la PBA no incluidos en el GBA,Préstamos por tipo de titular,Saldos a fin de mes,M,En miles de ARS,ME,1999-12-31,2026-07-31,0.0
641,Total de depósitos de municipios de la PBA no incluidos en GBA,Depósitos por tipo de titular,Saldos a fin de mes,M,En miles de ARS,ME,1999-12-31,2026-07-31,4308.0
642,Total de préstamos a municipios de Catamarca,Préstamos por tipo de titular,Saldos a fin de mes,M,En miles de ARS,ME,1999-12-31,2026-07-31,3.0
643,Total de depósitos de municipios de la provincia de Catamarca,Depósitos por tipo de titular,Saldos a fin de mes,M,En miles de ARS,ME,1999-12-31,2026-07-31,0.0
644,Total de préstamos a municipios de la provincia de Córdoba,Préstamos por tipo de titular,Saldos a fin de mes,M,En miles de ARS,ME,1999-12-31,2026-07-31,25.0
645,Total de depósitos de municipios de la provincia de Córdoba,Depósitos por tipo de titular,Saldos a fin de mes,M,En miles de ARS,ME,1999-12-31,2026-07-31,1344.0
646,Total de préstamos a municipios de la provincia de Corrientes,Préstamos por tipo de titular,Saldos a fin de mes,M,En miles de ARS,ME,1999-12-31,2026-07-31,0.0
647,Total de depósitos de municipios de la provincia de Corrientes,Depósitos por tipo de titular,Saldos a fin de mes,M,En miles de ARS,ME,1999-12-31,2026-07-31,6.0
648,Total de préstamos a municipios de la provincia de Chaco,Préstamos por tipo de titular,Saldos a fin de mes,M,En miles de ARS,ME,1999-12-31,2026-07-31,1.0
649,Total de depósitos de municipios de la provincia de Chaco,Depósitos por tipo de titular,Saldos a fin de mes,M,En miles de ARS,ME,1999-12-31,2026-07-31,22.0
650,Total de préstamos a municipios de la provincia de Chubut,Préstamos por tipo de titular,Saldos a fin de mes,M,En miles de ARS,ME,1999-12-31,2026-07-31,3.0
651,Total de depósitos de municipios de la provincia de Chubut,Depósitos por tipo de titular,Saldos a fin de mes,M,En miles de ARS,ME,1999-12-31,2026-07-31,472.0
652,Total de préstamos a municipios de la provincia de Entre Ríos,Préstamos por tipo de titular,Saldos a fin de mes,M,En miles de ARS,ME,1999-12-31,2026-07-31,0.0
653,Total de depósitos de municipios de la provincia de Entre Ríos,Depósitos por tipo de titular,Saldos a fin de mes,M,En miles de ARS,ME,1999-12-31,2026-07-31,17445.0
654,Total de préstamos a municipios de la provincia de Formosa,Préstamos por tipo de titular,Saldos a fin de mes,M,En miles de ARS,ME,1999-12-31,2026-07-31,0.0
655,Total de depósitos de municipios de la provincia de Formosa,Depósitos por tipo de titular,Saldos a fin de mes,M,En miles de ARS,ME,1999-12-31,2026-07-31,0.0
656,Total de préstamos a municipios de la provincia de Jujuy,Préstamos por tipo de titular,Saldos a fin de mes,M,En miles de ARS,ME,1999-12-31,2026-07-31,0.0
657,Total de depósitos de municipios de la provincia de Jujuy,Depósitos por tipo de titular,Saldos a fin de mes,M,En miles de ARS,ME,1999-12-31,2026-07-31,0.0
658,Total de préstamos a municipios de la provincia de La Pampa,Préstamos por tipo de titular,Saldos a fin de mes,M,En miles de ARS,ME,1999-12-31,2026-07-31,0.0
659,Total de depósitos de municipios de la provincia de La Pampa,Depósitos por tipo de titular,Saldos a fin de mes,M,En miles de ARS,ME,1999-12-31,2026-07-31,0.0
660,Total de préstamos a municipios de la provincia de La Rioja,Préstamos por tipo de titular,Saldos a fin de mes,M,En miles de ARS,ME,1999-12-31,2026-07-31,0.0
661,Total de depósitos de municipios de la provincia de La Rioja,Depósitos por tipo de titular,Saldos a fin de mes,M,En miles de ARS,ME,1999-12-31,2026-07-31,0.0
662,Total de préstamos a municipios de la provincia de Mendoza,Préstamos por tipo de titular,Saldos a fin de mes,M,En miles de ARS,ME,1999-12-31,2026-07-31,3.0
663,Total de depósitos de municipios de la provincia de Mendoza,Depósitos por tipo de titular,Saldos a fin de mes,M,En miles de ARS,ME,1999-12-31,2026-07-31,3769.0
664,Total de préstamos a municipios de la provincia de Misiones,Préstamos por tipo de titular,Saldos a fin de mes,M,En miles de ARS,ME,1999-12-31,2026-07-31,0.0
665,Total de depósitos de municipios de la provincia de Misiones,Depósitos por tipo de titular,Saldos a fin de mes,M,En miles de ARS,ME,1999-12-31,2026-07-31,0.0
666,Total de préstamos a municipios de la provincia de Neuquén,Préstamos por tipo de titular,Saldos a fin de mes,M,En miles de ARS,ME,1999-12-31,2026-07-31,1.0
667,Total de depósitos de municipios de la provincia de Neuquén,Depósitos por tipo de titular,Saldos a fin de mes,M,En miles de ARS,ME,1999-12-31,2026-07-31,1112.0
668,Total de préstamos a municipios de la provincia de Rio Negro,Préstamos por tipo de titular,Saldos a fin de mes,M,En miles de ARS,ME,1999-12-31,2026-07-31,0.0
669,Total de depósitos de municipios de la provincia de Rio Negro,Depósitos por tipo de titular,Saldos a fin de mes,M,En miles de ARS,ME,1999-12-31,2026-07-31,2596.0
670,Total de préstamos a municipios de la provincia de Salta,Préstamos por tipo de titular,Saldos a fin de mes,M,En miles de ARS,ME,1999-12-31,2026-07-31,0.0
671,Total de depósitos de municipios de la provincia de Salta,Depósitos por tipo de titular,Saldos a fin de mes,M,En miles de ARS,ME,1999-12-31,2026-07-31,7491.0
672,Total de préstamos a municipios de la provincia de San Juan,Préstamos por tipo de titular,Saldos a fin de mes,M,En miles de ARS,ME,1999-12-31,2026-07-31,0.0
673,Total de depósitos de municipios de la provincia de San Juan,Depósitos por tipo de titular,Saldos a fin de mes,M,En miles de ARS,ME,1999-12-31,2026-07-31,0.0
674,Total de préstamos a municipios de la provincia de San Luis,Préstamos por tipo de titular,Saldos a fin de mes,M,En miles de ARS,ME,1999-12-31,2026-07-31,1.0
675,Total de depósitos de municipios de la provincia de San Luis,Depósitos por tipo de titular,Saldos a fin de mes,M,En miles de ARS,ME,1999-12-31,2026-07-31,54.0
676,Total de préstamos a municipios de la provincia de Santa Cruz,Préstamos por tipo de titular,Saldos a fin de mes,M,En miles de ARS,ME,1999-12-31,2026-07-31,0.0
677,Total de depósitos de municipios de la provincia de Santa Cruz,Depósitos por tipo de titular,Saldos a fin de mes,M,En miles de ARS,ME,1999-12-31,2026-07-31,1527.0
678,Total de préstamos a municipios de la provincia de Santa Fe,Préstamos por tipo de titular,Saldos a fin de mes,M,En miles de ARS,ME,1999-12-31,2026-07-31,16.0
679,Total de depósitos de municipios de la provincia de Santa Fe,Depósitos por tipo de titular,Saldos a fin de mes,M,En miles de ARS,ME,1999-12-31,2026-07-31,5437.0
680,Total de préstamos a municipios de la provincia de Santiago del Estero,Préstamos por tipo de titular,Saldos a fin de mes,M,En miles de ARS,ME,1999-12-31,2026-07-31,0.0
681,Total de depósitos de municipios de la provincia de Santiago del Estero,Depósitos por tipo de titular,Saldos a fin de mes,M,En miles de ARS,ME,1999-12-31,2026-07-31,0.0
682,Total de préstamos a municipios de la provincia de Tierra del Fuego,Préstamos por tipo de titular,Saldos a fin de mes,M,En miles de ARS,ME,1999-12-31,2026-07-31,0.0
683,Total de depósitos de municipios de la provincia de Tierra del Fuego,Depósitos por tipo de titular,Saldos a fin de mes,M,En miles de ARS,ME,1999-12-31,2026-07-31,0.0
684,Total de préstamos a municipios de la provincia de Tucumán,Préstamos por tipo de titular,Saldos a fin de mes,M,En miles de ARS,ME,1999-12-31,2026-07-31,0.0
685,Total de depósitos de municipios de la provincia de Tucumán,Depósitos por tipo de titular,Saldos a fin de mes,M,En miles de ARS,ME,1999-12-31,2026-07-31,60.0
686,Total de préstamos a empresas provinciales a la Ciudad Autónoma de Buenos Aires,Préstamos por tipo de titular,Saldos a fin de mes,M,En miles de ARS,ME,1999-12-31,2026-07-31,0.0
687,Total de depósitos de empresas provinciales de la Ciudad Autónoma de Buenos Aires,Depósitos por tipo de titular,Saldos a fin de mes,M,En miles de ARS,ME,1999-12-31,2026-07-31,66922.0
688,Total de préstamos a empresas provinciales de la PBA,Préstamos por tipo de titular,Saldos a fin de mes,M,En miles de ARS,ME,1999-12-31,2026-07-31,0.0
689,Total de depósitos de empresas provinciales de la PBA,Depósitos por tipo de titular,Saldos a fin de mes,M,En miles de ARS,ME,1999-12-31,2026-07-31,13048.0
690,Total de préstamos a empresas provinciales de la provincia de Catamarca,Préstamos por tipo de titular,Saldos a fin de mes,M,En miles de ARS,ME,1999-12-31,2026-07-31,0.0
691,Total de depósitos de empresas provinciales de la provincia de Catamarca,Depósitos por tipo de titular,Saldos a fin de mes,M,En miles de ARS,ME,1999-12-31,2026-07-31,0.0
692,Total de préstamos a empresas provinciales de la provincia de Córdoba,Préstamos por tipo de titular,Saldos a fin de mes,M,En miles de ARS,ME,1999-12-31,2026-07-31,22.0
693,Total de depósitos de empresas provinciales de la provincia de Córdoba,Depósitos por tipo de titular,Saldos a fin de mes,M,En miles de ARS,ME,1999-12-31,2026-07-31,8006.0
694,Total de préstamos a empresas provinciales de la provincia de Corrientes,Préstamos por tipo de titular,Saldos a fin de mes,M,En miles de ARS,ME,1999-12-31,2026-07-31,0.0
695,Total de depósitos de empresas provinciales de la provincia de Corrientes,Depósitos por tipo de titular,Saldos a fin de mes,M,En miles de ARS,ME,1999-12-31,2026-07-31,0.0
696,Total de préstamos a empresas provinciales de la provincia de Chaco,Préstamos por tipo de titular,Saldos a fin de mes,M,En miles de ARS,ME,1999-12-31,2026-07-31,0.0
697,Total de depósitos de empresas provinciales de la provincia de Chaco,Depósitos por tipo de titular,Saldos a fin de mes,M,En miles de ARS,ME,1999-12-31,2026-07-31,0.0
698,Total de préstamos a empresas provinciales de la provincia de Chubut,Préstamos por tipo de titular,Saldos a fin de mes,M,En miles de ARS,ME,1999-12-31,2026-07-31,0.0
699,Total de depósitos de empresas provinciales de la provincia de Chubut,Depósitos por tipo de titular,Saldos a fin de mes,M,En miles de ARS,ME,1999-12-31,2026-07-31,0.0
700,Total de préstamos a empresas provinciales de la provincia de Entre Ríos,Préstamos por tipo de titular,Saldos a fin de mes,M,En miles de ARS,ME,1999-12-31,2026-07-31,0.0
701,Total de depósitos de empresas provinciales de la provincia de Entre Ríos,Depósitos por tipo de titular,Saldos a fin de mes,M,En miles de ARS,ME,1999-12-31,2026-07-31,27.0
702,Total de préstamos a empresas provinciales de la provincia de Formosa,Préstamos por tipo de titular,Saldos a fin de mes,M,En miles de ARS,ME,1999-12-31,2026-07-31,0.0
703,Total de depósitos de empresas provinciales de la provincia de Formosa,Depósitos por tipo de titular,Saldos a fin de mes,M,En miles de ARS,ME,1999-12-31,2026-07-31,0.0
704,Total de préstamos a empresas provinciales de la provincia de Jujuy,Préstamos por tipo de titular,Saldos a fin de mes,M,En miles de ARS,ME,1999-12-31,2026-07-31,0.0
705,Total de depósitos de empresas provinciales de la provincia de Jujuy,Depósitos por tipo de titular,Saldos a fin de mes,M,En miles de ARS,ME,1999-12-31,2026-07-31,1.0
706,Total de préstamos a empresas provinciales de la provincia de La Pampa,Préstamos por tipo de titular,Saldos a fin de mes,M,En miles de ARS,ME,1999-12-31,2026-07-31,0.0
707,Total de depósitos de empresas provinciales de la provincia de La Pampa,Depósitos por tipo de titular,Saldos a fin de mes,M,En miles de ARS,ME,1999-12-31,2026-07-31,7703.0
708,Total de préstamos a empresas provinciales de la provincia de La Rioja,Préstamos por tipo de titular,Saldos a fin de mes,M,En miles de ARS,ME,1999-12-31,2026-07-31,0.0
709,Total de depósitos de empresas provinciales de la provincia de La Rioja,Depósitos por tipo de titular,Saldos a fin de mes,M,En miles de ARS,ME,1999-12-31,2026-07-31,6.0
710,Total de préstamos a empresas provinciales de la provincia de Mendoza,Préstamos por tipo de titular,Saldos a fin de mes,M,En miles de ARS,ME,1999-12-31,2026-07-31,19.0
711,Total de depósitos de empresas provinciales de la provincia de Mendoza,Depósitos por tipo de titular,Saldos a fin de mes,M,En miles de ARS,ME,1999-12-31,2026-07-31,121983.0
712,Total de préstamos a empresas provinciales de la provincia de Misiones,Préstamos por tipo de titular,Saldos a fin de mes,M,En miles de ARS,ME,1999-12-31,2026-07-31,0.0
713,Total de depósitos de empresas provinciales de la provincia de Misiones,Depósitos por tipo de titular,Saldos a fin de mes,M,En miles de ARS,ME,1999-12-31,2026-07-31,40690.0
714,Total de préstamos a empresas provinciales de la provincia de Neuquén,Préstamos por tipo de titular,Saldos a fin de mes,M,En miles de ARS,ME,1999-12-31,2026-07-31,0.0
715,Total de depósitos de empresas provinciales de la provincia de Neuquén,Depósitos por tipo de titular,Saldos a fin de mes,M,En miles de ARS,ME,1999-12-31,2026-07-31,51.0
716,Total de préstamos a empresas provinciales de la provincia de Rio Negro,Préstamos por tipo de titular,Saldos a fin de mes,M,En miles de ARS,ME,1999-12-31,2026-07-31,0.0
717,Total de depósitos de empresas provinciales de la provincia de Rio Negro,Depósitos por tipo de titular,Saldos a fin de mes,M,En miles de ARS,ME,1999-12-31,2026-07-31,174.0
718,Total de préstamos a empresas provinciales de la provincia de Salta,Préstamos por tipo de titular,Saldos a fin de mes,M,En miles de ARS,ME,1999-12-31,2026-07-31,0.0
719,Total de depósitos de empresas provinciales de la provincia de Salta,Depósitos por tipo de titular,Saldos a fin de mes,M,En miles de ARS,ME,1999-12-31,2026-07-31,0.0
720,Total de préstamos a empresas provinciales de la provincia de San Juan,Préstamos por tipo de titular,Saldos a fin de mes,M,En miles de ARS,ME,1999-12-31,2026-07-31,0.0
721,Total de depósitos de empresas provinciales de la provincia de San Juan,Depósitos por tipo de titular,Saldos a fin de mes,M,En miles de ARS,ME,1999-12-31,2026-07-31,31.0
722,Total de préstamos a empresas provinciales de la provincia de San Luis,Préstamos por tipo de titular,Saldos a fin de mes,M,En miles de ARS,ME,1999-12-31,2026-07-31,0.0
723,Total de depósitos de empresas provinciales de la provincia de San Luis,Depósitos por tipo de titular,Saldos a fin de mes,M,En miles de ARS,ME,1999-12-31,2026-07-31,0.0
724,Total de préstamos a empresas provinciales de la provincia de Santa Cruz,Préstamos por tipo de titular,Saldos a fin de mes,M,En miles de ARS,ME,1999-12-31,2026-07-31,0.0
725,Total de depósitos de empresas provinciales de la provincia de Santa Cruz,Depósitos por tipo de titular,Saldos a fin de mes,M,En miles de ARS,ME,1999-12-31,2026-07-31,1902.0
726,Total de préstamos a empresas provinciales de la provincia de Santa Fe,Préstamos por tipo de titular,Saldos a fin de mes,M,En miles de ARS,ME,1999-12-31,2026-07-31,22.0
727,Total de depósitos de empresas provinciales de la provincia de Santa Fe,Depósitos por tipo de titular,Saldos a fin de mes,M,En miles de ARS,ME,1999-12-31,2026-07-31,844.0
728,Total de préstamos a empresas provinciales de la provincia de Santiago del Estero,Préstamos por tipo de titular,Saldos a fin de mes,M,En miles de ARS,ME,1999-12-31,2026-07-31,0.0
729,Total de depósitos de empresas provinciales de la provincia de Santiago del Estero,Depósitos por tipo de titular,Saldos a fin de mes,M,En miles de ARS,ME,1999-12-31,2026-07-31,0.0
730,Total de préstamos a empresas provinciales de la provincia de Tierra del Fuego,Préstamos por tipo de titular,Saldos a fin de mes,M,En miles de ARS,ME,1999-12-31,2026-07-31,1.0
731,Total de depósitos de empresas provinciales de la provincia de Tierra del Fuego,Depósitos por tipo de titular,Saldos a fin de mes,M,En miles de ARS,ME,1999-12-31,2026-07-31,0.0
732,Total de préstamos a empresas provinciales de la provincia de Tucumán,Préstamos por tipo de titular,Saldos a fin de mes,M,En miles de ARS,ME,1999-12-31,2026-07-31,0.0
733,Total de depósitos de empresas provinciales de la provincia de Tucumán,Depósitos por tipo de titular,Saldos a fin de mes,M,En miles de ARS,ME,1999-12-31,2026-07-31,36.0
734,Total de préstamos a empresas provinciales a la Ciudad Autónoma de Buenos Aires,Préstamos por tipo de titular,Saldos a fin de mes,M,En miles de ARS,ML,1999-12-31,2026-07-31,35.0
735,Total de depósitos de empresas provinciales de la Ciudad Autónoma de Buenos Aires,Depósitos por tipo de titular,Saldos a fin de mes,M,En miles de ARS,ML,1999-12-31,2026-07-31,201245.0
736,Total de préstamos a empresas provinciales de la PBA,Préstamos por tipo de titular,Saldos a fin de mes,M,En miles de ARS,ML,1999-12-31,2026-07-31,12.0
737,Total de depósitos de empresas provinciales de PBA,Depósitos por tipo de titular,Saldos a fin de mes,M,En miles de ARS,ML,1999-12-31,2026-07-31,112192.0
738,Total de préstamos a empresas provinciales de la provincia de Catamarca,Préstamos por tipo de titular,Saldos a fin de mes,M,En miles de ARS,ML,1999-12-31,2026-07-31,2.0
739,Total de depósitos de empresas provinciales de la provincia de Catamarca,Depósitos por tipo de titular,Saldos a fin de mes,M,En miles de ARS,ML,1999-12-31,2026-07-31,3392.0
740,Total de préstamos a empresas provinciales de la provincia de Córdoba,Préstamos por tipo de titular,Saldos a fin de mes,M,En miles de ARS,ML,1999-12-31,2026-07-31,31167.0
741,Total de depósitos de empresas provinciales de la provincia de Córdoba,Depósitos por tipo de titular,Saldos a fin de mes,M,En miles de ARS,ML,1999-12-31,2026-07-31,190220.0
742,Total de préstamos a empresas provinciales de la provincia de Corrientes,Préstamos por tipo de titular,Saldos a fin de mes,M,En miles de ARS,ML,1999-12-31,2026-07-31,3.0
743,Total de depósitos de empresas provinciales de la provincia de Corrientes,Depósitos por tipo de titular,Saldos a fin de mes,M,En miles de ARS,ML,1999-12-31,2026-07-31,8422.0
744,Total de préstamos a empresas provinciales de la provincia de Chaco,Préstamos por tipo de titular,Saldos a fin de mes,M,En miles de ARS,ML,1999-12-31,2026-07-31,0.0
745,Total de depósitos de empresas provinciales de la provincia de Chaco,Depósitos por tipo de titular,Saldos a fin de mes,M,En miles de ARS,ML,1999-12-31,2026-07-31,13889.0
746,Total de préstamos a empresas provinciales de la provincia de Chubut,Préstamos por tipo de titular,Saldos a fin de mes,M,En miles de ARS,ML,1999-12-31,2026-07-31,0.0
747,Total de depósitos de empresas provinciales de la provincia de Chubut,Depósitos por tipo de titular,Saldos a fin de mes,M,En miles de ARS,ML,1999-12-31,2026-07-31,1411.0
748,Total de préstamos a empresas provinciales de la provincia de Entre Ríos,Préstamos por tipo de titular,Saldos a fin de mes,M,En miles de ARS,ML,1999-12-31,2026-07-31,0.0
749,Total de depósitos de empresas provinciales de la provincia de Entre Ríos,Depósitos por tipo de titular,Saldos a fin de mes,M,En miles de ARS,ML,1999-12-31,2026-07-31,6834.0
750,Total de préstamos a empresas provinciales de la provincia de Formosa,Préstamos por tipo de titular,Saldos a fin de mes,M,En miles de ARS,ML,1999-12-31,2026-07-31,0.0
751,Total de depósitos de empresas provinciales de la provincia de Formosa,Depósitos por tipo de titular,Saldos a fin de mes,M,En miles de ARS,ML,1999-12-31,2026-07-31,3451.0
752,Total de préstamos a empresas provinciales de la provincia de Jujuy,Préstamos por tipo de titular,Saldos a fin de mes,M,En miles de ARS,ML,1999-12-31,2026-07-31,83.0
753,Total de depósitos de empresas provinciales de la provincia de Jujuy,Depósitos por tipo de titular,Saldos a fin de mes,M,En miles de ARS,ML,1999-12-31,2026-07-31,5325.0
754,Total de préstamos a empresas provinciales de la provincia de La Pampa,Préstamos por tipo de titular,Saldos a fin de mes,M,En miles de ARS,ML,1999-12-31,2026-07-31,0.0
755,Total de depósitos de empresas provinciales de la provincia de La Pampa,Depósitos por tipo de titular,Saldos a fin de mes,M,En miles de ARS,ML,1999-12-31,2026-07-31,55383.0
756,Total de préstamos a empresas provinciales de la provincia de La Rioja,Préstamos por tipo de titular,Saldos a fin de mes,M,En miles de ARS,ML,1999-12-31,2026-07-31,18.0
757,Total de depósitos de empresas provinciales de la provincia de La Rioja,Depósitos por tipo de titular,Saldos a fin de mes,M,En miles de ARS,ML,1999-12-31,2026-07-31,758.0
758,Total de préstamos a empresas provinciales de la provincia de Mendoza,Préstamos por tipo de titular,Saldos a fin de mes,M,En miles de ARS,ML,1999-12-31,2026-07-31,8.0
759,Total de depósitos de empresas provinciales de la provincia de Mendoza,Depósitos por tipo de titular,Saldos a fin de mes,M,En miles de ARS,ML,1999-12-31,2026-07-31,2282.0
760,Total de préstamos a empresas provinciales de la provincia de Misiones,Préstamos por tipo de titular,Saldos a fin de mes,M,En miles de ARS,ML,1999-12-31,2026-07-31,3.0
761,Total de depósitos de empresas provinciales de la provincia de Misiones,Depósitos por tipo de titular,Saldos a fin de mes,M,En miles de ARS,ML,1999-12-31,2026-07-31,17738.0
762,Total de préstamos a empresas provinciales de la provincia de Neuquén,Préstamos por tipo de titular,Saldos a fin de mes,M,En miles de ARS,ML,1999-12-31,2026-07-31,14.0
763,Total de depósitos de empresas provinciales de la provincia de Neuquén,Depósitos por tipo de titular,Saldos a fin de mes,M,En miles de ARS,ML,1999-12-31,2026-07-31,48590.0
764,Total de préstamos a empresas provinciales de la provincia de Rio Negro,Préstamos por tipo de titular,Saldos a fin de mes,M,En miles de ARS,ML,1999-12-31,2026-07-31,1.0
765,Total de depósitos de empresas provinciales de la provincia de Rio Negro,Depósitos por tipo de titular,Saldos a fin de mes,M,En miles de ARS,ML,1999-12-31,2026-07-31,1513.0
766,Total de préstamos a empresas provinciales de la provincia de Salta,Préstamos por tipo de titular,Saldos a fin de mes,M,En miles de ARS,ML,1999-12-31,2026-07-31,1.0
767,Total de depósitos de empresas provinciales de la provincia de Salta,Depósitos por tipo de titular,Saldos a fin de mes,M,En miles de ARS,ML,1999-12-31,2026-07-31,1481.0
768,Total de préstamos a empresas provinciales de la provincia de San Juan,Préstamos por tipo de titular,Saldos a fin de mes,M,En miles de ARS,ML,1999-12-31,2026-07-31,6.0
769,Total de depósitos de empresas provinciales de la provincia de San Juan,Depósitos por tipo de titular,Saldos a fin de mes,M,En miles de ARS,ML,1999-12-31,2026-07-31,42540.0
770,Total de préstamos a empresas provinciales de la provincia de San Luis,Préstamos por tipo de titular,Saldos a fin de mes,M,En miles de ARS,ML,1999-12-31,2026-07-31,0.0
771,Total de depósitos de empresas provinciales de la provincia de San Luis,Depósitos por tipo de titular,Saldos a fin de mes,M,En miles de ARS,ML,1999-12-31,2026-07-31,7190.0
772,Total de préstamos a empresas provinciales de la provincia de Santa Cruz,Préstamos por tipo de titular,Saldos a fin de mes,M,En miles de ARS,ML,1999-12-31,2026-07-31,0.0
773,Total de depósitos de empresas provinciales de la provincia de Santa Cruz,Depósitos por tipo de titular,Saldos a fin de mes,M,En miles de ARS,ML,1999-12-31,2026-07-31,37752.0
774,Total de préstamos a empresas provinciales de la provincia de Santa Fe,Préstamos por tipo de titular,Saldos a fin de mes,M,En miles de ARS,ML,1999-12-31,2026-07-31,12.0
775,Total de depósitos de empresas provinciales de la provincia de Santa Fe,Depósitos por tipo de titular,Saldos a fin de mes,M,En miles de ARS,ML,1999-12-31,2026-07-31,92620.0
776,Total de préstamos a empresas provinciales de la provincia de Santiago del Estero,Préstamos por tipo de titular,Saldos a fin de mes,M,En miles de ARS,ML,1999-12-31,2026-07-31,0.0
777,Total de depósitos de empresas provinciales de la provincia de Santiago del Estero,Depósitos por tipo de titular,Saldos a fin de mes,M,En miles de ARS,ML,1999-12-31,2026-07-31,825.0
778,Total de préstamos a empresas provinciales de la provincia de Tierra del Fuego,Préstamos por tipo de titular,Saldos a fin de mes,M,En miles de ARS,ML,1999-12-31,2026-07-31,1.0
779,Total de depósitos de empresas provinciales de la provincia de Tierra del Fuego,Depósitos por tipo de titular,Saldos a fin de mes,M,En miles de ARS,ML,1999-12-31,2026-07-31,10171.0
780,Total de préstamos a empresas provinciales de la provincia de Tucumán,Préstamos por tipo de titular,Saldos a fin de mes,M,En miles de ARS,ML,1999-12-31,2026-07-31,152.0
781,Total de depósitos de empresas provinciales de la provincia de Tucumán,Depósitos por tipo de titular,Saldos a fin de mes,M,En miles de ARS,ML,1999-12-31,2026-07-31,66752.0
782,Total de préstamos a empresas municipales de la PBA,Préstamos por tipo de titular,Saldos a fin de mes,M,En miles de ARS,ML,1999-12-31,2026-07-31,7.0
783,Total de depósitos de empresas municipales de la PBA,Depósitos por tipo de titular,Saldos a fin de mes,M,En miles de ARS,ML,1999-12-31,2026-07-31,19181.0
784,Total de préstamos a empresas municipales de GBA,Préstamos por tipo de titular,Saldos a fin de mes,M,En miles de ARS,ML,1999-12-31,2026-07-31,1.0
785,Total de depósitos de empresas municipales de GBA,Depósitos por tipo de titular,Saldos a fin de mes,M,En miles de ARS,ML,1999-12-31,2026-07-31,714.0
786,Total de préstamos a empresas municipales de municipios de la PBA no incluidos en el GBA,Préstamos por tipo de titular,Saldos a fin de mes,M,En miles de ARS,ML,1999-12-31,2026-07-31,6.0
787,Total de depósitos de empresas municipales de municipios de la PBA no incluidos en el GBA,Depósitos por tipo de titular,Saldos a fin de mes,M,En miles de ARS,ML,1999-12-31,2026-07-31,18467.0
788,Total de préstamos a empresas municipales de la provincia de Catamarca,Préstamos por tipo de titular,Saldos a fin de mes,M,En miles de ARS,ML,1999-12-31,2026-07-31,0.0
789,Total de depósitos de empresas municipales de la provincia de Catamarca,Depósitos por tipo de titular,Saldos a fin de mes,M,En miles de ARS,ML,1999-12-31,2026-07-31,56.0
790,Total de préstamos a empresas municipales de la provincia de Córdoba,Préstamos por tipo de titular,Saldos a fin de mes,M,En miles de ARS,ML,1999-12-31,2026-07-31,38.0
791,Total de depósitos de empresas municipales de la provincia de Córdoba,Depósitos por tipo de titular,Saldos a fin de mes,M,En miles de ARS,ML,1999-12-31,2026-07-31,2317.0
792,Total de préstamos a empresas municipales de la provincia de Corrientes,Préstamos por tipo de titular,Saldos a fin de mes,M,En miles de ARS,ML,1999-12-31,2026-07-31,0.0
793,Total de depósitos de empresas municipales de la provincia de Corrientes,Depósitos por tipo de titular,Saldos a fin de mes,M,En miles de ARS,ML,1999-12-31,2026-07-31,637.0
794,Total de préstamos a empresas municipales de la provincia de Chaco,Préstamos por tipo de titular,Saldos a fin de mes,M,En miles de ARS,ML,1999-12-31,2026-07-31,0.0
795,Total de depósitos de empresas municipales de la provincia de Chaco,Depósitos por tipo de titular,Saldos a fin de mes,M,En miles de ARS,ML,1999-12-31,2026-07-31,4.0
796,Total de préstamos a empresas municipales de la provincia de Chubut,Préstamos por tipo de titular,Saldos a fin de mes,M,En miles de ARS,ML,1999-12-31,2026-07-31,0.0
797,Total de depósitos de empresas municipales de la provincia de Chubut,Depósitos por tipo de titular,Saldos a fin de mes,M,En miles de ARS,ML,1999-12-31,2026-07-31,238.0
798,Total de préstamos a empresas municipales de la provincia de Entre Ríos,Préstamos por tipo de titular,Saldos a fin de mes,M,En miles de ARS,ML,1999-12-31,2026-07-31,0.0
799,Total de depósitos de empresas municipales de la provincia de Entre Ríos,Depósitos por tipo de titular,Saldos a fin de mes,M,En miles de ARS,ML,1999-12-31,2026-07-31,3147.0
800,Total de préstamos a empresas municipales de la provincia de Formosa,Préstamos por tipo de titular,Saldos a fin de mes,M,En miles de ARS,ML,1999-12-31,2026-07-31,0.0
801,Total de depósitos de empresas municipales de la provincia de Formosa,Depósitos por tipo de titular,Saldos a fin de mes,M,En miles de ARS,ML,1999-12-31,2026-07-31,6756.0
802,Total de préstamos a empresas municipales de la provincia de Jujuy,Préstamos por tipo de titular,Saldos a fin de mes,M,En miles de ARS,ML,1999-12-31,2026-07-31,0.0
803,Total de depósitos de empresas municipales de la provincia de Jujuy,Depósitos por tipo de titular,Saldos a fin de mes,M,En miles de ARS,ML,1999-12-31,2026-07-31,30.0
804,Total de préstamos a empresas municipales de la provincia de La Pampa,Préstamos por tipo de titular,Saldos a fin de mes,M,En miles de ARS,ML,1999-12-31,2026-07-31,0.0
805,Total de depósitos de empresas municipales de la provincia de La Pampa,Depósitos por tipo de titular,Saldos a fin de mes,M,En miles de ARS,ML,1999-12-31,2026-07-31,3014.0
806,Total de préstamos a empresas municipales de la provincia de La Rioja,Préstamos por tipo de titular,Saldos a fin de mes,M,En miles de ARS,ML,1999-12-31,2026-07-31,0.0
807,Total de depósitos de empresas municipales de la provincia de La Rioja,Depósitos por tipo de titular,Saldos a fin de mes,M,En miles de ARS,ML,1999-12-31,2026-07-31,8.0
808,Total de préstamos a empresas municipales de la provincia de Mendoza,Préstamos por tipo de titular,Saldos a fin de mes,M,En miles de ARS,ML,1999-12-31,2026-07-31,0.0
809,Total de depósitos de empresas municipales de la provincia de Mendoza,Depósitos por tipo de titular,Saldos a fin de mes,M,En miles de ARS,ML,1999-12-31,2026-07-31,6.0
810,Total de préstamos a empresas municipales de la provincia de Misiones,Préstamos por tipo de titular,Saldos a fin de mes,M,En miles de ARS,ML,1999-12-31,2026-07-31,0.0
811,Total de depósitos de empresas municipales de la provincia de Misiones,Depósitos por tipo de titular,Saldos a fin de mes,M,En miles de ARS,ML,1999-12-31,2026-07-31,14.0
812,Total de préstamos a empresas municipales de la provincia de Neuquén,Préstamos por tipo de titular,Saldos a fin de mes,M,En miles de ARS,ML,1999-12-31,2026-07-31,0.0
813,Total de depósitos de empresas municipales de la provincia de Neuquén,Depósitos por tipo de titular,Saldos a fin de mes,M,En miles de ARS,ML,1999-12-31,2026-07-31,7713.0
814,Total de préstamos a empresas municipales de la provincia de Rio Negro,Préstamos por tipo de titular,Saldos a fin de mes,M,En miles de ARS,ML,1999-12-31,2026-07-31,8.0
815,Total de depósitos de empresas municipales de la provincia de Rio Negro,Depósitos por tipo de titular,Saldos a fin de mes,M,En miles de ARS,ML,1999-12-31,2026-07-31,283.0
816,Total de préstamos a empresas municipales de la provincia de Salta,Préstamos por tipo de titular,Saldos a fin de mes,M,En miles de ARS,ML,1999-12-31,2026-07-31,0.0
817,Total de depósitos de empresas municipales de la provincia de Salta,Depósitos por tipo de titular,Saldos a fin de mes,M,En miles de ARS,ML,1999-12-31,2026-07-31,1253.0
818,Total de préstamos a empresas municipales de la provincia de San Juan,Préstamos por tipo de titular,Saldos a fin de mes,M,En miles de ARS,ML,1999-12-31,2026-07-31,0.0
819,Total de depósitos de empresas municipales de la provincia de San Juan,Depósitos por tipo de titular,Saldos a fin de mes,M,En miles de ARS,ML,1999-12-31,2026-07-31,0.0
820,Total de préstamos a empresas municipales de la provincia de San Luis,Préstamos por tipo de titular,Saldos a fin de mes,M,En miles de ARS,ML,1999-12-31,2026-07-31,0.0
821,Total de depósitos de empresas municipales de la provincia de San Luis,Depósitos por tipo de titular,Saldos a fin de mes,M,En miles de ARS,ML,1999-12-31,2026-07-31,46.0
822,Total de préstamos a empresas municipales de la provincia de Santa Cruz,Préstamos por tipo de titular,Saldos a fin de mes,M,En miles de ARS,ML,1999-12-31,2026-07-31,0.0
823,Total de depósitos de empresas municipales de la provincia de Santa Cruz,Depósitos por tipo de titular,Saldos a fin de mes,M,En miles de ARS,ML,1999-12-31,2026-07-31,10.0
824,Total de préstamos a empresas municipales de la provincia de Santa Fe,Préstamos por tipo de titular,Saldos a fin de mes,M,En miles de ARS,ML,1999-12-31,2026-07-31,2.0
825,Total de depósitos de empresas municipales de la provincia de Santa Fe,Depósitos por tipo de titular,Saldos a fin de mes,M,En miles de ARS,ML,1999-12-31,2026-07-31,7393.0
826,Total de préstamos a empresas municipales de la provincia de Santiago del Estero,Préstamos por tipo de titular,Saldos a fin de mes,M,En miles de ARS,ML,1999-12-31,2026-07-31,0.0
827,Total de depósitos de empresas municipales de la provincia de Santiago del Estero,Depósitos por tipo de titular,Saldos a fin de mes,M,En miles de ARS,ML,1999-12-31,2026-07-31,8.0
828,Total de préstamos a empresas municipales de la provincia de Tierra del Fuego,Préstamos por tipo de titular,Saldos a fin de mes,M,En miles de ARS,ML,1999-12-31,2026-07-31,2.0
829,Total de depósitos de empresas municipales de la provincia de Tierra del Fuego,Depósitos por tipo de titular,Saldos a fin de mes,M,En miles de ARS,ML,1999-12-31,2026-07-31,22.0
830,Total de préstamos a empresas municipales de la provincia de Tucumán,Préstamos por tipo de titular,Saldos a fin de mes,M,En miles de ARS,ML,1999-12-31,2026-07-31,0.0
831,Total de depósitos de empresas municipales de la provincia de Tucumán,Depósitos por tipo de titular,Saldos a fin de mes,M,En miles de ARS,ML,1999-12-31,2026-07-31,437.0
832,Total de préstamos a empresas municipales de la PBA,Préstamos por tipo de titular,Saldos a fin de mes,M,En miles de ARS,ME,1999-12-31,2026-07-31,0.0
833,Total de depósitos de empresas municipales de la PBA,Depósitos por tipo de titular,Saldos a fin de mes,M,En miles de ARS,ME,1999-12-31,2026-07-31,319.0
834,Total de préstamos a empresas municipales de municipios GBA,Préstamos por tipo de titular,Saldos a fin de mes,M,En miles de ARS,ME,1999-12-31,2026-07-31,0.0
835,Total de depósitos de empresas municipales de municipios GBA,Depósitos por tipo de titular,Saldos a fin de mes,M,En miles de ARS,ME,1999-12-31,2026-07-31,129.0
836,Total de préstamos a empresas municipales de municipios de la PBA no incluidos en el GBA,Préstamos por tipo de titular,Saldos a fin de mes,M,En miles de ARS,ME,1999-12-31,2026-07-31,0.0
837,Total de depósitos de empresas municipales de municipios de la PBA no incluidos en el GBA,Depósitos por tipo de titular,Saldos a fin de mes,M,En miles de ARS,ME,1999-12-31,2026-07-31,189.0
838,Total de préstamos a empresas municipales de la provincia de Catamarca,Préstamos por tipo de titular,Saldos a fin de mes,M,En miles de ARS,ME,1999-12-31,2026-07-31,0.0
839,Total de depósitos de empresas municipales de la provincia de Catamarca,Depósitos por tipo de titular,Saldos a fin de mes,M,En miles de ARS,ME,1999-12-31,2026-07-31,0.0
840,Total de préstamos a empresas municipales de la provincia de Córdoba,Préstamos por tipo de titular,Saldos a fin de mes,M,En miles de ARS,ME,1999-12-31,2026-07-31,0.0
841,Total de depósitos de empresas municipales de la provincia de Córdoba,Depósitos por tipo de titular,Saldos a fin de mes,M,En miles de ARS,ME,1999-12-31,2026-07-31,4.0
842,Total de préstamos a empresas municipales de la provincia de Corrientes,Préstamos por tipo de titular,Saldos a fin de mes,M,En miles de ARS,ME,1999-12-31,2026-07-31,0.0
843,Total de depósitos de empresas municipales de la provincia de Corrientes,Depósitos por tipo de titular,Saldos a fin de mes,M,En miles de ARS,ME,1999-12-31,2026-07-31,0.0
844,Total de préstamos a empresas municipales de la provincia de Chaco,Préstamos por tipo de titular,Saldos a fin de mes,M,En miles de ARS,ME,1999-12-31,2026-07-31,0.0
845,Total de depósitos de empresas municipales de la provincia de Chaco,Depósitos por tipo de titular,Saldos a fin de mes,M,En miles de ARS,ME,1999-12-31,2026-07-31,0.0
846,Total de préstamos a empresas municipales de la provincia de Chubut,Préstamos por tipo de titular,Saldos a fin de mes,M,En miles de ARS,ME,1999-12-31,2026-07-31,0.0
847,Total de depósitos de empresas municipales de la provincia de Chubut,Depósitos por tipo de titular,Saldos a fin de mes,M,En miles de ARS,ME,1999-12-31,2026-07-31,0.0
848,Total de préstamos a empresas municipales de la provincia de Entre Ríos,Préstamos por tipo de titular,Saldos a fin de mes,M,En miles de ARS,ME,1999-12-31,2026-07-31,0.0
849,Total de depósitos de empresas municipales de la provincia de Entre Ríos,Depósitos por tipo de titular,Saldos a fin de mes,M,En miles de ARS,ME,1999-12-31,2026-07-31,0.0
850,Total de préstamos a empresas municipales de la provincia de Formosa,Préstamos por tipo de titular,Saldos a fin de mes,M,En miles de ARS,ME,1999-12-31,2026-07-31,0.0
851,Total de depósitos de empresas municipales de la provincia de Formosa,Depósitos por tipo de titular,Saldos a fin de mes,M,En miles de ARS,ME,1999-12-31,2026-07-31,0.0
852,Total de préstamos a empresas municipales a la provincia de Jujuy,Préstamos por tipo de titular,Saldos a fin de mes,M,En miles de ARS,ME,1999-12-31,2026-07-31,0.0
853,Total de depósitos de empresas municipales de la provincia de Jujuy,Depósitos por tipo de titular,Saldos a fin de mes,M,En miles de ARS,ME,1999-12-31,2026-07-31,0.0
854,Total de préstamos a empresas municipales de la provincia de La Pampa,Préstamos por tipo de titular,Saldos a fin de mes,M,En miles de ARS,ME,1999-12-31,2026-07-31,0.0
855,Total de depósitos de empresas municipales de la provincia de La Pampa,Depósitos por tipo de titular,Saldos a fin de mes,M,En miles de ARS,ME,1999-12-31,2026-07-31,0.0
856,Total de préstamos a empresas municipales de la provincia de La Rioja,Préstamos por tipo de titular,Saldos a fin de mes,M,En miles de ARS,ME,1999-12-31,2026-07-31,0.0
857,Total de depósitos de empresas municipales de la provincia de La Rioja,Depósitos por tipo de titular,Saldos a fin de mes,M,En miles de ARS,ME,1999-12-31,2026-07-31,0.0
858,Total de préstamos a empresas municipales de la provincia de Mendoza,Préstamos por tipo de titular,Saldos a fin de mes,M,En miles de ARS,ME,1999-12-31,2026-07-31,0.0
859,Total de depósitos de empresas municipales de la provincia de Mendoza,Depósitos por tipo de titular,Saldos a fin de mes,M,En miles de ARS,ME,1999-12-31,2026-07-31,0.0
860,Total de préstamos a empresas municipales de la provincia de Misiones,Préstamos por tipo de titular,Saldos a fin de mes,M,En miles de ARS,ME,1999-12-31,2026-07-31,0.0
861,Total de depósitos de empresas municipales de la provincia de Misiones,Depósitos por tipo de titular,Saldos a fin de mes,M,En miles de ARS,ME,1999-12-31,2026-07-31,0.0
862,Total de préstamos a empresas municipales de la provincia de Neuquén,Préstamos por tipo de titular,Saldos a fin de mes,M,En miles de ARS,ME,1999-12-31,2026-07-31,0.0
863,Total de depósitos de empresas municipales de la provincia de Neuquén,Depósitos por tipo de titular,Saldos a fin de mes,M,En miles de ARS,ME,1999-12-31,2026-07-31,0.0
864,Total de préstamos a empresas municipales de la provincia de Rio Negro,Préstamos por tipo de titular,Saldos a fin de mes,M,En miles de ARS,ME,1999-12-31,2026-07-31,0.0
865,Total de depósitos de empresas municipales de la provincia de Rio Negro,Depósitos por tipo de titular,Saldos a fin de mes,M,En miles de ARS,ME,1999-12-31,2026-07-31,4.0
866,Total de préstamos a empresas municipales de la provincia de Salta,Préstamos por tipo de titular,Saldos a fin de mes,M,En miles de ARS,ME,1999-12-31,2026-07-31,0.0
867,Total de depósitos de empresas municipales de la provincia de Salta,Depósitos por tipo de titular,Saldos a fin de mes,M,En miles de ARS,ME,1999-12-31,2026-07-31,0.0
868,Total de préstamos a empresas municipales de la provincia de San Juan,Préstamos por tipo de titular,Saldos a fin de mes,M,En miles de ARS,ME,1999-12-31,2026-07-31,0.0
869,Total de depósitos de empresas municipales de la provincia de San Juan,Depósitos por tipo de titular,Saldos a fin de mes,M,En miles de ARS,ME,1999-12-31,2026-07-31,0.0
870,Total de préstamos a empresas municipales de la provincia de San Luis,Préstamos por tipo de titular,Saldos a fin de mes,M,En miles de ARS,ME,1999-12-31,2026-07-31,0.0
871,Total de depósitos de empresas municipales de la provincia de San Luis,Depósitos por tipo de titular,Saldos a fin de mes,M,En miles de ARS,ME,1999-12-31,2026-07-31,0.0
872,Total de préstamos a empresas municipales de la provincia de Santa Cruz,Préstamos por tipo de titular,Saldos a fin de mes,M,En miles de ARS,ME,1999-12-31,2026-07-31,0.0
873,Total de depósitos de empresas municipales de la provincia de Santa Cruz,Depósitos por tipo de titular,Saldos a fin de mes,M,En miles de ARS,ME,1999-12-31,2026-07-31,0.0
874,Total de préstamos a empresas municipales de la provincia de Santa Fe,Préstamos por tipo de titular,Saldos a fin de mes,M,En miles de ARS,ME,1999-12-31,2026-07-31,0.0
875,Total de depósitos de empresas municipales de la provincia de Santa Fe,Depósitos por tipo de titular,Saldos a fin de mes,M,En miles de ARS,ME,1999-12-31,2026-07-31,0.0
876,Total de préstamos a empresas municipales de la provincia de Santiago del Estero,Préstamos por tipo de titular,Saldos a fin de mes,M,En miles de ARS,ME,1999-12-31,2026-07-31,0.0
877,Total de depósitos de empresas municipales de la provincia de Santiago del Estero,Depósitos por tipo de titular,Saldos a fin de mes,M,En miles de ARS,ME,1999-12-31,2026-07-31,0.0
878,Total de préstamos a empresas municipales de la provincia de Tierra del Fuego,Préstamos por tipo de titular,Saldos a fin de mes,M,En miles de ARS,ME,1999-12-31,2026-07-31,0.0
879,Total de depósitos de empresas municipales de la provincia de Tierra del Fuego,Depósitos por tipo de titular,Saldos a fin de mes,M,En miles de ARS,ME,1999-12-31,2026-07-31,0.0
880,Total de préstamos a empresas municipales de la provincia de Tucumán,Préstamos por tipo de titular,Saldos a fin de mes,M,En miles de ARS,ME,1999-12-31,2026-07-31,0.0
881,Total de depósitos de empresas municipales de la provincia de Tucumán,Depósitos por tipo de titular,Saldos a fin de mes,M,En miles de ARS,ME,1999-12-31,2026-07-31,0.0
882,Total de préstamos al sector privado no financiero,Préstamos por tipo de titular,Saldos a fin de mes,M,En miles de ARS,MEyML,1999-12-31,2026-07-31,141500629.0
883,Total de préstamos a personas humanas,Préstamos por tipo de titular,Saldos a fin de mes,M,En miles de ARS,MEyML,1999-12-31,2026-07-31,66482786.0
884,Total de préstamos a personas jurídicas,Préstamos por tipo de titular,Saldos a fin de mes,M,En miles de ARS,MEyML,1999-12-31,2026-07-31,75017843.0
885,Total de préstamos a las prestadoras de servicios financieros,Préstamos por tipo de titular,Saldos a fin de mes,M,En miles de ARS,MEyML,1999-12-31,2026-07-31,120854.0
886,Total de préstamos a las compañías de seguros,Préstamos por tipo de titular,Saldos a fin de mes,M,En miles de ARS,MEyML,1999-12-31,2026-07-31,90848.0
887,Total de préstamos a los fondos comunes de inversión,Préstamos por tipo de titular,Saldos a fin de mes,M,En miles de ARS,MEyML,1999-12-31,2026-07-31,3061.0
888,Total de préstamos a las administradoras de fondos de jubilaciones y pensiones,Préstamos por tipo de titular,Saldos a fin de mes,M,En miles de ARS,MEyML,1999-12-31,2026-07-31,0.0
889,Total de préstamos a las sociedades autorizadas para actuar como fiduciario financiero,Préstamos por tipo de titular,Saldos a fin de mes,M,En miles de ARS,MEyML,1999-12-31,2026-07-31,26944.0
890,Total de préstamos a empresas que no son prestadoras de servicios financieros,Préstamos por tipo de titular,Saldos a fin de mes,M,En miles de ARS,MEyML,1999-12-31,2026-07-31,74896990.0
891,Total de préstamos a pequeños y medianos emprendimientos,Préstamos por tipo de titular,Saldos a fin de mes,M,En miles de ARS,MEyML,1999-12-31,2026-07-31,32612418.0
892,Total de préstamos a las empresas no constituidas como pequeños y medianos emprendimientos,Préstamos por tipo de titular,Saldos a fin de mes,M,En miles de ARS,MEyML,1999-12-31,2026-07-31,42284572.0
893,Total de préstamos al sector privado no financiero,Préstamos por tipo de titular,Saldos a fin de mes,M,En miles de ARS,ML,1999-12-31,2026-07-31,104315295.0
894,Total de préstamos a personas humanas,Préstamos por tipo de titular,Saldos a fin de mes,M,En miles de ARS,ML,1999-12-31,2026-07-31,62895624.0
895,Total de préstamos a personas jurídicas,Préstamos por tipo de titular,Saldos a fin de mes,M,En miles de ARS,ML,1999-12-31,2026-07-31,41419671.0
896,Total de préstamos a las prestadoras de servicios financieros,Préstamos por tipo de titular,Saldos a fin de mes,M,En miles de ARS,ML,1999-12-31,2026-07-31,116744.0
897,Total de préstamos a las compañías de seguros,Préstamos por tipo de titular,Saldos a fin de mes,M,En miles de ARS,ML,1999-12-31,2026-07-31,90080.0
898,Total de préstamos a los fondos comunes de inversión,Préstamos por tipo de titular,Saldos a fin de mes,M,En miles de ARS,ML,1999-12-31,2026-07-31,2463.0
899,Total de préstamos a las administradoras de fondos de jubilaciones y pensiones,Préstamos por tipo de titular,Saldos a fin de mes,M,En miles de ARS,ML,1999-12-31,2026-07-31,0.0
900,Total de préstamos a las sociedades autorizadas para actuar como fiduciario financiero,Préstamos por tipo de titular,Saldos a fin de mes,M,En miles de ARS,ML,1999-12-31,2026-07-31,24201.0
901,Total de préstamos a empresas que no son prestadoras de servicios financieros,Préstamos por tipo de titular,Saldos a fin de mes,M,En miles de ARS,ML,1999-12-31,2026-07-31,41302927.0
902,Total de préstamos a pequeños y medianos emprendimientos,Préstamos por tipo de titular,Saldos a fin de mes,M,En miles de ARS,ML,1999-12-31,2026-07-31,22476884.0
903,Total de préstamos a las empresas no constituidas como pequeños y medianos emprendimientos,Préstamos por tipo de titular,Saldos a fin de mes,M,En miles de ARS,ML,1999-12-31,2026-07-31,18826043.0
904,Total de préstamos al sector privado no financiero,Préstamos por tipo de titular,Saldos a fin de mes,M,En miles de ARS,ME,1999-12-31,2026-07-31,37185334.0
905,Total de préstamos a personas humanas,Préstamos por tipo de titular,Saldos a fin de mes,M,En miles de ARS,ME,1999-12-31,2026-07-31,3504130.0
906,Total de préstamos a personas jurídicas,Préstamos por tipo de titular,Saldos a fin de mes,M,En miles de ARS,ME,1999-12-31,2026-07-31,33681204.0
907,Total de préstamos a las prestadoras de servicios financieros,Préstamos por tipo de titular,Saldos a fin de mes,M,En miles de ARS,ME,1999-12-31,2026-07-31,4110.0
908,Total de préstamos a las compañías de seguros,Préstamos por tipo de titular,Saldos a fin de mes,M,En miles de ARS,ME,1999-12-31,2026-07-31,768.0
909,Total de préstamos a los fondos comunes de inversión,Préstamos por tipo de titular,Saldos a fin de mes,M,En miles de ARS,ME,1999-12-31,2026-07-31,598.0
910,Total de préstamos a las administradoras de fondos de jubilaciones y pensiones,Préstamos por tipo de titular,Saldos a fin de mes,M,En miles de ARS,ME,1999-12-31,2026-07-31,0.0
911,Total de préstamos a las sociedades autorizadas para actuar como fiduciario financiero,Préstamos por tipo de titular,Saldos a fin de mes,M,En miles de ARS,ME,1999-12-31,2026-07-31,2743.0
912,Total de préstamos a empresas que no son prestadoras de servicios financieros,Préstamos por tipo de titular,Saldos a fin de mes,M,En miles de ARS,ME,1999-12-31,2026-07-31,33677095.0
913,Total de préstamos a pequeños y medianos emprendimientos,Préstamos por tipo de titular,Saldos a fin de mes,M,En miles de ARS,ME,1999-12-31,2026-07-31,10139570.0
914,Total de préstamos a las empresas no constituidas como pequeños y medianos emprendimientos,Préstamos por tipo de titular,Saldos a fin de mes,M,En miles de ARS,ME,1999-12-31,2026-07-31,23537525.0
915,Total de préstamos hipotecaRíos al sector privado,Préstamos por tipo de titular,Saldos a fin de mes,M,En miles de ARS,MEyML,1999-12-31,2026-07-31,9286312.0
916,Préstamos hipotecarios a personas humanas,Préstamos por tipo de titular,Saldos a fin de mes,M,En miles de ARS,MEyML,1999-12-31,2026-07-31,7393469.0
917,Préstamos hipotecarios a personas jurídicas,Préstamos por tipo de titular,Saldos a fin de mes,M,En miles de ARS,MEyML,1999-12-31,2026-07-31,1892843.0
918,Préstamos hipotecarios a las prestadoras de servicios financieros,Préstamos por tipo de titular,Saldos a fin de mes,M,En miles de ARS,MEyML,1999-12-31,2026-07-31,1330.0
919,Préstamos hipotecarios a las compañías de seguros,Préstamos por tipo de titular,Saldos a fin de mes,M,En miles de ARS,MEyML,1999-12-31,2026-07-31,1137.0
920,Préstamos hipotecarios a los fondos comunes de inversión,Préstamos por tipo de titular,Saldos a fin de mes,M,En miles de ARS,MEyML,1999-12-31,2026-07-31,0.0
921,Préstamos hipotecarios a las administradoras de fondos de jubilaciones y pensiones,Préstamos por tipo de titular,Saldos a fin de mes,M,En miles de ARS,MEyML,1999-12-31,2026-07-31,0.0
922,Préstamos hipotecarios a las sociedades autorizadas para actuar como fiduciario financiero,Préstamos por tipo de titular,Saldos a fin de mes,M,En miles de ARS,MEyML,1999-12-31,2026-07-31,193.0
923,Préstamos hipotecarios a empresas que no son prestadoras de servicios financieros,Préstamos por tipo de titular,Saldos a fin de mes,M,En miles de ARS,MEyML,1999-12-31,2026-07-31,1891513.0
924,Préstamos hipotecarios a pequeños y medianos emprendimientos,Préstamos por tipo de titular,Saldos a fin de mes,M,En miles de ARS,MEyML,1999-12-31,2026-07-31,1426231.0
925,Préstamos hipotecarios a las empresas no constituidas como pequeños y medianos emprendimientos,Préstamos por tipo de titular,Saldos a fin de mes,M,En miles de ARS,MEyML,1999-12-31,2026-07-31,465282.0
926,Total de préstamos hipotecarios al sector privado,Préstamos por tipo de titular,Saldos a fin de mes,M,En miles de ARS,ML,1999-12-31,2026-07-31,8251569.0
927,Préstamos hipotecarios a personas humanas,Préstamos por tipo de titular,Saldos a fin de mes,M,En miles de ARS,ML,1999-12-31,2026-07-31,7231743.0
928,Préstamos hipotecarios a personas jurídicas,Préstamos por tipo de titular,Saldos a fin de mes,M,En miles de ARS,ML,1999-12-31,2026-07-31,1019827.0
929,Préstamos hipotecarios a las prestadoras de servicios financieros,Préstamos por tipo de titular,Saldos a fin de mes,M,En miles de ARS,ML,1999-12-31,2026-07-31,1330.0
930,Préstamos hipotecarios a las compañías de seguros,Préstamos por tipo de titular,Saldos a fin de mes,M,En miles de ARS,ML,1999-12-31,2026-07-31,1137.0
931,Préstamos hipotecarios a los fondos comunes de inversión,Préstamos por tipo de titular,Saldos a fin de mes,M,En miles de ARS,ML,1999-12-31,2026-07-31,0.0
932,Préstamos hipotecarios a las administradoras de fondos de jubilaciones y pensiones,Préstamos por tipo de titular,Saldos a fin de mes,M,En miles de ARS,ML,1999-12-31,2026-07-31,0.0
933,Préstamos hipotecarios a las sociedades autorizadas para actuar como fiduciario financiero,Préstamos por tipo de titular,Saldos a fin de mes,M,En miles de ARS,ML,1999-12-31,2026-07-31,193.0
934,Préstamos hipotecarios a empresas que no son prestadoras de servicios financieros,Préstamos por tipo de titular,Saldos a fin de mes,M,En miles de ARS,ML,1999-12-31,2026-07-31,1018496.0
935,Préstamos hipotecarios a pequeños y medianos emprendimientos,Préstamos por tipo de titular,Saldos a fin de mes,M,En miles de ARS,ML,1999-12-31,2026-07-31,764839.0
936,Préstamos hipotecarios a las empresas no constituidas como pequeños y medianos emprendimientos,Préstamos por tipo de titular,Saldos a fin de mes,M,En miles de ARS,ML,1999-12-31,2026-07-31,253657.0
937,Total de préstamos hipotecarios al sector privado,Préstamos por tipo de titular,Saldos a fin de mes,M,En miles de ARS,ME,1999-12-31,2026-07-31,1034743.0
938,Préstamos hipotecarios a personas humanas,Préstamos por tipo de titular,Saldos a fin de mes,M,En miles de ARS,ME,1999-12-31,2026-07-31,161799.0
939,Préstamos hipotecarios a personas jurídicas,Préstamos por tipo de titular,Saldos a fin de mes,M,En miles de ARS,ME,1999-12-31,2026-07-31,872944.0
940,Préstamos hipotecarios a las prestadoras de servicios financieros,Préstamos por tipo de titular,Saldos a fin de mes,M,En miles de ARS,ME,1999-12-31,2026-07-31,0.0
941,Préstamos hipotecarios a las compañías de seguros,Préstamos por tipo de titular,Saldos a fin de mes,M,En miles de ARS,ME,1999-12-31,2026-07-31,0.0
942,Préstamos hipotecarios a los fondos comunes de inversión,Préstamos por tipo de titular,Saldos a fin de mes,M,En miles de ARS,ME,1999-12-31,2026-07-31,0.0
943,Préstamos hipotecarios a las administradoras de fondos de jubilaciones y pensiones,Préstamos por tipo de titular,Saldos a fin de mes,M,En miles de ARS,ME,1999-12-31,2026-07-31,0.0
944,Préstamos hipotecarios a las sociedades autorizadas para actuar como fiduciario financiero,Préstamos por tipo de titular,Saldos a fin de mes,M,En miles de ARS,ME,1999-12-31,2026-07-31,0.0
945,Préstamos hipotecarios a empresas que no son prestadoras de servicios financieros,Préstamos por tipo de titular,Saldos a fin de mes,M,En miles de ARS,ME,1999-12-31,2026-07-31,872944.0
946,Préstamos hipotecarios a pequeños y medianos emprendimientos,Préstamos por tipo de titular,Saldos a fin de mes,M,En miles de ARS,ME,1999-12-31,2026-07-31,661337.0
947,Préstamos hipotecarios a las empresas no constituidas como pequeños y medianos emprendimientos,Préstamos por tipo de titular,Saldos a fin de mes,M,En miles de ARS,ME,1999-12-31,2026-07-31,211607.0
948,Total de préstamos prendarios al sector privado,Préstamos por tipo de titular,Saldos a fin de mes,M,En miles de ARS,MEyML,1999-12-31,2026-07-31,8368368.0
949,Préstamos prendarios a personas humanas,Préstamos por tipo de titular,Saldos a fin de mes,M,En miles de ARS,MEyML,1999-12-31,2026-07-31,4562916.0
950,Préstamos prendarios a personas jurídicas,Préstamos por tipo de titular,Saldos a fin de mes,M,En miles de ARS,MEyML,1999-12-31,2026-07-31,3805452.0
951,Préstamos prendarios a las prestadoras de servicios financieros,Préstamos por tipo de titular,Saldos a fin de mes,M,En miles de ARS,MEyML,1999-12-31,2026-07-31,1636.0
952,Préstamos prendarios a las compañías de seguros,Préstamos por tipo de titular,Saldos a fin de mes,M,En miles de ARS,MEyML,1999-12-31,2026-07-31,1272.0
953,Préstamos prendarios a los fondos comunes de inversión,Préstamos por tipo de titular,Saldos a fin de mes,M,En miles de ARS,MEyML,1999-12-31,2026-07-31,0.0
954,Préstamos prendarios a las administradoras de fondos de jubilaciones y pensiones,Préstamos por tipo de titular,Saldos a fin de mes,M,En miles de ARS,MEyML,1999-12-31,2026-07-31,0.0
955,Préstamos prendarios a las sociedades autorizadas para actuar como fiduciario financiero,Préstamos por tipo de titular,Saldos a fin de mes,M,En miles de ARS,MEyML,1999-12-31,2026-07-31,364.0
956,Préstamos prendarios a empresas que no son prestadoras de servicios financieros,Préstamos por tipo de titular,Saldos a fin de mes,M,En miles de ARS,MEyML,1999-12-31,2026-07-31,3803816.0
957,Préstamos prendarios a pequeños y medianos emprendimientos,Préstamos por tipo de titular,Saldos a fin de mes,M,En miles de ARS,MEyML,1999-12-31,2026-07-31,2362744.0
958,Préstamos prendarios a las empresas no constituidas como pequeños y medianos emprendimientos,Préstamos por tipo de titular,Saldos a fin de mes,M,En miles de ARS,MEyML,1999-12-31,2026-07-31,1441072.0
959,Total de préstamos prendarios al sector privado,Préstamos por tipo de titular,Saldos a fin de mes,M,En miles de ARS,ML,1999-12-31,2026-07-31,6310623.0
960,Préstamos prendarios a personas humanas,Préstamos por tipo de titular,Saldos a fin de mes,M,En miles de ARS,ML,1999-12-31,2026-07-31,3626319.0
961,Préstamos prendarios a personas jurídicas,Préstamos por tipo de titular,Saldos a fin de mes,M,En miles de ARS,ML,1999-12-31,2026-07-31,2684304.0
962,Préstamos prendarios a las prestadoras de servicios financieros,Préstamos por tipo de titular,Saldos a fin de mes,M,En miles de ARS,ML,1999-12-31,2026-07-31,1492.0
963,Préstamos prendarios a las compañías de seguros,Préstamos por tipo de titular,Saldos a fin de mes,M,En miles de ARS,ML,1999-12-31,2026-07-31,1272.0
964,Préstamos prendarios a los fondos comunes de inversión,Préstamos por tipo de titular,Saldos a fin de mes,M,En miles de ARS,ML,1999-12-31,2026-07-31,0.0
965,Préstamos prendarios a las administradoras de fondos de jubilaciones y pensiones,Préstamos por tipo de titular,Saldos a fin de mes,M,En miles de ARS,ML,1999-12-31,2026-07-31,0.0
966,Préstamos prendarios a las sociedades autorizadas para actuar como fiduciario financiero,Préstamos por tipo de titular,Saldos a fin de mes,M,En miles de ARS,ML,1999-12-31,2026-07-31,220.0
967,Préstamos prendarios a empresas que no son prestadoras de servicios financieros,Préstamos por tipo de titular,Saldos a fin de mes,M,En miles de ARS,ML,1999-12-31,2026-07-31,2682812.0
968,Préstamos prendarios a pequeños y medianos emprendimientos,Préstamos por tipo de titular,Saldos a fin de mes,M,En miles de ARS,ML,1999-12-31,2026-07-31,1351623.0
969,Préstamos prendarios a las empresas no constituidas como pequeños y medianos emprendimientos,Préstamos por tipo de titular,Saldos a fin de mes,M,En miles de ARS,ML,1999-12-31,2026-07-31,1331189.0
970,Total de préstamos prendarios al sector privado,Préstamos por tipo de titular,Saldos a fin de mes,M,En miles de ARS,ME,1999-12-31,2026-07-31,2057745.0
971,Préstamos prendarios a personas humanas,Préstamos por tipo de titular,Saldos a fin de mes,M,En miles de ARS,ME,1999-12-31,2026-07-31,936597.0
972,Préstamos prendarios a personas jurídicas,Préstamos por tipo de titular,Saldos a fin de mes,M,En miles de ARS,ME,1999-12-31,2026-07-31,1121148.0
973,Préstamos prendarios a las prestadoras de servicios financieros,Préstamos por tipo de titular,Saldos a fin de mes,M,En miles de ARS,ME,1999-12-31,2026-07-31,144.0
974,Préstamos prendarios a las compañías de seguros,Préstamos por tipo de titular,Saldos a fin de mes,M,En miles de ARS,ME,1999-12-31,2026-07-31,0.0
975,Préstamos prendarios a los fondos comunes de inversión,Préstamos por tipo de titular,Saldos a fin de mes,M,En miles de ARS,ME,1999-12-31,2026-07-31,0.0
976,Préstamos prendarios a las administradoras de fondos de jubilaciones y pensiones,Préstamos por tipo de titular,Saldos a fin de mes,M,En miles de ARS,ME,1999-12-31,2026-07-31,0.0
977,Préstamos prendarios a las sociedades autorizadas para actuar como fiduciario financiero,Préstamos por tipo de titular,Saldos a fin de mes,M,En miles de ARS,ME,1999-12-31,2026-07-31,144.0
978,Préstamos prendarios a empresas que no son prestadoras de servicios financieros,Préstamos por tipo de titular,Saldos a fin de mes,M,En miles de ARS,ME,1999-12-31,2026-07-31,1121003.0
979,Préstamos prendarios a pequeños y medianos emprendimientos,Préstamos por tipo de titular,Saldos a fin de mes,M,En miles de ARS,ME,1999-12-31,2026-07-31,1009462.0
980,Préstamos prendarios a las empresas no constituidas como pequeños y medianos emprendimientos,Préstamos por tipo de titular,Saldos a fin de mes,M,En miles de ARS,ME,1999-12-31,2026-07-31,111542.0
981,Total de depósitos del sector privado no financiero,Depósitos por tipo de titular,Saldos a fin de mes,M,En miles de ARS,MEyML,1999-12-31,2026-07-31,184971810.0
982,Total de depósitos de personas humanas,Depósitos por tipo de titular,Saldos a fin de mes,M,En miles de ARS,MEyML,1999-12-31,2026-07-31,88402182.0
983,Total de depósitos de personas jurídicas,Depósitos por tipo de titular,Saldos a fin de mes,M,En miles de ARS,MEyML,1999-12-31,2026-07-31,96569627.0
984,Total de depósitos de las prestadoras de servicios financieros,Depósitos por tipo de titular,Saldos a fin de mes,M,En miles de ARS,MEyML,1999-12-31,2026-07-31,50583637.0
985,Total de depósitos de las compañías de seguros,Depósitos por tipo de titular,Saldos a fin de mes,M,En miles de ARS,MEyML,1999-12-31,2026-07-31,615169.0
986,Total de depósitos de los fondos comunes de inversión,Depósitos por tipo de titular,Saldos a fin de mes,M,En miles de ARS,MEyML,1999-12-31,2026-07-31,48098641.0
987,Total de depósitos de las administradoras de fondos de jubilaciones y pensiones,Depósitos por tipo de titular,Saldos a fin de mes,M,En miles de ARS,MEyML,1999-12-31,2026-07-31,0.0
988,Total de depósitos de las sociedades autorizadas para actuar como fiduciario financiero,Depósitos por tipo de titular,Saldos a fin de mes,M,En miles de ARS,MEyML,1999-12-31,2026-07-31,1869826.0
989,Total de depósitos de empresas que no son prestadoras de servicios financieros,Depósitos por tipo de titular,Saldos a fin de mes,M,En miles de ARS,MEyML,1999-12-31,2026-07-31,45985991.0
990,Total de depósitos de pequeños y medianos emprendimientos,Depósitos por tipo de titular,Saldos a fin de mes,M,En miles de ARS,MEyML,1999-12-31,2026-07-31,14353883.0
991,Total de depósitos de las empresas no constituidas como pequeños y medianos emprendimientos,Depósitos por tipo de titular,Saldos a fin de mes,M,En miles de ARS,MEyML,1999-12-31,2026-07-31,31632108.0
992,Total de depósitos del sector privado no financiero,Depósitos por tipo de titular,Saldos a fin de mes,M,En miles de ARS,ML,1999-12-31,2026-07-31,124932980.0
993,Total de depósitos de personas humanas,Depósitos por tipo de titular,Saldos a fin de mes,M,En miles de ARS,ML,1999-12-31,2026-07-31,49282609.0
994,Total de depósitos de personas jurídicas,Depósitos por tipo de titular,Saldos a fin de mes,M,En miles de ARS,ML,1999-12-31,2026-07-31,75650371.0
995,Total de depósitos de las prestadoras de servicios financieros,Depósitos por tipo de titular,Saldos a fin de mes,M,En miles de ARS,ML,1999-12-31,2026-07-31,42980783.0
996,Total de depósitos de las compañías de seguros,Depósitos por tipo de titular,Saldos a fin de mes,M,En miles de ARS,ML,1999-12-31,2026-07-31,506511.0
997,Total de depósitos de los fondos comunes de inversión,Depósitos por tipo de titular,Saldos a fin de mes,M,En miles de ARS,ML,1999-12-31,2026-07-31,41450339.0
998,Total de depósitos de las administradoras de fondos de jubilaciones y pensiones,Depósitos por tipo de titular,Saldos a fin de mes,M,En miles de ARS,ML,1999-12-31,2026-07-31,0.0
999,Total de depósitos de las sociedades autorizadas para actuar como fiduciario financiero,Depósitos por tipo de titular,Saldos a fin de mes,M,En miles de ARS,ML,1999-12-31,2026-07-31,1023934.0
1000,Total de depósitos de empresas que no son prestadoras de servicios financieros,Depósitos por tipo de titular,Saldos a fin de mes,M,En miles de ARS,ML,1999-12-31,2026-07-31,32669588.0
1001,Total de depósitos de pequeños y medianos emprendimientos,Depósitos por tipo de titular,Saldos a fin de mes,M,En miles de ARS,ML,1999-12-31,2026-07-31,11006880.0
1002,Total de depósitos de las empresas no constituidas como pequeños y medianos emprendimientos,Depósitos por tipo de titular,Saldos a fin de mes,M,En miles de ARS,ML,1999-12-31,2026-07-31,21662708.0
1003,Total de depósitos del sector privado no financiero,Depósitos por tipo de titular,Saldos a fin de mes,M,En miles de ARS,ME,1999-12-31,2026-07-31,60038829.0
1004,Total de depósitos de personas humanas,Depósitos por tipo de titular,Saldos a fin de mes,M,En miles de ARS,ME,1999-12-31,2026-07-31,39092875.0
1005,Total de depósitos de personas jurídicas,Depósitos por tipo de titular,Saldos a fin de mes,M,En miles de ARS,ME,1999-12-31,2026-07-31,20945954.0
1006,Total de depósitos de las prestadoras de servicios financieros,Depósitos por tipo de titular,Saldos a fin de mes,M,En miles de ARS,ME,1999-12-31,2026-07-31,7602853.0
1007,Total de depósitos de las compañías de seguros,Depósitos por tipo de titular,Saldos a fin de mes,M,En miles de ARS,ME,1999-12-31,2026-07-31,108659.0
1008,Total de depósitos de los fondos comunes de inversión,Depósitos por tipo de titular,Saldos a fin de mes,M,En miles de ARS,ME,1999-12-31,2026-07-31,6648302.0
1009,Total de depósitos de las administradoras de fondos de jubilaciones y pensiones,Depósitos por tipo de titular,Saldos a fin de mes,M,En miles de ARS,ME,1999-12-31,2026-07-31,0.0
1010,Total de depósitos de las sociedades autorizadas para actuar como fiduciario financiero,Depósitos por tipo de titular,Saldos a fin de mes,M,En miles de ARS,ME,1999-12-31,2026-07-31,845892.0
1011,Total de depósitos de empresas que no son prestadoras de servicios financieros,Depósitos por tipo de titular,Saldos a fin de mes,M,En miles de ARS,ME,1999-12-31,2026-07-31,13343101.0
1012,Total de depósitos de pequeños y medianos emprendimientos,Depósitos por tipo de titular,Saldos a fin de mes,M,En miles de ARS,ME,1999-12-31,2026-07-31,3336562.0
1013,Total de depósitos de las empresas no constituidas como pequeños y medianos emprendimientos,Depósitos por tipo de titular,Saldos a fin de mes,M,En miles de ARS,ME,1999-12-31,2026-07-31,10006539.0
1014,Total de depósitos en cuentas corrientes del sector privado,Depósitos por tipo de titular,Saldos a fin de mes,M,En miles de ARS,MEyML,1999-12-31,2026-07-31,22474715.0
1015,Depósitos en cuentas corrientes de personas humanas,Depósitos por tipo de titular,Saldos a fin de mes,M,En miles de ARS,MEyML,1999-12-31,2026-07-31,1878505.0
1016,Depósitos en cuentas corrientes de personas jurídicas,Depósitos por tipo de titular,Saldos a fin de mes,M,En miles de ARS,MEyML,1999-12-31,2026-07-31,20596210.0
1017,Depósitos en cuentas corrientes de las prestadoras de servicios financieros,Depósitos por tipo de titular,Saldos a fin de mes,M,En miles de ARS,MEyML,1999-12-31,2026-07-31,4643237.0
1018,Depósitos en cuentas corrientes de las compañías de seguros,Depósitos por tipo de titular,Saldos a fin de mes,M,En miles de ARS,MEyML,1999-12-31,2026-07-31,176202.0
1019,Depósitos en cuentas corrientes de los fondos comunes de inversión,Depósitos por tipo de titular,Saldos a fin de mes,M,En miles de ARS,MEyML,1999-12-31,2026-07-31,4207698.0
1020,Depósitos en cuentas corrientes de las administradoras de fondos de jubilaciones y pensiones,Depósitos por tipo de titular,Saldos a fin de mes,M,En miles de ARS,MEyML,1999-12-31,2026-07-31,0.0
1021,Depósitos en cuentas corrientes de las sociedades autorizadas para actuar como fiduciario financiero,Depósitos por tipo de titular,Saldos a fin de mes,M,En miles de ARS,MEyML,1999-12-31,2026-07-31,259337.0
1022,Depósitos en cuentas corrientes de empresas que no son prestadoras de servicios financieros,Depósitos por tipo de titular,Saldos a fin de mes,M,En miles de ARS,MEyML,1999-12-31,2026-07-31,15952973.0
1023,Depósitos en cuentas corrientes de pequeños y medianos emprendimientos,Depósitos por tipo de titular,Saldos a fin de mes,M,En miles de ARS,MEyML,1999-12-31,2026-07-31,5911344.0
1024,Depósitos en cuentas corrientes de las empresas no constituidas como pequeños y medianos emprendimien,Depósitos por tipo de titular,Saldos a fin de mes,M,En miles de ARS,MEyML,1999-12-31,2026-07-31,10041629.0
1025,Total de depósitos en cuentas corrientes del sector privado,Depósitos por tipo de titular,Saldos a fin de mes,M,En miles de ARS,ML,1999-12-31,2026-07-31,22446107.0
1026,Depósitos en cuentas corrientes de personas humanas,Depósitos por tipo de titular,Saldos a fin de mes,M,En miles de ARS,ML,1999-12-31,2026-07-31,1878827.0
1027,Depósitos en cuentas corrientes de personas jurídicas,Depósitos por tipo de titular,Saldos a fin de mes,M,En miles de ARS,ML,1999-12-31,2026-07-31,20567280.0
1028,Depósitos en cuentas corrientes de las prestadoras de servicios financieros,Depósitos por tipo de titular,Saldos a fin de mes,M,En miles de ARS,ML,1999-12-31,2026-07-31,4642865.0
1029,Depósitos en cuentas corrientes de las compañías de seguros,Depósitos por tipo de titular,Saldos a fin de mes,M,En miles de ARS,ML,1999-12-31,2026-07-31,176202.0
1030,Depósitos en cuentas corrientes de los fondos comunes de inversión,Depósitos por tipo de titular,Saldos a fin de mes,M,En miles de ARS,ML,1999-12-31,2026-07-31,4207326.0
1031,Depósitos en cuentas corrientes de las administradoras de fondos de jubilaciones y pensiones,Depósitos por tipo de titular,Saldos a fin de mes,M,En miles de ARS,ML,1999-12-31,2026-07-31,0.0
1032,Depósitos en cuentas corrientes de las sociedades autorizadas para actuar como fiduciario financiero,Depósitos por tipo de titular,Saldos a fin de mes,M,En miles de ARS,ML,1999-12-31,2026-07-31,259337.0
1033,Depósitos en cuentas corrientes de empresas que no son prestadoras de servicios financieros,Depósitos por tipo de titular,Saldos a fin de mes,M,En miles de ARS,ML,1999-12-31,2026-07-31,15924415.0
1034,Depósitos en cuentas corrientes de pequeños y medianos emprendimientos,Depósitos por tipo de titular,Saldos a fin de mes,M,En miles de ARS,ML,1999-12-31,2026-07-31,5907363.0
1035,Depósitos en cuentas corrientes de las empresas no constituidas como pequeños y medianos emprendimien,Depósitos por tipo de titular,Saldos a fin de mes,M,En miles de ARS,ML,1999-12-31,2026-07-31,10017052.0
1036,Total de depósitos en cuentas corrientes del sector privado,Depósitos por tipo de titular,Saldos a fin de mes,M,En miles de ARS,ME,1999-12-31,2026-07-31,28607.0
1037,Depósitos en cuentas corrientes de personas humanas,Depósitos por tipo de titular,Saldos a fin de mes,M,En miles de ARS,ME,1999-12-31,2026-07-31,1.0
1038,Depósitos en cuentas corrientes de personas jurídicas,Depósitos por tipo de titular,Saldos a fin de mes,M,En miles de ARS,ME,1999-12-31,2026-07-31,28606.0
1039,Depósitos en cuentas corrientes de las prestadoras de servicios financieros,Depósitos por tipo de titular,Saldos a fin de mes,M,En miles de ARS,ME,1999-12-31,2026-07-31,372.0
1040,Depósitos en cuentas corrientes de las compañías de seguros,Depósitos por tipo de titular,Saldos a fin de mes,M,En miles de ARS,ME,1999-12-31,2026-07-31,0.0
1041,Depósitos en cuentas corrientes de los fondos comunes de inversión,Depósitos por tipo de titular,Saldos a fin de mes,M,En miles de ARS,ME,1999-12-31,2026-07-31,372.0
1042,Depósitos en cuentas corrientes de las administradoras de fondos de jubilaciones y pensiones,Depósitos por tipo de titular,Saldos a fin de mes,M,En miles de ARS,ME,1999-12-31,2026-07-31,0.0
1043,Depósitos en cuentas corrientes de las sociedades autorizadas para actuar como fiduciario financiero,Depósitos por tipo de titular,Saldos a fin de mes,M,En miles de ARS,ME,1999-12-31,2026-07-31,0.0
1044,Depósitos en cuentas corrientes de empresas que no son prestadoras de servicios financieros,Depósitos por tipo de titular,Saldos a fin de mes,M,En miles de ARS,ME,1999-12-31,2026-07-31,28234.0
1045,Depósitos en cuentas corrientes de pequeños y medianos emprendimientos,Depósitos por tipo de titular,Saldos a fin de mes,M,En miles de ARS,ME,1999-12-31,2026-07-31,1206.0
1046,Depósitos en cuentas corrientes de las empresas no constituidas como pequeños y medianos emprendimien,Depósitos por tipo de titular,Saldos a fin de mes,M,En miles de ARS,ME,1999-12-31,2026-07-31,27028.0
1047,Total de depósitos en caja de ahorros del sector privado,Depósitos por tipo de titular,Saldos a fin de mes,M,En miles de ARS,MEyML,1999-12-31,2026-07-31,76975629.0
1048,Depósitos en caja de ahorros de personas humanas,Depósitos por tipo de titular,Saldos a fin de mes,M,En miles de ARS,MEyML,1999-12-31,2026-07-31,56487555.0
1049,Depósitos en caja de ahorros de personas jurídicas,Depósitos por tipo de titular,Saldos a fin de mes,M,En miles de ARS,MEyML,1999-12-31,2026-07-31,20488074.0
1050,Depósitos en caja de ahorros de las prestadoras de servicios financieros,Depósitos por tipo de titular,Saldos a fin de mes,M,En miles de ARS,MEyML,1999-12-31,2026-07-31,9774595.0
1051,Depósitos en caja de ahorros de las compañías de seguros,Depósitos por tipo de titular,Saldos a fin de mes,M,En miles de ARS,MEyML,1999-12-31,2026-07-31,79188.0
1052,Depósitos en caja de ahorros de los fondos comunes de inversión,Depósitos por tipo de titular,Saldos a fin de mes,M,En miles de ARS,MEyML,1999-12-31,2026-07-31,9423337.0
1053,Depósitos en caja de ahorros de las administradoras de fondos de jubilaciones y pensiones,Depósitos por tipo de titular,Saldos a fin de mes,M,En miles de ARS,MEyML,1999-12-31,2026-07-31,0.0
1054,Depósitos en caja de ahorros de las sociedades autorizadas para actuar como fiduciario financiero,Depósitos por tipo de titular,Saldos a fin de mes,M,En miles de ARS,MEyML,1999-12-31,2026-07-31,272069.0
1055,Depósitos en caja de ahorros de empresas que no son prestadoras de servicios financieros,Depósitos por tipo de titular,Saldos a fin de mes,M,En miles de ARS,MEyML,1999-12-31,2026-07-31,10713479.0
1056,Depósitos en caja de ahorros de pequeños y medianos emprendimientos,Depósitos por tipo de titular,Saldos a fin de mes,M,En miles de ARS,MEyML,1999-12-31,2026-07-31,2698696.0
1057,Depósitos en caja de ahorros de las empresas no constituidas como pequeños y medianos emprendimientos,Depósitos por tipo de titular,Saldos a fin de mes,M,En miles de ARS,MEyML,1999-12-31,2026-07-31,8014783.0
1058,Total de depósitos en caja de ahorros del sector privado,Depósitos por tipo de titular,Saldos a fin de mes,M,En miles de ARS,ML,1999-12-31,2026-07-31,34152741.0
1059,Depósitos en caja de ahorros de personas humanas,Depósitos por tipo de titular,Saldos a fin de mes,M,En miles de ARS,ML,1999-12-31,2026-07-31,24992611.0
1060,Depósitos en caja de ahorros de personas jurídicas,Depósitos por tipo de titular,Saldos a fin de mes,M,En miles de ARS,ML,1999-12-31,2026-07-31,9160130.0
1061,Depósitos en caja de ahorros de las prestadoras de servicios financieros,Depósitos por tipo de titular,Saldos a fin de mes,M,En miles de ARS,ML,1999-12-31,2026-07-31,6883196.0
1062,Depósitos en caja de ahorros de las compañías de seguros,Depósitos por tipo de titular,Saldos a fin de mes,M,En miles de ARS,ML,1999-12-31,2026-07-31,7633.0
1063,Depósitos en caja de ahorros de los fondos comunes de inversión,Depósitos por tipo de titular,Saldos a fin de mes,M,En miles de ARS,ML,1999-12-31,2026-07-31,6871377.0
1064,Depósitos en caja de ahorros de las administradoras de fondos de jubilaciones y pensiones,Depósitos por tipo de titular,Saldos a fin de mes,M,En miles de ARS,ML,1999-12-31,2026-07-31,0.0
1065,Depósitos en caja de ahorros de las sociedades autorizadas para actuar como fiduciario financiero,Depósitos por tipo de titular,Saldos a fin de mes,M,En miles de ARS,ML,1999-12-31,2026-07-31,4186.0
1066,Depósitos en caja de ahorros de empresas que no son prestadoras de servicios financieros,Depósitos por tipo de titular,Saldos a fin de mes,M,En miles de ARS,ML,1999-12-31,2026-07-31,2276934.0
1067,Depósitos en caja de ahorros de pequeños y medianos emprendimientos,Depósitos por tipo de titular,Saldos a fin de mes,M,En miles de ARS,ML,1999-12-31,2026-07-31,187650.0
1068,Depósitos en caja de ahorros de las empresas no constituidas como pequeños y medianos emprendimientos,Depósitos por tipo de titular,Saldos a fin de mes,M,En miles de ARS,ML,1999-12-31,2026-07-31,2089284.0
1069,Total de depósitos en caja de ahorros del sector privado,Depósitos por tipo de titular,Saldos a fin de mes,M,En miles de ARS,ME,1999-12-31,2026-07-31,42822887.0
1070,Depósitos en caja de ahorros de personas humanas,Depósitos por tipo de titular,Saldos a fin de mes,M,En miles de ARS,ME,1999-12-31,2026-07-31,31494539.0
1071,Depósitos en caja de ahorros de personas jurídicas,Depósitos por tipo de titular,Saldos a fin de mes,M,En miles de ARS,ME,1999-12-31,2026-07-31,11328349.0
1072,Depósitos en caja de ahorros de las prestadoras de servicios financieros,Depósitos por tipo de titular,Saldos a fin de mes,M,En miles de ARS,ME,1999-12-31,2026-07-31,2891399.0
1073,Depósitos en caja de ahorros de las compañías de seguros,Depósitos por tipo de titular,Saldos a fin de mes,M,En miles de ARS,ME,1999-12-31,2026-07-31,71556.0
1074,Depósitos en caja de ahorros de los fondos comunes de inversión,Depósitos por tipo de titular,Saldos a fin de mes,M,En miles de ARS,ME,1999-12-31,2026-07-31,2551960.0
1075,Depósitos en caja de ahorros de las administradoras de fondos de jubilaciones y pensiones,Depósitos por tipo de titular,Saldos a fin de mes,M,En miles de ARS,ME,1999-12-31,2026-07-31,0.0
1076,Depósitos en caja de ahorros de las sociedades autorizadas para actuar como fiduciario financiero,Depósitos por tipo de titular,Saldos a fin de mes,M,En miles de ARS,ME,1999-12-31,2026-07-31,267883.0
1077,Depósitos en caja de ahorros de empresas que no son prestadoras de servicios financieros,Depósitos por tipo de titular,Saldos a fin de mes,M,En miles de ARS,ME,1999-12-31,2026-07-31,8436950.0
1078,Depósitos en caja de ahorros de pequeños y medianos emprendimientos,Depósitos por tipo de titular,Saldos a fin de mes,M,En miles de ARS,ME,1999-12-31,2026-07-31,2513808.0
1079,Depósitos en caja de ahorros de las empresas no constituidas como pequeños y medianos emprendimientos,Depósitos por tipo de titular,Saldos a fin de mes,M,En miles de ARS,ME,1999-12-31,2026-07-31,5923142.0
1080,Total de depósitos a plazo fijo del sector privado,Depósitos por tipo de titular,Saldos a fin de mes,M,En miles de ARS,MEyML,1999-12-31,2026-07-31,81864563.0
1081,Depósitos a plazo fijo de personas humanas,Depósitos por tipo de titular,Saldos a fin de mes,M,En miles de ARS,MEyML,1999-12-31,2026-07-31,27638093.0
1082,Depósitos a plazo fijo de personas jurídicas,Depósitos por tipo de titular,Saldos a fin de mes,M,En miles de ARS,MEyML,1999-12-31,2026-07-31,54226470.0
1083,Depósitos a plazo fijo de las prestadoras de servicios financieros,Depósitos por tipo de titular,Saldos a fin de mes,M,En miles de ARS,MEyML,1999-12-31,2026-07-31,36014048.0
1084,Depósitos a plazo fijo de las compañías de seguros,Depósitos por tipo de titular,Saldos a fin de mes,M,En miles de ARS,MEyML,1999-12-31,2026-07-31,344486.0
1085,Depósitos a plazo fijo de los fondos comunes de inversión,Depósitos por tipo de titular,Saldos a fin de mes,M,En miles de ARS,MEyML,1999-12-31,2026-07-31,34331214.0
1086,Depósitos a plazo fijo de las administradoras de fondos de jubilaciones y pensiones,Depósitos por tipo de titular,Saldos a fin de mes,M,En miles de ARS,MEyML,1999-12-31,2026-07-31,0.0
1087,Depósitos a plazo fijo de las sociedades autorizadas para actuar como fiduciario financiero,Depósitos por tipo de titular,Saldos a fin de mes,M,En miles de ARS,MEyML,1999-12-31,2026-07-31,1338348.0
1088,Depósitos a plazo fijo de empresas que no son prestadoras de servicios financieros,Depósitos por tipo de titular,Saldos a fin de mes,M,En miles de ARS,MEyML,1999-12-31,2026-07-31,18212422.0
1089,Depósitos a plazo fijo de pequeños y medianos emprendimientos,Depósitos por tipo de titular,Saldos a fin de mes,M,En miles de ARS,MEyML,1999-12-31,2026-07-31,5558109.0
1090,Depósitos a plazo fijo de las empresas no constituidas como pequeños y medianos emprendimientos,Depósitos por tipo de titular,Saldos a fin de mes,M,En miles de ARS,MEyML,1999-12-31,2026-07-31,12654313.0
1091,Total de depósitos a plazo fijo del sector privado,Depósitos por tipo de titular,Saldos a fin de mes,M,En miles de ARS,ML,1999-12-31,2026-07-31,65378047.0
1092,Depósitos a plazo fijo de personas humanas,Depósitos por tipo de titular,Saldos a fin de mes,M,En miles de ARS,ML,1999-12-31,2026-07-31,20302372.0
1093,Depósitos a plazo fijo de personas jurídicas,Depósitos por tipo de titular,Saldos a fin de mes,M,En miles de ARS,ML,1999-12-31,2026-07-31,45075674.0
1094,Depósitos a plazo fijo de las prestadoras de servicios financieros,Depósitos por tipo de titular,Saldos a fin de mes,M,En miles de ARS,ML,1999-12-31,2026-07-31,31304282.0
1095,Depósitos a plazo fijo de las compañías de seguros,Depósitos por tipo de titular,Saldos a fin de mes,M,En miles de ARS,ML,1999-12-31,2026-07-31,307846.0
1096,Depósitos a plazo fijo de los fondos comunes de inversión,Depósitos por tipo de titular,Saldos a fin de mes,M,En miles de ARS,ML,1999-12-31,2026-07-31,30236038.0
1097,Depósitos a plazo fijo de las administradoras de fondos de jubilaciones y pensiones,Depósitos por tipo de titular,Saldos a fin de mes,M,En miles de ARS,ML,1999-12-31,2026-07-31,0.0
1098,Depósitos a plazo fijo de las sociedades autorizadas para actuar como fiduciario financiero,Depósitos por tipo de titular,Saldos a fin de mes,M,En miles de ARS,ML,1999-12-31,2026-07-31,760398.0
1099,Depósitos a plazo fijo de empresas que no son prestadoras de servicios financieros,Depósitos por tipo de titular,Saldos a fin de mes,M,En miles de ARS,ML,1999-12-31,2026-07-31,13771393.0
1100,Depósitos a plazo fijo de pequeños y medianos emprendimientos,Depósitos por tipo de titular,Saldos a fin de mes,M,En miles de ARS,ML,1999-12-31,2026-07-31,4736020.0
1101,Depósitos a plazo fijo de las empresas no constituidas como pequeños y medianos emprendimientos,Depósitos por tipo de titular,Saldos a fin de mes,M,En miles de ARS,ML,1999-12-31,2026-07-31,9035372.0
1102,Total de depósitos a plazo fijo del sector privado,Depósitos por tipo de titular,Saldos a fin de mes,M,En miles de ARS,ME,1999-12-31,2026-07-31,16486517.0
1103,Depósitos a plazo fijo de personas humanas,Depósitos por tipo de titular,Saldos a fin de mes,M,En miles de ARS,ME,1999-12-31,2026-07-31,7319980.0
1104,Depósitos a plazo fijo de personas jurídicas,Depósitos por tipo de titular,Saldos a fin de mes,M,En miles de ARS,ME,1999-12-31,2026-07-31,9166537.0
1105,Depósitos a plazo fijo de las prestadoras de servicios financieros,Depósitos por tipo de titular,Saldos a fin de mes,M,En miles de ARS,ME,1999-12-31,2026-07-31,4709766.0
1106,Depósitos a plazo fijo de las compañías de seguros,Depósitos por tipo de titular,Saldos a fin de mes,M,En miles de ARS,ME,1999-12-31,2026-07-31,36640.0
1107,Depósitos a plazo fijo de los fondos comunes de inversión,Depósitos por tipo de titular,Saldos a fin de mes,M,En miles de ARS,ME,1999-12-31,2026-07-31,4095177.0
1108,Depósitos a plazo fijo de las administradoras de fondos de jubilaciones y pensiones,Depósitos por tipo de titular,Saldos a fin de mes,M,En miles de ARS,ME,1999-12-31,2026-07-31,0.0
1109,Depósitos a plazo fijo de las sociedades autorizadas para actuar como fiduciario financiero,Depósitos por tipo de titular,Saldos a fin de mes,M,En miles de ARS,ME,1999-12-31,2026-07-31,577950.0
1110,Depósitos a plazo fijo de empresas que no son prestadoras de servicios financieros,Depósitos por tipo de titular,Saldos a fin de mes,M,En miles de ARS,ME,1999-12-31,2026-07-31,4456771.0
1111,Depósitos a plazo fijo de pequeños y medianos emprendimientos,Depósitos por tipo de titular,Saldos a fin de mes,M,En miles de ARS,ME,1999-12-31,2026-07-31,824001.0
1112,Depósitos a plazo fijo de las empresas no constituidas como pequeños y medianos emprendimientos,Depósitos por tipo de titular,Saldos a fin de mes,M,En miles de ARS,ME,1999-12-31,2026-07-31,3632770.0
1113,Préstamos hipotecarios para construcción de viviendas,Préstamos por tipo de titular y destino,Saldos a fin de mes,M,En miles de ARS,MEyML,1999-12-31,2026-07-31,402760.0
1114,Préstamos hipotecarios para refacción de vivienda,Préstamos por tipo de titular y destino,Saldos a fin de mes,M,En miles de ARS,MEyML,1999-12-31,2026-07-31,42907.0
1115,Préstamos hipotecarios para compra de nuevas viviendas,Préstamos por tipo de titular y destino,Saldos a fin de mes,M,En miles de ARS,MEyML,1999-12-31,2026-07-31,3892048.0
1116,Préstamos hipotecarios para compra de viviendas usadas,Préstamos por tipo de titular y destino,Saldos a fin de mes,M,En miles de ARS,MEyML,1999-12-31,2026-07-31,1503244.0
1117,"Préstamos hipotecarios para otras operaciones distinas a construcción, refacción y compra de vivienda",Préstamos por tipo de titular y destino,Saldos a fin de mes,M,En miles de ARS,MEyML,1999-12-31,2026-07-31,3445352.0
1118,Préstamos prendarios para compra de automotores,Préstamos por tipo de titular y destino,Saldos a fin de mes,M,En miles de ARS,MEyML,1999-12-31,2026-07-31,4583714.0
1119,Préstamos prendarios para compra de maquinarias,Préstamos por tipo de titular y destino,Saldos a fin de mes,M,En miles de ARS,MEyML,1999-12-31,2026-07-31,1006588.0
1120,Préstamos prendarios no destinados a la compra de automotores o maquinarias,Préstamos por tipo de titular y destino,Saldos a fin de mes,M,En miles de ARS,MEyML,1999-12-31,2026-07-31,2778067.0
1121,Préstamos hipotecarios para construcción de viviendas,Préstamos por tipo de titular y destino,Saldos a fin de mes,M,En miles de ARS,ML,1999-12-31,2026-07-31,402791.0
1122,Préstamos hipotecarios para refacción de vivienda,Préstamos por tipo de titular y destino,Saldos a fin de mes,M,En miles de ARS,ML,1999-12-31,2026-07-31,42911.0
1123,Préstamos hipotecarios para compra de nuevas viviendas,Préstamos por tipo de titular y destino,Saldos a fin de mes,M,En miles de ARS,ML,1999-12-31,2026-07-31,3891667.0
1124,Préstamos hipotecarios para compra de viviendas usadas,Préstamos por tipo de titular y destino,Saldos a fin de mes,M,En miles de ARS,ML,1999-12-31,2026-07-31,1498905.0
1125,"Préstamos hipotecarios para otras operaciones distinas a construcción, refacción y compra de vivienda",Préstamos por tipo de titular y destino,Saldos a fin de mes,M,En miles de ARS,ML,1999-12-31,2026-07-31,2415295.0
1126,Préstamos prendarios para compra de automotores,Préstamos por tipo de titular y destino,Saldos a fin de mes,M,En miles de ARS,ML,1999-12-31,2026-07-31,4185693.0
1127,Préstamos prendarios para compra de maquinarias,Préstamos por tipo de titular y destino,Saldos a fin de mes,M,En miles de ARS,ML,1999-12-31,2026-07-31,148797.0
1128,Préstamos prendarios no destinados a la compra de automotores o maquinarias,Préstamos por tipo de titular y destino,Saldos a fin de mes,M,En miles de ARS,ML,1999-12-31,2026-07-31,1976133.0
1129,Préstamos hipotecarios para construcción de viviendas,Préstamos por tipo de titular y destino,Saldos a fin de mes,M,En miles de ARS,ME,1999-12-31,2026-07-31,0.0
1130,Préstamos hipotecarios para refacción de vivienda,Préstamos por tipo de titular y destino,Saldos a fin de mes,M,En miles de ARS,ME,1999-12-31,2026-07-31,0.0
1131,Préstamos hipotecarios para compra de nuevas viviendas,Préstamos por tipo de titular y destino,Saldos a fin de mes,M,En miles de ARS,ME,1999-12-31,2026-07-31,682.0
1132,Préstamos hipotecarios para compra de viviendas usadas,Préstamos por tipo de titular y destino,Saldos a fin de mes,M,En miles de ARS,ME,1999-12-31,2026-07-31,4431.0
1133,"Préstamos hipotecarios para otras operaciones distinas a construcción, refacción y compra de vivienda",Préstamos por tipo de titular y destino,Saldos a fin de mes,M,En miles de ARS,ME,1999-12-31,2026-07-31,1029630.0
1134,Préstamos prendarios para compra de automotores,Préstamos por tipo de titular y destino,Saldos a fin de mes,M,En miles de ARS,ME,1999-12-31,2026-07-31,404345.0
1135,Préstamos prendarios para compra de maquinarias,Préstamos por tipo de titular y destino,Saldos a fin de mes,M,En miles de ARS,ME,1999-12-31,2026-07-31,852383.0
1136,Préstamos prendarios no destinados a la compra de automotores o maquinarias,Préstamos por tipo de titular y destino,Saldos a fin de mes,M,En miles de ARS,ME,1999-12-31,2026-07-31,801018.0
1137,Préstamos hipotecarios a personas humanas para construcción de viviendas,Préstamos por tipo de titular y destino,Saldos a fin de mes,M,En miles de ARS,MEyML,1999-12-31,2026-07-31,402760.0
1138,Préstamos hipotecarios a personas humanas para refacción de vivienda,Préstamos por tipo de titular y destino,Saldos a fin de mes,M,En miles de ARS,MEyML,1999-12-31,2026-07-31,42907.0
1139,Préstamos hipotecarios a personas humanas para compra de nuevas viviendas,Préstamos por tipo de titular y destino,Saldos a fin de mes,M,En miles de ARS,MEyML,1999-12-31,2026-07-31,3892048.0
1140,Préstamos hipotecarios a personas humanas para compra de viviendas usadas,Préstamos por tipo de titular y destino,Saldos a fin de mes,M,En miles de ARS,MEyML,1999-12-31,2026-07-31,1503244.0
1141,"Préstamos hipotecarios a personas humanas para otras operaciones distinas a construcción, refacción y compra de vivienda",Préstamos por tipo de titular y destino,Saldos a fin de mes,M,En miles de ARS,MEyML,1999-12-31,2026-07-31,1552509.0
1142,Préstamos prendarios a personas humanas para compra de automotores,Préstamos por tipo de titular y destino,Saldos a fin de mes,M,En miles de ARS,MEyML,1999-12-31,2026-07-31,2914502.0
1143,Préstamos prendarios a personas humanas para compra de maquinarias,Préstamos por tipo de titular y destino,Saldos a fin de mes,M,En miles de ARS,MEyML,1999-12-31,2026-07-31,463803.0
1144,Préstamos prendarios a personas humanas no destinados a la compra de automotores o maquinarias,Préstamos por tipo de titular y destino,Saldos a fin de mes,M,En miles de ARS,MEyML,1999-12-31,2026-07-31,1184612.0
1145,Préstamos hipotecarios a personas humanas para construcción de viviendas,Préstamos por tipo de titular y destino,Saldos a fin de mes,M,En miles de ARS,ML,1999-12-31,2026-07-31,402791.0
1146,Préstamos hipotecarios a personas humanas para refacción de vivienda,Préstamos por tipo de titular y destino,Saldos a fin de mes,M,En miles de ARS,ML,1999-12-31,2026-07-31,42911.0
1147,Préstamos hipotecarios a personas humanas para compra de nuevas viviendas,Préstamos por tipo de titular y destino,Saldos a fin de mes,M,En miles de ARS,ML,1999-12-31,2026-07-31,3891667.0
1148,Préstamos hipotecarios a personas humanas para compra de viviendas usadas,Préstamos por tipo de titular y destino,Saldos a fin de mes,M,En miles de ARS,ML,1999-12-31,2026-07-31,1498905.0
1149,"Préstamos hipotecarios a personas humanas para otras operaciones distinas a construcción, refacción y compra de vivienda",Préstamos por tipo de titular y destino,Saldos a fin de mes,M,En miles de ARS,ML,1999-12-31,2026-07-31,1395469.0
1150,Préstamos prendarios a personas humanas a para compra de automotores a,Préstamos por tipo de titular y destino,Saldos a fin de mes,M,En miles de ARS,ML,1999-12-31,2026-07-31,2738631.0
1151,Préstamos prendarios a personas humanas a para compra de maquinarias a,Préstamos por tipo de titular y destino,Saldos a fin de mes,M,En miles de ARS,ML,1999-12-31,2026-07-31,34741.0
1152,Préstamos prendarios a personas humanas a no destinados a la compra de automotores o maquinarias a,Préstamos por tipo de titular y destino,Saldos a fin de mes,M,En miles de ARS,ML,1999-12-31,2026-07-31,852947.0
1153,Préstamos hipotecarios a personas humanas para construcción de viviendas a,Préstamos por tipo de titular y destino,Saldos a fin de mes,M,En miles de ARS,ME,1999-12-31,2026-07-31,0.0
1154,Préstamos hipotecarios a personas humanas para refacción de vivienda a,Préstamos por tipo de titular y destino,Saldos a fin de mes,M,En miles de ARS,ME,1999-12-31,2026-07-31,0.0
1155,Préstamos hipotecarios a personas humanas para compra de nuevas viviendas a,Préstamos por tipo de titular y destino,Saldos a fin de mes,M,En miles de ARS,ME,1999-12-31,2026-07-31,682.0
1156,Préstamos hipotecarios a personas humanas para compra de viviendas usadas a,Préstamos por tipo de titular y destino,Saldos a fin de mes,M,En miles de ARS,ME,1999-12-31,2026-07-31,4431.0
1157,"Préstamos hipotecarios a personas humanas a para otras operaciones distinas a construcción, refacción y compra de vivienda",Préstamos por tipo de titular y destino,Saldos a fin de mes,M,En miles de ARS,ME,1999-12-31,2026-07-31,156686.0
1158,Préstamos prendarios a personas humanas a para compra de automotores a,Préstamos por tipo de titular y destino,Saldos a fin de mes,M,En miles de ARS,ME,1999-12-31,2026-07-31,180211.0
1159,Préstamos prendarios a personas humanas a para compra de maquinarias a,Préstamos por tipo de titular y destino,Saldos a fin de mes,M,En miles de ARS,ME,1999-12-31,2026-07-31,425631.0
1160,Préstamos prendarios a personas humanas no destinados a la compra de automotores o maquinarias,Préstamos por tipo de titular y destino,Saldos a fin de mes,M,En miles de ARS,ME,1999-12-31,2026-07-31,330756.0
1161,Préstamos hipotecarios a personas jurídicas para construcción de viviendas,Préstamos por tipo de titular y destino,Saldos a fin de mes,M,En miles de ARS,MEyML,1999-12-31,2026-07-31,0.0
1162,Préstamos hipotecarios a personas jurídicas para refacción de vivienda,Préstamos por tipo de titular y destino,Saldos a fin de mes,M,En miles de ARS,MEyML,1999-12-31,2026-07-31,0.0
1163,Préstamos hipotecarios a personas jurídicas para compra de nuevas viviendas,Préstamos por tipo de titular y destino,Saldos a fin de mes,M,En miles de ARS,MEyML,1999-12-31,2026-07-31,0.0
1164,Préstamos hipotecarios a personas jurídicas para compra de viviendas usadas,Préstamos por tipo de titular y destino,Saldos a fin de mes,M,En miles de ARS,MEyML,1999-12-31,2026-07-31,0.0
1165,"Préstamos hipotecarios a personas jurídicas para otras operaciones distinas a construcción, refacción y compra de vivienda",Préstamos por tipo de titular y destino,Saldos a fin de mes,M,En miles de ARS,MEyML,1999-12-31,2026-07-31,1892843.0
1166,Préstamos prendarios a personas jurídicas para compra de automotores,Préstamos por tipo de titular y destino,Saldos a fin de mes,M,En miles de ARS,MEyML,1999-12-31,2026-07-31,1669211.0
1167,Préstamos prendarios a personas jurídicas para compra de maquinarias,Préstamos por tipo de titular y destino,Saldos a fin de mes,M,En miles de ARS,MEyML,1999-12-31,2026-07-31,542786.0
1168,Préstamos prendarios a personas jurídicas no destinados a la compra de automotores o maquinarias,Préstamos por tipo de titular y destino,Saldos a fin de mes,M,En miles de ARS,MEyML,1999-12-31,2026-07-31,1593455.0
1169,Préstamos hipotecarios a personas jurídicas para construcción de viviendas,Préstamos por tipo de titular y destino,Saldos a fin de mes,M,En miles de ARS,ML,1999-12-31,2026-07-31,0.0
1170,Préstamos hipotecarios a personas jurídicas para refacción de vivienda,Préstamos por tipo de titular y destino,Saldos a fin de mes,M,En miles de ARS,ML,1999-12-31,2026-07-31,0.0
1171,Préstamos hipotecarios a personas jurídicas para compra de nuevas viviendas,Préstamos por tipo de titular y destino,Saldos a fin de mes,M,En miles de ARS,ML,1999-12-31,2026-07-31,0.0
1172,Préstamos hipotecarios a personas jurídicas para compra de viviendas usadas,Préstamos por tipo de titular y destino,Saldos a fin de mes,M,En miles de ARS,ML,1999-12-31,2026-07-31,0.0
1173,"Préstamos hipotecarios a personas jurídicas para otras operaciones distinas a construcción, refacción y compra de vivienda",Préstamos por tipo de titular y destino,Saldos a fin de mes,M,En miles de ARS,ML,1999-12-31,2026-07-31,1019827.0
1174,Préstamos prendarios a personas jurídicas para compra de automotores,Préstamos por tipo de titular y destino,Saldos a fin de mes,M,En miles de ARS,ML,1999-12-31,2026-07-31,1447061.0
1175,Préstamos prendarios a personas jurídicas para compra de maquinarias,Préstamos por tipo de titular y destino,Saldos a fin de mes,M,En miles de ARS,ML,1999-12-31,2026-07-31,114056.0
1176,Préstamos prendarios a personas jurídicas no destinados a la compra de automotores o maquinarias,Préstamos por tipo de titular y destino,Saldos a fin de mes,M,En miles de ARS,ML,1999-12-31,2026-07-31,1123187.0
1177,Préstamos hipotecarios a personas jurídicas para construcción de viviendas,Préstamos por tipo de titular y destino,Saldos a fin de mes,M,En miles de ARS,ME,1999-12-31,2026-07-31,0.0
1178,Préstamos hipotecarios a personas jurídicas para refacción de vivienda,Préstamos por tipo de titular y destino,Saldos a fin de mes,M,En miles de ARS,ME,1999-12-31,2026-07-31,0.0
1179,Préstamos hipotecarios a personas jurídicas para compra de nuevas viviendas,Préstamos por tipo de titular y destino,Saldos a fin de mes,M,En miles de ARS,ME,1999-12-31,2026-07-31,0.0
1180,Préstamos hipotecarios a personas jurídicas para compra de viviendas usadas,Préstamos por tipo de titular y destino,Saldos a fin de mes,M,En miles de ARS,ME,1999-12-31,2026-07-31,0.0
1181,"Préstamos hipotecarios a personas jurídicas para otras operaciones distinas a construcción, refacción y compra de vivienda",Préstamos por tipo de titular y destino,Saldos a fin de mes,M,En miles de ARS,ME,1999-12-31,2026-07-31,872944.0
1182,Préstamos prendarios a personas jurídicas para compra de automotores,Préstamos por tipo de titular y destino,Saldos a fin de mes,M,En miles de ARS,ME,1999-12-31,2026-07-31,224134.0
1183,Préstamos prendarios a personas jurídicas para compra de maquinarias,Préstamos por tipo de titular y destino,Saldos a fin de mes,M,En miles de ARS,ME,1999-12-31,2026-07-31,426752.0
1184,Préstamos prendarios a personas jurídicas no destinados a la compra de automotores o maquinarias,Préstamos por tipo de titular y destino,Saldos a fin de mes,M,En miles de ARS,ME,1999-12-31,2026-07-31,470262.0
1185,Total de préstamos al sector privado no financiero,Préstamos por tipo de titular y destino,Saldos a fin de mes,M,En miles de ARS,ME,1999-12-31,2026-07-31,141500629.0
1186,Total de préstamos a personas humanas,Préstamos por tipo de titular y destino,Saldos a fin de mes,M,En miles de ARS,ME,1999-12-31,2026-07-31,66482786.0
1187,Régimen de bandas cambiarias. Límite inferior,Principales Variables,Tipo de cambio,D,Pesos argentinos por dólar estadounidense,ML,2025-04-14,2026-09-25,726.85
1188,Régimen de bandas cambiarias. Límite superior,Principales Variables,Tipo de cambio,D,Pesos argentinos por dólar estadounidense,ML,2025-04-14,2026-09-25,1912.76
1189,Tasa de interés de depósitos a plazo fijo en pesos,Series.xlsm,Tasa de interés,D,En porcentaje nominal anual,ML,2003-01-02,2026-09-23,22.19
1190,Tasa de interés de depósitos a plazo fijo en pesos de personas humanas,Series.xlsm,Tasa de interés,D,En porcentaje nominal anual,ML,2010-01-04,2026-09-23,19.72
1191,Tasa de interés de depósitos a plazo fijo en pesos de prestadores de servicios financieros,Series.xlsm,Tasa de interés,D,En porcentaje efectivo anual,ML,2010-01-04,2026-09-23,23.79
1192,Tasa de interés de depósitos a plazo fijo en pesos de otras personas jurídicas,Series.xlsm,Tasa de interés,D,En porcentaje nominal anual,ML,2010-01-04,2026-09-23,22.44
1193,Tasa de interés de depósitos a plazo fijo en dólares,Series.xlsm,Tasa de interés,D,En porcentaje nominal anual,ME,2003-01-02,2026-09-23,1.3
1194,Tasa de interés de depósitos a plazo fijo en dólares de personas humanas,Series.xlsm,Tasa de interés,D,En porcentaje nominal anual,ME,2010-01-04,2026-09-23,1.39
1195,Tasa de interés de depósitos a plazo fijo en dólares de personas jurídicas,Series.xlsm,Tasa de interés,D,En porcentaje nominal anual,ME,2010-01-04,2026-09-23,1.07
1196,Tasa de interés de depósitos a la vista remunerados en pesos de prestadores de servicios financieros,Series.xlsm,Tasa de interés,D,En porcentaje nominal anual,ML,2018-01-02,2026-09-23,13.85
1197,"Tasa de Intereses Moratorios (TIM)  CCC, art. 768(c)",Principales Variables,Tasa de interés,D,En porcentaje,ML,1993-06-03,2026-09-25,167111.9928
1198,"Tasa pasiva Ley 27.802, art. 55(a)",Principales Variables,Tasa de interés,D,En porcentaje,ML,1993-06-03,2026-09-25,95539.3503
1199,Tasa de interés de adelantos en cuenta corriente a tasa fija ,Informe Monetario Diario,Tasa de interés,M,En porcentaje nominal anual,ML,1990-01-31,2026-08-31,39.37
1200,Efectivo en moneda extranjera en entidades financieras ,Informe Monetario Diario,Saldos,D,En millones de USD,ME,1996-01-02,2026-09-22,4307.0
1201,Líneas del exterior comerciales (obligaciones de las entidades financieras con entidades del exterior),Informe Monetario Diario,Saldos,D,En millones de USD,ME,2001-01-02,2026-09-22,2065.0
1202,Líneas del exterior financieras (obligaciones de las entidades financieras con entidades del exterior),Informe Monetario Diario,Saldos,D,En millones de USD,ME,2001-01-02,2026-09-22,643.0
1203,Tasas de interés de depósitos en cajas de ahorro,Tasas de interés de depósitos,Tasa de interés,D,En porcentaje nominal anual,ML,1990-01-05,2026-09-23,5.12
1204,Tasa de interés del total de depósitos a plazo fijo,Tasas de interés de depósitos,Tasa de interés,D,En porcentaje nominal anual,ML,1993-04-01,2026-09-23,22.19
1205,Tasa de interés de depósitos a plazo fijo de 7 a 59 días,Tasas de interés de depósitos,Tasa de interés,D,En porcentaje nominal anual,ML,1993-04-01,2026-09-23,22.28
1207,Tasa de interés de depósitos a plazo fijo de 30 días,Tasas de interés de depósitos,Tasa de interés,D,En porcentaje nominal anual,ML,1985-08-26,2026-09-23,21.87
1208,Tasa de interés de depósitos a plazo fijo de 60 días o más,Tasas de interés de depósitos,Tasa de interés,D,En porcentaje nominal anual,ML,1993-04-01,2026-09-23,19.56
1209,Tasas de interés de depósitos en cajas de ahorro,Tasas de interés de depósitos,Tasa de interés,D,En porcentaje nominal anual,ME,1994-01-03,2026-09-23,0.23
1210,Tasa de interés del total de depósitos a plazo fijo,Tasas de interés de depósitos,Tasa de interés,D,En porcentaje nominal anual,ME,1994-01-03,2026-09-23,1.31
1211,Tasa de interés de depósitos a plazo fijo de 7 a 59 días,Tasas de interés de depósitos,Tasa de interés,D,En porcentaje nominal anual,ME,1994-01-03,2026-09-23,1.15
1213,Tasa de interés de depósitos a plazo fijo de 30 días,Tasas de interés de depósitos,Tasa de interés,D,En porcentaje nominal anual,ME,1994-08-01,2026-09-23,1.15
1214,Tasa de interés de depósitos a plazo fijo de 60 días o más,Tasas de interés de depósitos,Tasa de interés,D,En porcentaje nominal anual,ME,1994-01-03,2026-09-23,1.81
1215,Tasa de interés de financiaciones con tarjetas de crédito,Informe Monetario Diario,Tasa de interés,M,En porcentaje nominal anual,ML,2002-01-31,2026-08-31,79.29
1216,Tasa de interés de documentos a sola firma a tasa fija ,Informe Monetario Diario,Tasa de interés,M,En porcentaje nominal anual,ML,1993-06-30,2026-08-31,31.07
1217,Tasa de interés de préstamos hipotecarios a tasa fija ,Informe Monetario Diario,Tasa de interés,M,En porcentaje nominal anual,ML,1993-06-30,2026-08-31,32.12
1218,Tasa de interés de préstamos prendarios a tasa fija ,Informe Monetario Diario,Tasa de interés,M,En porcentaje nominal anual,ML,1993-06-30,2026-08-31,17.61
1219,Tasa de interés de préstamos personales a tasa fija ,Informe Monetario Diario,Tasa de interés,M,En porcentaje nominal anual,ML,2002-01-31,2026-08-31,65.78
1220,Tasa de interés de financiaciones con tarjetas de crédito con tasa distinta de cero,Informe Monetario Diario,Tasa de interés,M,En porcentaje nominal anual,ML,2010-07-31,2026-08-31,79.29
1221,Liquidez en pesos de las entidades financieras,Informe Monetario Diario,Cociente,D,Porcentaje de depósitos,ML,2017-07-03,2026-09-21,47.58
1222,Cheques Cancelatorios en moneda extranjera y Certificados de Depósitos para la Inversión (CEDIN),Informe Monetario Diario,Saldos,D,En millones de USD,ME,2018-01-02,2026-09-21,16.0
1223,LEGAR y LEMIN ,Informe Monetario Diario,Saldos,D,En millones de ARS,ML,2021-02-08,2026-09-22,249148.6828
1224,Créditos del BCRA al sistema financiero,Informe Monetario Diario,Saldos,D,En millones de ARS,ML,2011-11-11,2026-09-22,238994.596
1225,Adelantos transitorios del BCRA al Gobierno Nacional,Informe Monetario Diario,Saldos,D,En millones de ARS,ML,2003-01-02,2026-09-22,4091100.3704
1226,Reservas Internacionales expresadas en pesos,Informe Monetario Diario,Saldos,D,En millones de ARS,ML,2003-01-02,2026-09-22,74794299.8902
1227,Tasa de interes de depósitos a plazo fijo UVA,Informe Monetario Diario,Tasa de interés,D,En porcentaje nominal anual,ML,2016-06-23,2026-09-22,0.36
1228,Liquidez de las entidades financieras en pesos y en moneda extranjera,Informe Monetario Diario,Cociente,D,Porcentaje de depósitos,MEyML,2004-12-31,2026-05-07,47.7
1229,Depósitos del sector público,Informe Monetario Diario,Saldos,D,En millones de ARS,ML,2003-01-02,2026-05-07,27011173.0
1230,Depósitos a la vista del sector público (cuentas corrientes y cajas de ahorro),Informe Monetario Diario,Saldos,D,En millones de ARS,ML,2003-01-02,2026-05-07,9434436.0
1231,Depósitos a plazo del sector público (a plazo fijo e inversiones),Informe Monetario Diario,Saldos,D,En millones de ARS,ML,2003-01-02,2026-05-07,16757781.0
1232,M1  (billetes y monedas en poder del público+cheques cancelatorios en pesos+ cuentas corrientes del s. priv. s. púb. en pesos),Informe Monetario Diario,Saldos,D,En millones de ARS,ML,2003-01-02,2026-05-07,51264337.3629
1233,M2 (M1 + cajas de ahorro del s. privado y del s. público en pesos),Informe Monetario Diario,Saldos,D,En millones de ARS,ML,2003-01-02,2026-05-07,82592867.3629
1234,M3 (M2 + depósitos a plazo y otros depósitos del s. privado y s. público en pesos),Informe Monetario Diario,Saldos,D,En millones de ARS,ML,2003-01-02,2026-05-07,167253222.3629
1235,Préstamos otorgados al sector privado mediante adelantos y documentos,Informe Monetario Diario,Saldos,D,En millones de ARS,MEyML,2003-01-02,2026-05-07,55624754.12
1236,Préstamos personales y mediante tarjetas de crédito,Informe Monetario Diario,Saldos,D,En millones de ARS,MEyML,2003-01-02,2026-05-07,44889752.987
1237,Préstamos hipotecarios y prendarios otorgados al sector privado,Informe Monetario Diario,Saldos,D,En millones de ARS,MEyML,2003-01-02,2026-05-07,16200064.998
1238,Otros préstamos otorgados al sector privado,Informe Monetario Diario,Saldos,D,En millones de ARS,MEyML,2003-01-02,2026-05-07,10799957.613
1239,M2 Privado (billetes y monedas en poder del público+ cheques cancelatorios en pesos+cuentas corrientes y cajas de ahorros en pesos del sector privado),Informe Monetario Diario,Saldos,D,En millones de ARS,ML,2017-01-02,2026-05-22,68835988.0
1240,Tasa de interés de préstamos hipotecarios de UVA,Informe Monetario Diario,Tasa de interés,M,En porcentaje nominal anual,ML,2016-05-31,2026-08-31,6.91
1241,Depósitos a la vista del sector privado (cuentas corrientes y cajas de ahorro),Informe Monetario Diario,Saldos,D,En millones de ARS,ML,2003-01-02,2026-05-07,49862244.0
1242,Depósitos a plazo del sector privado (a plazo fijo e inversiones),Informe Monetario Diario,Saldos,D,En millones de ARS,ML,2003-01-02,2026-05-07,65136839.0
1243,Cuentas corrientes en moneda extranjera en el BCRA,Informe Monetario Diario,Saldos,D,En millones de USD,ME,2003-01-02,2026-09-22,15416.2664
1244,Reservas internacionales,Activos y pasivos del BCRA,Saldos,D,En millones de USD,ME,1996-01-03,2026-09-22,49412.0
1245,"Oro, divisas, colocaciones a plazo y otros activos incluidos en las reservas internacionales",Activos y pasivos del BCRA,Saldos,D,En millones de USD,ME,1996-01-02,2026-09-22,49412.0
1246,Integración de requisitos de liquidez en corresponsales del exterior,Activos y pasivos del BCRA,Saldos,D,En millones de USD,ME,1996-01-02,2002-02-28,12.0
1247,Pasivos monetarios (base monetaria + depósitos y otros pasivos monetarios en moneda extranjera),Activos y pasivos del BCRA,Saldos,D,En millones de ARS,ME,1996-01-02,2026-09-22,69911703.0
1248,Base monetaria,Activos y pasivos del BCRA,Saldos,D,En millones de ARS,ML,1996-01-02,2026-09-22,46551946.0
1249,Circulación monetaria,Activos y pasivos del BCRA,Saldos,D,En millones de ARS,ML,1996-01-02,2026-09-22,28508571.0
1250,Cuenta corriente en pesos en el BCRA,Activos y pasivos del BCRA,Saldos,D,En millones de ARS,ML,2001-06-01,2026-09-22,18043375.0
1251,Cuenta corriente en pesos en el BCRA de fondos para el pago de órdenes de pago previsional,Activos y pasivos del BCRA,Saldos,D,En millones de ARS,ML,2001-06-01,2026-09-22,0.0
1252,Cuenta corriente en pesos en el BCRA de fondos no utilizados para el pago de órdenes de pago previsional,Activos y pasivos del BCRA,Saldos,D,En millones de ARS,ML,2001-06-01,2026-09-22,18043375.0
1253,Fondo de liquidez bancaria en pesos,Activos y pasivos del BCRA,Saldos,D,En millones de ARS,ML,2001-12-28,2026-09-22,0.0
1254,Depósitos y otros pasivos monetarios en moneda extranjera en el BCRA,Activos y pasivos del BCRA,Saldos,D,En millones de ARS,ME,1996-01-02,2026-09-22,23359757.0
1255,Fondo de liquidez bancaria en moneda extranjera,Activos y pasivos del BCRA,Saldos,D,En millones de ARS,ME,2001-12-28,2026-09-22,0.0
1256,Cuenta corriente en moneda extranjera en el BCRA,Activos y pasivos del BCRA,Saldos,D,En millones de ARS,ME,1996-01-02,2026-09-22,23335353.0
1257,Cedin y cheques cancelatorios en moneda extranjera,Activos y pasivos del BCRA,Saldos,D,En millones de ARS,ME,2010-11-23,2026-09-22,24404.0
1258,"Lebac, nobac y otras letras emitidas por el BCRA en pesos (no incluye leliq ni notaliq)",Activos y pasivos del BCRA,Saldos,D,En millones de ARS,ML,2002-03-15,2026-09-22,249149.0
1259,"Lebac, nobac y otras letras emitidas por el BCRA en moneda extranjera",Activos y pasivos del BCRA,Saldos,D,En millones de ARS,ME,2002-03-15,2026-09-22,7401439.0
1260,Leliq y notaliq,Activos y pasivos del BCRA,Saldos,D,En millones de ARS,ML,2018-01-02,2026-09-22,0.0
1261,Posición neta de pases (pasivos - activos),Activos y pasivos del BCRA,Saldos,D,En millones de ARS,ML,1996-01-02,2026-09-22,0.0
1262,Posición de pases pasivos,Activos y pasivos del BCRA,Saldos,D,En millones de ARS,ML,1996-01-02,2026-09-22,0.0
1263,Posición de pases activos,Activos y pasivos del BCRA,Saldos,D,En millones de ARS,ML,1996-01-02,2026-09-22,0.0
1264,Depósitos del gobierno en el BCRA,Activos y pasivos del BCRA,Saldos,D,En millones de ARS,ML,1996-01-02,2026-09-22,11436950.0
1265,Depósitos del gobierno en el BCRA en pesos,Activos y pasivos del BCRA,Saldos,D,En millones de ARS,ML,2024-01-02,2026-09-22,8060213.0
1266,Depósitos del gobierno en el BCRA en moneda extranjera,Activos y pasivos del BCRA,Saldos,D,En millones de ARS,ME,2024-01-02,2026-09-22,3376736.0
1267,Redescuentos y adelantos por iliquidez otorgados al sistema financiero,Activos y pasivos del BCRA,Saldos,D,En millones de ARS,ML,2002-01-02,2026-09-22,0.0
1268,Adelantos transitorios del BCRA al gobierno nacional,Activos y pasivos del BCRA,Saldos,D,En millones de ARS,ML,2003-01-02,2026-09-22,4091100.3704
1269,Monto acumulado del rescate de cuasimonedas,Activos y pasivos del BCRA,Monto,D,En millones de ARS,ML,2003-01-02,2005-12-31,7209.0
1270,Asignaciones de DEGS 2009,Activos y pasivos del BCRA,Saldos,D,En millones de USD,ME,2009-08-28,2009-12-31,0.0
1271,Efectivo en entidades financieras,Préstamos por línea,Saldos,D,En millones de ARS,ML,1984-03-01,2026-09-22,2069185000.0
1272,Depósitos de las entidades financieras en entidades financieras,Préstamos por línea,Saldos,D,En millones de ARS,ML,1999-12-30,2026-09-22,18001139.0
1273,Títulos valores en cartera de las entidades financieras,Préstamos por línea,Saldos,D,En millones de ARS,ML,1999-12-30,2026-09-22,104095070.0
1274,Certificados de participación en fideicomisos financieros,Préstamos por línea,Saldos,D,En millones de ARS,ML,1999-12-30,2026-09-22,1136607.0
1275,Total de préstamos otorgados al total de sectores,Préstamos por línea,Saldos,D,En millones de ARS,ML,1999-12-30,2026-09-22,111841692.0
1276,Total de préstamos de efectivo otorgados al total de sectores,Préstamos por línea,Saldos,D,En millones de ARS,ML,1996-04-01,2026-09-22,111270192.0
1277,Adelantos en cuenta corriente otorgados al total de sectores,Préstamos por línea,Saldos,D,En millones de ARS,ML,1999-12-30,2026-09-22,10276673.0
1278,Otros adelantos otorgados al total de sectores,Préstamos por línea,Saldos,D,En millones de ARS,ML,1999-12-30,2026-09-22,657564.0
1279,Documentos a sola firma otorgados al total de sectores,Préstamos por línea,Saldos,D,En millones de ARS,ML,1999-12-30,2026-09-22,17701217.0
1280,Descuento de documentos al total de sectores,Préstamos por línea,Saldos,D,En millones de ARS,ML,1999-12-30,2026-09-22,8032689.0
1281,Documentos comprados otorgados al total de sectores,Préstamos por línea,Saldos,D,En millones de ARS,ML,1999-12-30,2026-09-22,2729014.0
1282,Préstamos hipotecarios otorgados al total de sectores,Préstamos por línea,Saldos,D,En millones de ARS,ML,1999-12-30,2026-09-22,8954648.0
1283,Préstamos prendarios otorgados al total de sectores,Préstamos por línea,Saldos,D,En millones de ARS,ML,1999-12-30,2026-09-22,6520369.0
1284,Préstamos personales otorgados al total de sectores,Préstamos por línea,Saldos,D,En millones de ARS,ML,1999-12-30,2026-09-22,22026206.0
1285,Financiaciones mediante tarjetas de crédito al total de sectores,Préstamos por línea,Saldos,D,En millones de ARS,ML,1999-12-30,2026-09-22,24080324.0
1286,Créditos documentarios otorgados al total de sectores,Préstamos por línea,Saldos,D,En millones de ARS,ML,1999-12-30,2026-09-22,233.0
1287,"Otros préstamos otorgados al total de sectores (excluye adelantos, documentos, personales, hipotecarios, prendarios y tarjetas de crédito)",Préstamos por línea,Saldos,D,En millones de ARS,ML,1999-12-30,2026-09-22,10291254.0
1288,Préstamos de títulos valores públicos del país al total de sectores,Préstamos por línea,Saldos,D,En millones de ARS,ML,1999-12-30,2026-09-22,571500.0
1289,Préstamos de títulos privados al total de sectores,Préstamos por línea,Saldos,D,En millones de ARS,ML,1999-12-30,2026-09-22,0.0
1290,Préstamos de otros activos financieros (excluye préstamos de efectivo y de titulos valores) al total de sectores,Préstamos por línea,Saldos,D,En millones de ARS,ML,1999-12-30,2026-09-22,0.0
1291,Intereses documentados del total de sectores,Préstamos por línea,Saldos,D,En millones de ARS,ML,1999-12-30,2026-09-22,959927.0
1292,Efectivo en entidades financieras,Préstamos por línea,Saldos,D,En millones de USD,ME,1996-01-02,2026-09-22,4307.0
1293,Depósitos de las entidades financieras en entidades financieras,Préstamos por línea,Saldos,D,En millones de USD,ME,1999-12-30,2026-09-22,15296.0
1294,Títulos valores en cartera de las entidades financieras,Préstamos por línea,Saldos,D,En millones de USD,ME,1999-12-30,2026-09-22,6643.0
1295,Certificados de participación en fideicomisos financieros,Préstamos por línea,Saldos,D,En millones de USD,ME,1999-12-30,2026-09-22,32.0
1296,Total de préstamos otorgados al total de sectores,Préstamos por línea,Saldos,D,En millones de USD,ME,1999-12-30,2026-09-22,26322.0
1297,Total de préstamos de efectivo otorgados al total de sectores,Préstamos por línea,Saldos,D,En millones de USD,ME,1996-04-01,2026-09-22,26275.0
1298,Adelantos en cuenta corriente otorgados al total de sectores,Préstamos por línea,Saldos,D,En millones de USD,ME,1999-12-30,2026-09-22,0.0
1299,Otros adelantos otorgados al total de sectores,Préstamos por línea,Saldos,D,En millones de USD,ME,1999-12-30,2026-09-22,223.0
1300,Documentos a sola firma otorgados al total de sectores,Préstamos por línea,Saldos,D,En millones de USD,ME,1999-12-30,2026-09-22,19378.0
1301,Descuento de documentos al total de sectores,Préstamos por línea,Saldos,D,En millones de USD,ME,1999-12-30,2026-09-22,0.0
1302,Documentos comprados otorgados al total de sectores,Préstamos por línea,Saldos,D,En millones de USD,ME,1999-12-30,2026-09-22,21.0
1303,Préstamos hipotecarios otorgados al total de sectores,Préstamos por línea,Saldos,D,En millones de USD,ME,1999-12-30,2026-09-22,833.0
1304,Préstamos prendarios otorgados al total de sectores,Préstamos por línea,Saldos,D,En millones de USD,ME,1999-12-30,2026-09-22,1408.0
1305,Préstamos personales otorgados al total de sectores,Préstamos por línea,Saldos,D,En millones de USD,ME,1999-12-30,2026-09-22,4.0
1306,Financiaciones mediante tarjetas de crédito al total de sectores,Préstamos por línea,Saldos,D,En millones de USD,ME,1999-12-30,2026-09-22,752.0
1307,Créditos documentarios otorgados al total de sectores,Préstamos por línea,Saldos,D,En millones de USD,ME,1999-12-30,2026-09-22,52.0
1308,"Otros préstamos otorgados al total de sectores (excluye adelantos, documentos, personales, hipotecarios, prendarios y tarjetas de crédito)",Préstamos por línea,Saldos,D,En millones de USD,ME,1999-12-30,2026-09-22,3604.0
1309,Préstamos de títulos valores públicos del país al total de sectores,Préstamos por línea,Saldos,D,En millones de USD,ME,1999-12-30,2026-09-22,47.0
1310,Préstamos de títulos privados al total de sectores,Préstamos por línea,Saldos,D,En millones de USD,ME,1999-12-30,2026-09-22,0.0
1311,Préstamos de otros activos financieros (excluye préstamos de efectivo y de titulos valores) al total de sectores,Préstamos por línea,Saldos,D,En millones de USD,ME,1999-12-30,2026-09-22,0.0
1312,Intereses documentados del total de sectores,Préstamos por línea,Saldos,D,En millones de USD,ME,1999-12-30,2026-09-22,4.0
1313,Total de préstamos otorgados al sector público,Préstamos por línea,Saldos,D,En millones de ARS,ML,1999-12-30,2026-09-22,651778.0
1314,Total de préstamos totales de efectivo otorgados al sector público,Préstamos por línea,Saldos,D,En millones de ARS,ML,1996-04-01,2026-09-22,651778.0
1315,Adelantos en cuenta corriente otorgados al sector público,Préstamos por línea,Saldos,D,En millones de ARS,ML,1999-12-30,2026-09-22,121656.0
1316,Otros adelantos otorgados al sector público,Préstamos por línea,Saldos,D,En millones de ARS,ML,1999-12-30,2026-09-22,1097.0
1317,Documentos a sola firma otorgados al sector público,Préstamos por línea,Saldos,D,En millones de ARS,ML,1999-12-30,2026-09-22,55201.0
1318,Descuento de documentos al sector público,Préstamos por línea,Saldos,D,En millones de ARS,ML,1999-12-30,2026-09-22,28789.0
1319,Documentos comprados otorgados al sector público,Préstamos por línea,Saldos,D,En millones de ARS,ML,1999-12-30,2026-09-22,3057.0
1320,Préstamos hipotecarios otorgados al sector público,Préstamos por línea,Saldos,D,En millones de ARS,ML,1999-12-30,2026-09-22,0.0
1321,Préstamos prendarios otorgados al sector público,Préstamos por línea,Saldos,D,En millones de ARS,ML,1999-12-30,2026-09-22,27845.0
1322,Préstamos personales otorgados al sector público,Préstamos por línea,Saldos,D,En millones de ARS,ML,1999-12-30,2026-09-22,0.0
1323,Financiaciones mediante tarjetas de crédito al sector público,Préstamos por línea,Saldos,D,En millones de ARS,ML,1999-12-30,2026-09-22,22753.0
1324,Créditos documentarios otorgados al sector público,Préstamos por línea,Saldos,D,En millones de ARS,ML,1999-12-30,2026-09-22,0.0
1325,"Otros préstamos que no son adelandos, documentos, personales, hipotecarios y por el uso de tarjeras de crédito otorgados al sector público",Préstamos por línea,Saldos,D,En millones de ARS,ML,1999-12-30,2026-09-22,391378.0
1326,Intereses documentados de préstamos al sector público,Préstamos por línea,Saldos,D,En millones de ARS,ML,1999-12-30,2026-09-22,94.0
1327,Total de préstamos otorgados al sector público,Préstamos por línea,Saldos,D,En millones de USD,ME,1999-12-30,2026-09-22,98.0
1328,Total de préstamos de efectivo otorgados al sector público,Préstamos por línea,Saldos,D,En millones de USD,ME,1996-04-01,2026-09-22,98.0
1329,Adelantos en cuenta corriente otorgados al sector público,Préstamos por línea,Saldos,D,En millones de USD,ME,1999-12-30,2026-09-22,0.0
1330,Otros adelantos otorgados al sector público,Préstamos por línea,Saldos,D,En millones de USD,ME,1999-12-30,2026-09-22,0.0
1331,Documentos a sola firma otorgados al sector público,Préstamos por línea,Saldos,D,En millones de USD,ME,1999-12-30,2026-09-22,0.0
1332,Descuento de documentos al sector público,Préstamos por línea,Saldos,D,En millones de USD,ME,1999-12-30,2026-09-22,0.0
1333,Documentos comprados otorgados al sector público,Préstamos por línea,Saldos,D,En millones de USD,ME,1999-12-30,2026-09-22,0.0
1334,Préstamos hipotecarios otorgados al sector público,Préstamos por línea,Saldos,D,En millones de USD,ME,1999-12-30,2026-09-22,0.0
1335,Préstamos prendarios otorgados al sector público,Préstamos por línea,Saldos,D,En millones de USD,ME,1999-12-30,2026-09-22,0.0
1336,Préstamos personales otorgados al sector público,Préstamos por línea,Saldos,D,En millones de USD,ME,1999-12-30,2026-09-22,0.0
1337,Financiaciones mediante tarjetas de crédito al sector público,Préstamos por línea,Saldos,D,En millones de USD,ME,1999-12-30,2026-09-22,1.0
1338,Créditos documentarios otorgados al sector público,Préstamos por línea,Saldos,D,En millones de USD,ME,1999-12-30,2026-09-22,0.0
1339,"Otros préstamos otorgados al sector público (excluye adelantos, documentos, personales, hipotecarios, prendarios y tarjetas de crédito)",Préstamos por línea,Saldos,D,En millones de USD,ME,1999-12-30,2026-09-22,97.0
1340,Intereses documentados de préstamos al sector público,Préstamos por línea,Saldos,D,En millones de USD,ME,1999-12-30,2026-09-22,0.0
1341,Total de préstamos otorgados al sector privado,Préstamos por línea,Saldos,D,En millones de ARS,ML,1999-12-30,2026-09-22,107151673.0
1342,Total de préstamos de efectivo otorgados al sector privado,Préstamos por línea,Saldos,D,En millones de ARS,ML,1996-04-01,2026-09-22,106688424.0
1343,Adelantos en cuenta corriente otorgados al sector privado,Préstamos por línea,Saldos,D,En millones de ARS,ML,1996-04-01,2026-09-22,10150194.0
1344,Otros adelantos otorgados al sector privado,Préstamos por línea,Saldos,D,En millones de ARS,ML,1999-12-30,2026-09-22,656467.0
1345,Documentos a sola firma otorgados al sector privado,Préstamos por línea,Saldos,D,En millones de ARS,ML,1996-04-01,2026-09-22,17117456.0
1346,Descuento de documentos al sector privado,Préstamos por línea,Saldos,D,En millones de ARS,ML,1999-12-30,2026-09-22,7569228.0
1347,Documentos comprados otorgados al sector privado,Préstamos por línea,Saldos,D,En millones de ARS,ML,1999-12-30,2026-09-22,1384815.0
1348,Préstamos hipotecarios otorgados al sector privado,Préstamos por línea,Saldos,D,En millones de ARS,ML,1996-04-01,2026-09-22,8954648.0
1349,Préstamos prendarios otorgados al sector privado,Préstamos por línea,Saldos,D,En millones de ARS,ML,1996-04-01,2026-09-22,6492523.0
1350,Préstamos personales otorgados al sector privado,Préstamos por línea,Saldos,D,En millones de ARS,ML,1999-12-30,2026-09-22,22026206.0
1351,Financiaciones mediante tarjetas de crédito al sector privado,Préstamos por línea,Saldos,D,En millones de ARS,ML,1999-12-30,2026-09-22,24057054.0
1352,Créditos documentarios otorgados al sector privado,Préstamos por línea,Saldos,D,En millones de ARS,ML,1999-12-30,2026-09-22,233.0
1353,"Otros préstamos otorgados al sector privado (excluye adelantos, documentos, personales, hipotecarios, prendarios y tarjetas de crédito)",Préstamos por línea,Saldos,D,En millones de ARS,ML,1999-12-30,2026-09-22,8279600.0
1354,Intereses documentados de préstamos al sector privado,Préstamos por línea,Saldos,D,En millones de ARS,ML,1999-12-30,2026-09-22,814564.0
1355,Total de préstamos otorgados al sector privado,Préstamos por línea,Saldos,D,En millones de USD,ME,1999-12-30,2026-09-22,26173.0
1356,Total de préstamos totales de efectivo otorgados al sector privado,Préstamos por línea,Saldos,D,En millones de USD,ME,1996-04-01,2026-09-22,26126.0
1357,Adelantos en cuenta corriente otorgados al sector privado,Préstamos por línea,Saldos,D,En millones de USD,ME,1996-04-01,2026-09-22,0.0
1358,Otros adelantos otorgados al sector privado,Préstamos por línea,Saldos,D,En millones de USD,ME,1996-04-01,2026-09-22,223.0
1359,Documentos a sola firma otorgados al sector privado,Préstamos por línea,Saldos,D,En millones de USD,ME,1996-04-01,2026-09-22,19353.0
1360,Descuento de documentos al sector privado,Préstamos por línea,Saldos,D,En millones de USD,ME,1999-12-30,2026-09-22,0.0
1361,Documentos comprados otorgados al sector privado,Préstamos por línea,Saldos,D,En millones de USD,ME,1999-12-30,2026-09-22,17.0
1362,Préstamos hipotecarios otorgados al sector privado,Préstamos por línea,Saldos,D,En millones de USD,ME,1996-04-01,2026-09-22,833.0
1363,Préstamos prendarios otorgados al sector privado,Préstamos por línea,Saldos,D,En millones de USD,ME,1996-04-01,2026-09-22,1408.0
1364,Préstamos personales otorgados al sector privado,Préstamos por línea,Saldos,D,En millones de USD,ME,1999-12-30,2026-09-22,4.0
1365,Financiaciones mediante tarjetas de crédito al sector privado,Préstamos por línea,Saldos,D,En millones de USD,ME,1999-12-30,2026-09-22,751.0
1366,Créditos documentarios otorgados al sector privado,Préstamos por línea,Saldos,D,En millones de USD,ME,1999-12-30,2026-09-22,52.0
1367,"Otros préstamos otorgados al sector privado (excluye adelantos, documentos, personales, hipotecarios, prendarios y tarjetas de crédito)",Préstamos por línea,Saldos,D,En millones de USD,ME,1999-12-30,2026-09-22,3485.0
1368,Intereses documentados de préstamos al sector privado,Préstamos por línea,Saldos,D,En millones de USD,ME,1999-12-30,2026-09-22,4.0
1369,Depósitos totales del total de sectores,Depósitos por cuenta,Saldos,D,En millones de ARS,ML,1999-12-30,2026-09-22,174356315.0
1370,Depósitos totales de efectivo del total de sectores,Depósitos por cuenta,Saldos,D,En millones de ARS,ML,1999-12-30,2026-09-22,173954134.0
1371,Cuentas corrientes del total de sectores,Depósitos por cuenta,Saldos,D,En millones de ARS,ML,1996-01-02,2026-09-22,35188174.0
1372,Cuentas corrientes de un millón de pesos y más del total de sectores,Depósitos por cuenta,Saldos,D,En millones de ARS,ML,2003-01-02,2025-12-30,44927275.0
1373,Cuentas a la vista  del total de sectores,Depósitos por cuenta,Saldos,D,En millones de ARS,ML,1999-12-30,2026-09-22,1907451.0
1374,Cuentas a la vista de un millón de pesos y más del total de sectores,Depósitos por cuenta,Saldos,D,En millones de ARS,ML,2003-01-02,2025-12-30,496437.0
1375,Cajas de ahorro del total de sectores,Depósitos por cuenta,Saldos,D,En millones de ARS,ML,1996-01-02,2026-09-22,29124726.0
1376,Cajas de ahorro de un millón de pesos y más del total de sectores,Depósitos por cuenta,Saldos,D,En millones de ARS,ML,2003-01-02,2025-12-30,26551984.0
1377,Plazo fijo del total de sectores,Depósitos por cuenta,Saldos,D,En millones de ARS,ML,1996-01-02,2026-09-22,83504932.0
1378,Plazo fijo de hasta 59 días del total de sectores,Depósitos por cuenta,Saldos,D,En millones de ARS,ML,1996-01-02,2026-09-22,73099965.0
1379,Plazo fijo de 60 a 89 días del total de sectores,Depósitos por cuenta,Saldos,D,En millones de ARS,ML,1999-12-30,2026-09-22,5573202.0
1380,Plazo fijo de 90 a 179 días del total de sectores,Depósitos por cuenta,Saldos,D,En millones de ARS,ML,1999-12-30,2026-09-22,3270719.0
1381,Plazo fijo de 180 a 365 días del total de sectores,Depósitos por cuenta,Saldos,D,En millones de ARS,ML,1999-12-30,2026-09-22,1315321.0
1382,Plazo fijo de 366 días o más del total de sectores,Depósitos por cuenta,Saldos,D,En millones de ARS,ML,1999-12-30,2026-09-22,245724.0
1383,Cedros del total de sectores,Depósitos por cuenta,Saldos,D,En millones de ARS,ML,2003-01-02,2011-08-18,0.0
1384,Plazo fijo con cláusula cer/uva/uvi del total de sectores,Depósitos por cuenta,Saldos,D,En millones de ARS,ML,2003-01-31,2026-09-22,1123918.0
1385,Plazo fijo de un millón de pesos y más del total de sectores,Depósitos por cuenta,Saldos,D,En millones de ARS,ML,2003-01-02,2025-12-30,58290346.0
1386,Plazo fijo judiciales del total de sectores,Depósitos por cuenta,Saldos,D,En millones de ARS,ML,2003-01-02,2026-09-22,1510191.0
1387,Inversiones a plazo constante del total de sectores,Depósitos por cuenta,Saldos,D,En millones de ARS,ML,1999-12-30,2026-09-22,0.0
1388,Inversiones con opción de cancelación anticipada del total de sectores,Depósitos por cuenta,Saldos,D,En millones de ARS,ML,1999-12-30,2026-09-22,12021059.0
1389,Inversiones con opción de renovación por plazo determinado del total de sectores,Depósitos por cuenta,Saldos,D,En millones de ARS,ML,1999-12-30,2026-09-22,0.0
1390,Saldos inmovilizados del total de sectores,Depósitos por cuenta,Saldos,D,En millones de ARS,ML,1999-12-30,2026-09-22,169870.0
1391,Órdenes de pago del total de sectores,Depósitos por cuenta,Saldos,D,En millones de ARS,ML,1999-12-30,2026-09-22,5728.0
1392,Depósitos en garantía del total de sectores,Depósitos por cuenta,Saldos,D,En millones de ARS,ML,1999-12-30,2026-09-22,61766.0
1393,Depósitos vinculados con operaciones cambiarias del total de sectores,Depósitos por cuenta,Saldos,D,En millones de ARS,ML,1999-12-30,2026-09-22,0.0
1394,Otros depósitos (excluye vista y a plazo) del total de sectores,Depósitos por cuenta,Saldos,D,En millones de ARS,ML,1999-12-30,2026-09-22,929368.0
1395,Otros depósitos de un millón de pesos y más (excluye vista y a plazo) del total de sectores,Depósitos por cuenta,Saldos,D,En millones de ARS,ML,2003-01-02,2025-12-30,588360.0
1396,Otros depósitos reprogramados a canjearse por tít. públicos del total de sectores,Depósitos por cuenta,Saldos,D,En millones de ARS,ML,2003-01-02,2009-10-23,0.0
1397,Otros depósitos reprogramados con acciones judiciales iniciadas del total de sectores,Depósitos por cuenta,Saldos,D,En millones de ARS,ML,2003-01-02,2009-09-03,0.0
1398,Depósitos de títulos valores públicos del país del total de sectores,Depósitos por cuenta,Saldos,D,En millones de ARS,ML,1999-12-30,2026-09-22,402181.0
1399,Depósitos de títulos privados del total de sectores,Depósitos por cuenta,Saldos,D,En millones de ARS,ML,1999-12-30,2026-09-22,0.0
1400,Depósitos de otros activos financieros del total de sectores,Depósitos por cuenta,Saldos,D,En millones de ARS,ML,1999-12-30,2026-09-22,0.0
1401,Aceptaciones del total de sectores,Depósitos por cuenta,Saldos,D,En millones de ARS,ML,1999-12-30,2026-09-22,0.0
1402,Pasivos por préstamos vinculados con operaciones de comercio exterior  del total de sectores,Depósitos por cuenta,Saldos,D,En millones de ARS,ML,1999-12-30,2026-09-22,23.0
1403,Pasivos por préstamos vinculados con operaciones de comercio exterior con entidades locales del total de sectores,Depósitos por cuenta,Saldos,D,En millones de ARS,ML,2001-01-02,2026-09-22,23.0
1404,Pasivos por préstamos vinculados con operaciones de comercio exterior con entidades del exterior del total de sectores,Depósitos por cuenta,Saldos,D,En millones de ARS,ML,2001-01-02,2026-09-22,0.0
1405,Pasivos por préstamos no vinculados con operaciones de comercio exterior del total de sectores,Depósitos por cuenta,Saldos,D,En millones de ARS,ML,1999-12-30,2026-09-22,2160390.0
1406,Pasivos por préstamos no vinculados con operaciones de comercio exterior con entidades locales del total de sectores,Depósitos por cuenta,Saldos,D,En millones de ARS,ML,2001-01-02,2026-09-22,2160390.0
1407,Pasivos por préstamos no vinculados con operaciones de comercio exterior con entidades del exterior del total de sectores,Depósitos por cuenta,Saldos,D,En millones de ARS,ML,2001-01-02,2026-09-22,0.0
1408,Obligaciones negociables,Depósitos por cuenta,Saldos,D,En millones de ARS,ML,1999-12-30,2026-09-22,2629721.0
1409,Obligaciones subordinadas,Depósitos por cuenta,Saldos,D,En millones de ARS,ML,1999-12-30,2026-09-22,4517.0
1410,"Pasivos emergentes de operaciones a término, no originadas en operaciones de pase, por compras a término del total de sectores",Depósitos por cuenta,Saldos,D,En millones de ARS,ML,1999-12-30,2026-09-22,600.0
1411,"Pasivos emergentes de operaciones a término, no originadas en operaciones de pase, por compras al contado a liquidar del total de sectores",Depósitos por cuenta,Saldos,D,En millones de ARS,ML,1999-12-30,2026-09-22,1253609.0
1412,"Pasivos emergentes de operaciones a término, originadas en operaciones de pase, por compras a término del total de sectores",Depósitos por cuenta,Saldos,D,En millones de ARS,ML,1996-01-02,2026-09-22,3344878.0
1413,Pasivos pendientes de imputación por operaciones con fondos de terceros del total de sectores,Depósitos por cuenta,Saldos,D,En millones de ARS,ML,1999-12-30,2026-09-22,62375.0
1414,Depósitos totales del total de sectores,Depósitos por cuenta,Saldos,D,En millones de USD,ME,1999-12-30,2026-09-22,44735.0
1415,Depósitos totales de efectivo del total de sectores,Depósitos por cuenta,Saldos,D,En millones de USD,ME,1999-12-30,2026-09-22,44518.0
1416,Cuentas corriente del total de sectores,Depósitos por cuenta,Saldos,D,En millones de USD,ME,1996-01-02,2026-09-22,8.0
1417,Cuentas corrientes de un millón de dólaresy más del total de sectores,Depósitos por cuenta,Saldos,D,En millones de USD,ME,2003-01-02,2025-12-30,0.0
1418,Cuentas a la vista del total de sectores,Depósitos por cuenta,Saldos,D,En millones de USD,ME,1999-12-30,2026-09-22,309.0
1419,Cuentas a la vista de un millón de dólares y más del total de sectores,Depósitos por cuenta,Saldos,D,En millones de USD,ME,2003-01-02,2025-12-30,49.0
1420,Cajas de ahorro del total de sectores,Depósitos por cuenta,Saldos,D,En millones de USD,ME,1996-01-02,2026-09-22,30975.0
1421,Cajas de ahorros de un millón de dólares y más del total de sectores,Depósitos por cuenta,Saldos,D,En millones de USD,ME,2003-01-02,2025-12-30,8083.0
1422,Plazo fijo del total de sectores,Depósitos por cuenta,Saldos,D,En millones de USD,ME,1996-01-02,2026-09-22,12913.0
1423,Plazo fijo de hasta 59 días del total de sectores,Depósitos por cuenta,Saldos,D,En millones de USD,ME,1996-01-02,2026-09-22,7102.0
1424,Plazo fijo de 60 a 89 días del total de sectores,Depósitos por cuenta,Saldos,D,En millones de USD,ME,1999-12-30,2026-09-22,1515.0
1425,Plazo fijo de 90 a 179 días del total de sectores,Depósitos por cuenta,Saldos,D,En millones de USD,ME,1999-12-30,2026-09-22,2069.0
1426,Plazo fijo de 180 a 365 días del total de sectores,Depósitos por cuenta,Saldos,D,En millones de USD,ME,1999-12-30,2026-09-22,1777.0
1427,Plazo fijo de 366 días o mas del total de sectores,Depósitos por cuenta,Saldos,D,En millones de USD,ME,1999-12-30,2026-09-22,450.0
1428,Plazo fijo de un millón de dólares y más del total de sectores,Depósitos por cuenta,Saldos,D,En millones de USD,ME,2003-01-02,2025-12-30,4126.0
1429,Plazo fijo judiciales del total de sectores,Depósitos por cuenta,Saldos,D,En millones de USD,ME,2003-01-02,2026-09-22,518.0
1430,Inversiones a plazo constante del total de sectores,Depósitos por cuenta,Saldos,D,En millones de USD,ME,1999-12-30,2026-09-22,0.0
1431,Inversiones con opción de cancelación anticipada del total de sectores,Depósitos por cuenta,Saldos,D,En millones de USD,ME,1999-12-30,2026-09-22,50.0
1432,Inversiones con opción de renovación por plazo determinado del total de sectores,Depósitos por cuenta,Saldos,D,En millones de USD,ME,1999-12-30,2026-09-22,0.0
1433,Saldos inmovilizados del total de sectores,Depósitos por cuenta,Saldos,D,En millones de USD,ME,1999-12-30,2026-09-22,155.0
1434,Ordenes de pago del total de sectores,Depósitos por cuenta,Saldos,D,En millones de USD,ME,1999-12-30,2026-09-22,0.0
1435,Depósitos en garantía del total de sectores,Depósitos por cuenta,Saldos,D,En millones de USD,ME,1999-12-30,2026-09-22,3.0
1436,Depósitos vinculados con operaciones cambiarias del total de sectores,Depósitos por cuenta,Saldos,D,En millones de USD,ME,1999-12-30,2026-09-22,0.0
1437,Otros depósitos (excluye vista y a plazo) del total de sectores,Depósitos por cuenta,Saldos,D,En millones de USD,ME,1999-12-30,2026-09-22,105.0
1438,Otros depósitos de un millón de dólares y más (excluye vista y a plazo) del total de sectores,Depósitos por cuenta,Saldos,D,En millones de USD,ME,2003-01-02,2025-12-30,88.0
1439,Depósitos de títulos valores públicos del país del total de sectores,Depósitos por cuenta,Saldos,D,En millones de USD,ME,1999-12-30,2026-09-22,217.0
1440,Depósitos de títulos prívados del total de sectores,Depósitos por cuenta,Saldos,D,En millones de USD,ME,1999-12-30,2026-09-22,0.0
1441,Depósitos de otros activos financieros del total de sectores,Depósitos por cuenta,Saldos,D,En millones de USD,ME,1999-12-30,2026-09-22,0.0
1442,Aceptaciones del total de sectores,Depósitos por cuenta,Saldos,D,En millones de USD,ME,1999-12-30,2026-09-22,0.0
1443,Pasivos por préstamos vinculados con operaciones de comercio exterior,Depósitos por cuenta,Saldos,D,En millones de USD,ME,1999-12-30,2026-09-22,2065.0
1444,Pasivos por préstamos vinculados con operaciones de comercio exterior con entidades locales,Depósitos por cuenta,Saldos,D,En millones de USD,ME,2001-01-02,2026-09-22,0.0
1445,Pasivos por préstamos vinculados con operaciones de comercio exterior con entidades del exterior,Depósitos por cuenta,Saldos,D,En millones de USD,ME,2001-01-02,2026-09-22,2065.0
1446,Pasivos por préstamos no vinculados con operaciones de comercio exterior,Depósitos por cuenta,Saldos,D,En millones de USD,ME,1999-12-30,2026-09-22,730.0
1447,Pasivos por préstamos no vinculados con operaciones de comercio exterior con entidades locales,Depósitos por cuenta,Saldos,D,En millones de USD,ME,2001-01-02,2026-09-22,87.0
1448,Pasivos por préstamos no vinculados con operaciones de comercio exterior con entidades del exterior,Depósitos por cuenta,Saldos,D,En millones de USD,ME,2001-01-02,2026-09-22,643.0
1449,Obligaciones negociables,Depósitos por cuenta,Saldos,D,En millones de USD,ME,1999-12-30,2026-09-22,3455.0
1450,Obligaciones subordinadas,Depósitos por cuenta,Saldos,D,En millones de USD,ME,1999-12-30,2026-09-22,399.0
1451,"Pasivos emergentes de operaciones a término, no originadas en operaciones de pase, por compras a término del total de sectores",Depósitos por cuenta,Saldos,D,En millones de USD,ME,1999-12-30,2026-09-22,1.0
1452,"Pasivos emergentes de operaciones a término, no originadas en operaciones de pase, por compras al contado a liquidar del total de sectores",Depósitos por cuenta,Saldos,D,En millones de USD,ME,1999-12-30,2026-09-22,342.0
1453,"Pasivos emergentes de operaciones a término, originadas en operaciones de pase, por compras a término del total de sectores",Depósitos por cuenta,Saldos,D,En millones de USD,ME,1996-01-02,2026-09-22,0.0
1454,Pasivos pendientes de imputación por operaciones con fondos de terceros del total de sectores,Depósitos por cuenta,Saldos,D,En millones de USD,ME,1999-12-30,2026-09-22,421.0
1455,Depósitos totales del sector público,Depósitos por cuenta,Saldos,D,En millones de ARS,ML,1999-12-30,2026-09-22,51929899.0
1456,Depósitos totales de efectivo del sector público,Depósitos por cuenta,Saldos,D,En millones de ARS,ML,1999-12-30,2026-09-22,51929899.0
1457,Cuentas corrientes del sector público no financiero,Depósitos por cuenta,Saldos,D,En millones de ARS,ML,1996-01-02,2026-09-22,24493103.0
1458,Cuentas corrientes de un millón de pesosy más del sector público no financiero,Depósitos por cuenta,Saldos,D,En millones de ARS,ML,2003-01-02,2025-12-30,23518958.0
1459,Cuentas a la vista del sector público no financiero,Depósitos por cuenta,Saldos,D,En millones de ARS,ML,1999-12-30,2026-09-22,669112.0
1460,Cuentas a la vista de un millón de pesos y más del sector público no financiero,Depósitos por cuenta,Saldos,D,En millones de ARS,ML,2003-01-02,2025-12-30,324652.0
1461,Caja de ahorro del sector público no financiero,Depósitos por cuenta,Saldos,D,En millones de ARS,ML,1999-12-30,2026-09-22,941917.0
1462,Caja de ahorros de un millón de pesos y más del sector público no financiero,Depósitos por cuenta,Saldos,D,En millones de ARS,ML,2003-01-02,2025-12-30,1166316.0
1463,Plazo fijo del sector público no financiero,Depósitos por cuenta,Saldos,D,En millones de ARS,ML,1999-12-30,2026-09-22,14319269.0
1464,Plazo fijo de hasta 59 días del sector público no financiero,Depósitos por cuenta,Saldos,D,En millones de ARS,ML,1999-12-30,2026-09-22,9487258.0
1465,Plazo fijo de 60 a 89 días del sector público no financiero,Depósitos por cuenta,Saldos,D,En millones de ARS,ML,1999-12-30,2026-09-22,2838841.0
1466,Plazo fijo de 90 a 179 días del sector público no financiero,Depósitos por cuenta,Saldos,D,En millones de ARS,ML,1999-12-30,2026-09-22,1326063.0
1467,Plazo fijo de 180 a 365 días del sector público no financiero,Depósitos por cuenta,Saldos,D,En millones de ARS,ML,1999-12-30,2026-09-22,504796.0
1468,Plazo fijo de 366 días o mas del sector público no financiero,Depósitos por cuenta,Saldos,D,En millones de ARS,ML,1999-12-30,2026-09-22,162312.0
1469,Cedros del sector público,Depósitos por cuenta,Saldos,D,En millones de ARS,ML,2003-01-02,2011-08-18,0.0
1470,Plazo fijo con cláusula cer del sector público no financiero,Depósitos por cuenta,Saldos,D,En millones de ARS,ML,2003-01-31,2026-09-22,584034.0
1471,Plazo fijo de un millón de pesos y más del sector público no financiero,Depósitos por cuenta,Saldos,D,En millones de ARS,ML,2003-01-02,2025-12-30,6031450.0
1472,Plazo fijo judiciales del sector público no financiero,Depósitos por cuenta,Saldos,D,En millones de ARS,ML,2003-01-02,2026-09-22,676661.0
1473,Inversiones a plazo constante del sector público no financiero,Depósitos por cuenta,Saldos,D,En millones de ARS,ML,1999-12-30,2026-09-22,0.0
1474,Inversiones con opción de cancelación anticipada del sector público no financiero,Depósitos por cuenta,Saldos,D,En millones de ARS,ML,1999-12-30,2026-09-22,11169709.0
1475,Inversiones con opción de renovación por plazo determinado del sector público no financiero,Depósitos por cuenta,Saldos,D,En millones de ARS,ML,1999-12-30,2026-09-22,0.0
1476,Saldos inmovilizados del sector público no financiero,Depósitos por cuenta,Saldos,D,En millones de ARS,ML,1999-12-30,2026-09-22,2600.0
1477,Ordenes de pago del sector público no financiero,Depósitos por cuenta,Saldos,D,En millones de ARS,ML,1999-12-30,2026-09-22,81.0
1478,Depósitos en garantía del sector público no financiero,Depósitos por cuenta,Saldos,D,En millones de ARS,ML,1999-12-30,2026-09-22,2033.0
1479,Depósitos vinculados con operaciones cambiarias del sector público no financiero,Depósitos por cuenta,Saldos,D,En millones de ARS,ML,1999-12-30,2026-09-22,0.0
1480,Otros depósitos (excluye vista y a plazo) del sector público no financiero,Depósitos por cuenta,Saldos,D,En millones de ARS,ML,1996-01-02,2026-09-22,332075.0
1481,Otros depósitos de un millón de pesos y más (excluye vista y a plazo) del sector público no financiero,Depósitos por cuenta,Saldos,D,En millones de ARS,ML,2003-01-02,2025-12-30,206136.0
1482,Otros depósitos reprogramados a canjearse por tít. públicos del sector público no financiero,Depósitos por cuenta,Saldos,D,En millones de ARS,ML,2003-01-02,2009-10-23,0.0
1483,Otros depósitos reprogramados con acciones judiciales iniciadas del sector público no financiero,Depósitos por cuenta,Saldos,D,En millones de ARS,ML,2003-01-02,2009-09-03,0.0
1484,Depósitos de títulos valores públicos del país del sector público no financiero,Depósitos por cuenta,Saldos,D,En millones de ARS,ML,1999-12-30,2026-09-22,0.0
1485,Depósitos de títulos prívados del sector público no financiero,Depósitos por cuenta,Saldos,D,En millones de ARS,ML,1999-12-30,2026-09-22,0.0
1486,Depósitos de otros activos financieros del sector público no financiero,Depósitos por cuenta,Saldos,D,En millones de ARS,ML,1999-12-30,2026-09-22,0.0
1487,Utilización de fondos unificados (fuco) del sector público no financiero,Depósitos por cuenta,Saldos,D,En millones de ARS,ML,1996-01-02,2026-09-22,11041061.0
1488,Aceptaciones del sector público no financiero,Depósitos por cuenta,Saldos,D,En millones de ARS,ML,1999-12-30,2026-09-22,0.0
1489,"Pasivos emergentes de operaciones a término, no originadas en operaciones de pase, por compras a término del sector público",Depósitos por cuenta,Saldos,D,En millones de ARS,ML,1999-12-30,2026-09-22,0.0
1490,"Pasivos emergentes de operaciones a término, no originadas en operaciones de pase, por compras al contado a liquidar del sector público",Depósitos por cuenta,Saldos,D,En millones de ARS,ML,1999-12-30,2026-09-22,0.0
1491,"Pasivos emergentes de operaciones a término, originadas en operaciones de pase, por compras a término del sector público",Depósitos por cuenta,Saldos,D,En millones de ARS,ML,1999-12-30,2026-09-22,52074.0
1492,Pasivos pendientes de imputación por operaciones con fondos de terceros del sector público no financiero,Depósitos por cuenta,Saldos,D,En millones de ARS,ML,1999-12-30,2026-09-22,0.0
1493,Depósitos totales del sector público,Depósitos por cuenta,Saldos,D,En millones de ARS,ML,1999-12-30,2026-09-22,2633.0
1494,Depósitos totales de efectivo del sector público,Depósitos por cuenta,Saldos,D,En millones de ARS,ML,1999-12-30,2026-09-22,2633.0
1495,Cuentas corriente del sector público no financiero,Depósitos por cuenta,Saldos,D,En millones de USD,ME,1999-12-30,2026-09-22,0.0
1496,Cuentas corrientes de un millón de dólaresy más del sector público no financiero,Depósitos por cuenta,Saldos,D,En millones de USD,ME,2003-01-02,2025-12-30,0.0
1497,Cuentas a la vista del sector público no financiero,Depósitos por cuenta,Saldos,D,En millones de USD,ME,1999-12-30,2026-09-22,134.0
1498,Cuentas a la vista de un millón de dólares y más del sector público no financiero,Depósitos por cuenta,Saldos,D,En millones de USD,ME,2003-01-02,2025-12-30,16.0
1499,Cajas de ahorro del sector público no financiero,Depósitos por cuenta,Saldos,D,En millones de USD,ME,1999-12-30,2026-09-22,1214.0
1500,Cajas de ahorros de un millón de dólares y más del sector público no financiero,Depósitos por cuenta,Saldos,D,En millones de USD,ME,2003-01-02,2025-12-30,1913.0
1501,Plazo fijo del sector público no financiero,Depósitos por cuenta,Saldos,D,En millones de USD,ME,1999-12-30,2026-09-22,1284.0
1502,Plazo fijo de hasta 59 días del sector público no financiero,Depósitos por cuenta,Saldos,D,En millones de USD,ME,1999-12-30,2026-09-22,303.0
1503,Plazo fijo de 60 a 89 días del sector público no financiero,Depósitos por cuenta,Saldos,D,En millones de USD,ME,1999-12-30,2026-09-22,487.0
1504,Plazo fijo de 90 a 179 días del sector público no financiero,Depósitos por cuenta,Saldos,D,En millones de USD,ME,1999-12-30,2026-09-22,253.0
1505,Plazo fijo de 180 a 365 días del sector público no financiero,Depósitos por cuenta,Saldos,D,En millones de USD,ME,1999-12-30,2026-09-22,239.0
1506,Plazo fijo de 366 días o mas del sector público no financiero,Depósitos por cuenta,Saldos,D,En millones de USD,ME,1999-12-30,2026-09-22,2.0
1507,Plazo fijo de un millón de dólares y más del sector público no financiero,Depósitos por cuenta,Saldos,D,En millones de USD,ME,2003-01-02,2025-12-30,485.0
1508,Plazo fijo judiciales del sector público no financiero,Depósitos por cuenta,Saldos,D,En millones de USD,ME,2003-01-02,2026-09-22,132.0
1509,Inversiones a plazo constante del sector público no financiero,Depósitos por cuenta,Saldos,D,En millones de USD,ME,1999-12-30,2026-09-22,0.0
1510,Inversiones con opción de cancelación anticipada del sector público no financiero,Depósitos por cuenta,Saldos,D,En millones de USD,ME,1999-12-30,2026-09-22,0.0
1511,Inversiones con opción de renovación por plazo determinado del sector público no financiero,Depósitos por cuenta,Saldos,D,En millones de USD,ME,1999-12-30,2026-09-22,0.0
1512,Saldos inmovilizados del sector público no financiero,Depósitos por cuenta,Saldos,D,En millones de USD,ME,1999-12-30,2026-09-22,1.0
1513,Ordenes de pago del sector público no financiero,Depósitos por cuenta,Saldos,D,En millones de USD,ME,1999-12-30,2026-09-22,0.0
1514,Depósitos en garantía del sector público no financiero,Depósitos por cuenta,Saldos,D,En millones de USD,ME,1999-12-30,2026-09-22,0.0
1515,Depósitos vinculados con operaciones cambiarias del sector público no financiero,Depósitos por cuenta,Saldos,D,En millones de USD,ME,1999-12-30,2026-09-22,0.0
1516,Otros depósitos (excluye vista y a plazo) del sector público no financiero,Depósitos por cuenta,Saldos,D,En millones de USD,ME,1999-12-30,2026-09-22,0.0
1517,Otros depósitos de un millón de dólares y más (excluye vista y a plazo) del sector público no financiero,Depósitos por cuenta,Saldos,D,En millones de USD,ME,2003-01-02,2025-12-30,0.0
1518,Depósitos de títulos valores públicos del país del sector público no financiero,Depósitos por cuenta,Saldos,D,En millones de USD,ME,1999-12-30,2026-09-22,0.0
1519,Depósitos de títulos prívados del sector público no financiero,Depósitos por cuenta,Saldos,D,En millones de USD,ME,1999-12-30,2026-09-22,0.0
1520,Depósitos de otros activos financieros del sector público no financiero,Depósitos por cuenta,Saldos,D,En millones de USD,ME,1999-12-30,2026-09-22,0.0
1521,Aceptaciones del sector público no financiero,Depósitos por cuenta,Saldos,D,En millones de USD,ME,1999-12-30,2026-09-22,0.0
1522,"Pasivos emergentes de operaciones a término, no originadas en operaciones de pase, por compras a término del sector público",Depósitos por cuenta,Saldos,D,En millones de USD,ME,1999-12-30,2026-09-22,0.0
1523,"Pasivos emergentes de operaciones a término, no originadas en operaciones de pase, por compras al contado a liquidar del sector público",Depósitos por cuenta,Saldos,D,En millones de USD,ME,1999-12-30,2026-09-22,0.0
1524,"Pasivos emergentes de operaciones a término, originadas en operaciones de pase, por compras a término del sector público",Depósitos por cuenta,Saldos,D,En millones de USD,ME,1999-12-30,2026-09-22,0.0
1525,Pasivos pendientes de imputación por operaciones con fondos de terceros del sector público no financiero,Depósitos por cuenta,Saldos,D,En millones de USD,ME,1999-12-30,2026-09-22,0.0
1526,Depósitos totales del sector privado,Depósitos por cuenta,Saldos,D,En millones de ARS,ML,1999-12-30,2026-09-22,121519814.0
1527,Depósitos totales de efectivo del sector privado,Depósitos por cuenta,Saldos,D,En millones de ARS,ML,1999-12-30,2026-09-22,121437227.0
1528,Cuentas corriente del sector privado no financiero,Depósitos por cuenta,Saldos,D,En millones de ARS,ML,1996-01-02,2026-09-22,21660444.0
1529,Cuentas corrientes de un millón de pesosy más del sector privado no financiero,Depósitos por cuenta,Saldos,D,En millones de ARS,ML,2003-01-02,2025-12-30,21263802.0
1530,Cuentas a la vista del sector privado no financiero,Depósitos por cuenta,Saldos,D,En millones de ARS,ML,1999-12-30,2026-09-22,1227518.0
1531,Cuentas a la vista de un millón de pesos y más del sector privado no financiero,Depósitos por cuenta,Saldos,D,En millones de ARS,ML,2003-01-02,2025-12-30,171336.0
1532,Cajas de ahorro del sector privado no financiero,Depósitos por cuenta,Saldos,D,En millones de ARS,ML,1999-12-30,2026-09-22,28033552.0
1533,Cajas de ahorros de un millón de pesos y más del sector privado no financiero,Depósitos por cuenta,Saldos,D,En millones de ARS,ML,2003-01-02,2025-12-30,25287309.0
1534,Plazo fijo del sector privado no financiero,Depósitos por cuenta,Saldos,D,En millones de ARS,ML,1999-12-30,2026-09-22,68850046.0
1535,Plazo fijo de hasta 59 días del sector privado no financiero,Depósitos por cuenta,Saldos,D,En millones de ARS,ML,1999-12-30,2026-09-22,63297605.0
1536,Plazo fijo de 60 a 89 días del sector privado no financiero,Depósitos por cuenta,Saldos,D,En millones de ARS,ML,1999-12-30,2026-09-22,2734335.0
1537,Plazo fijo de 90 a 179 días del sector privado no financiero,Depósitos por cuenta,Saldos,D,En millones de ARS,ML,1999-12-30,2026-09-22,1924281.0
1538,Plazo fijo de 180 a 365 días del sector privado no financiero,Depósitos por cuenta,Saldos,D,En millones de ARS,ML,1999-12-30,2026-09-22,810434.0
1539,Plazo fijo de 366 días o mas del sector privado no financiero,Depósitos por cuenta,Saldos,D,En millones de ARS,ML,1999-12-30,2026-09-22,83391.0
1540,Cedros del sector privado,Depósitos por cuenta,Saldos,D,En millones de ARS,ML,2003-01-02,2011-08-18,0.0
1541,Plazo fijo con cláusula cer del sector privado no financiero,Depósitos por cuenta,Saldos,D,En millones de ARS,ML,2003-01-31,2026-09-22,524567.0
1542,Plazo fijo de un millón de pesos y más del sector privado no financiero,Depósitos por cuenta,Saldos,D,En millones de ARS,ML,2003-01-02,2025-12-30,51984064.0
1543,Plazo fijo judiciales del sector privado no financiero,Depósitos por cuenta,Saldos,D,En millones de ARS,ML,2003-01-02,2026-09-22,831518.0
1544,Inversiones a plazo constante del sector privado no financiero,Depósitos por cuenta,Saldos,D,En millones de ARS,ML,1999-12-30,2026-09-22,0.0
1545,Inversiones con opción de cancelación anticipada del sector privado no financiero,Depósitos por cuenta,Saldos,D,En millones de ARS,ML,1999-12-30,2026-09-22,851350.0
1546,Inversiones con opción de renovación por plazo determinado del sector privado no financiero,Depósitos por cuenta,Saldos,D,En millones de ARS,ML,1999-12-30,2026-09-22,0.0
1547,Saldos inmovilizados del sector privado no financiero,Depósitos por cuenta,Saldos,D,En millones de ARS,ML,1999-12-30,2026-09-22,167244.0
1548,Ordenes de pago del sector privado no financiero,Depósitos por cuenta,Saldos,D,En millones de ARS,ML,1999-12-30,2026-09-22,4844.0
1549,Depósitos en garantía del sector privado no financiero,Depósitos por cuenta,Saldos,D,En millones de ARS,ML,1999-12-30,2026-09-22,59728.0
1550,Depósitos vinculados con operaciones cambiarias del sector privado no financiero,Depósitos por cuenta,Saldos,D,En millones de ARS,ML,1999-12-30,2026-09-22,0.0
1551,Otros depósitos (excluye vista y a plazo) del sector privado no financiero,Depósitos por cuenta,Saldos,D,En millones de ARS,ML,1999-12-30,2026-09-22,582501.0
1552,Otros depósitos de un millón de pesos y más (excluye vista y a plazo) del sector privado no financiero,Depósitos por cuenta,Saldos,D,En millones de ARS,ML,2003-01-02,2025-12-30,377183.0
1553,Otros depósitos reprogramados a canjearse por tít. públicos del sector privado no financiero,Depósitos por cuenta,Saldos,D,En millones de ARS,ML,2003-01-02,2009-10-23,0.0
1554,Otros depósitos reprogramados con acciones judiciales iniciadas del sector privado no financiero,Depósitos por cuenta,Saldos,D,En millones de ARS,ML,2003-01-02,2009-09-03,0.0
1555,Depósitos de títulos valores públicos del país del sector privado no financiero,Depósitos por cuenta,Saldos,D,En millones de ARS,ML,1999-12-30,2026-09-22,82588.0
1556,Depósitos de títulos prívados del sector privado no financiero,Depósitos por cuenta,Saldos,D,En millones de ARS,ML,1999-12-30,2026-09-22,0.0
1557,Depósitos de otros activos financieros del sector privado no financiero,Depósitos por cuenta,Saldos,D,En millones de ARS,ML,1999-12-30,2026-09-22,0.0
1558,Aceptaciones del sector privado no financiero,Depósitos por cuenta,Saldos,D,En millones de ARS,ML,1999-12-30,2026-09-22,0.0
1559,"Pasivos emergentes de operaciones a término, no originadas en operaciones de pase, por compras a término del sector privado",Depósitos por cuenta,Saldos,D,En millones de ARS,ML,1999-12-30,2026-09-22,0.0
1560,"Pasivos emergentes de operaciones a término, no originadas en operaciones de pase, por compras al contado a liquidar del sector privado",Depósitos por cuenta,Saldos,D,En millones de ARS,ML,1999-12-30,2026-09-22,387788.0
1561,"Pasivos emergentes de operaciones a término, originadas en operaciones de pase, por compras a término del sector privado",Depósitos por cuenta,Saldos,D,En millones de ARS,ML,1999-12-30,2026-09-22,2854.0
1562,Pasivos pendientes de imputación por operaciones con fondos de terceros del sector privado,Depósitos por cuenta,Saldos,D,En millones de ARS,ML,1999-12-30,2026-09-22,126.0
1563,Depósitos totales y otros pasivos de las entidades financieras del sector privado no financiero,Depósitos por cuenta,Saldos,D,En millones de USD,ME,1999-12-30,2026-09-22,41789.0
1564,Depósitos totales de efectivo del sector privado no financiero,Depósitos por cuenta,Saldos,D,En millones de USD,ME,1999-12-30,2026-09-22,41756.0
1565,Cuentas corriente del sector privado no financiero,Depósitos por cuenta,Saldos,D,En millones de USD,ME,1999-12-30,2026-09-22,7.0
1566,Cuentas corrientes de un millón de dólaresy más del sector privado no financiero,Depósitos por cuenta,Saldos,D,En millones de USD,ME,2003-01-02,2025-12-30,0.0
1567,Cuentas a la vista del sector privado no financiero,Depósitos por cuenta,Saldos,D,En millones de USD,ME,1999-12-30,2026-09-22,143.0
1568,Cuentas a la vista de un millón de dólares y más del sector privado no financiero,Depósitos por cuenta,Saldos,D,En millones de USD,ME,2003-01-02,2025-12-30,4.0
1569,Cajas de ahorro del sector privado no financiero,Depósitos por cuenta,Saldos,D,En millones de USD,ME,1999-12-30,2026-09-22,29677.0
1570,Cajas de ahorros de un millón de dólares y más del sector privado no financiero,Depósitos por cuenta,Saldos,D,En millones de USD,ME,2003-01-02,2025-12-30,6115.0
1571,Plazo fijo del sector privado no financiero,Depósitos por cuenta,Saldos,D,En millones de USD,ME,1999-12-30,2026-09-22,11625.0
1572,Plazo fijo de hasta 59 días del sector privado no financiero,Depósitos por cuenta,Saldos,D,En millones de USD,ME,1999-12-30,2026-09-22,6795.0
1573,Plazo fijo de 60 a 89 días del sector privado no financiero,Depósitos por cuenta,Saldos,D,En millones de USD,ME,1999-12-30,2026-09-22,1028.0
1574,Plazo fijo de 90 a 179 días del sector privado no financiero,Depósitos por cuenta,Saldos,D,En millones de USD,ME,1999-12-30,2026-09-22,1816.0
1575,Plazo fijo de 180 a 365 días del sector privado no financiero,Depósitos por cuenta,Saldos,D,En millones de USD,ME,1999-12-30,2026-09-22,1538.0
1576,Plazo fijo de 366 días o mas del sector privado no financiero,Depósitos por cuenta,Saldos,D,En millones de USD,ME,1999-12-30,2026-09-22,448.0
1577,Plazo fijo de un millón de dólares y más del sector privado no financiero,Depósitos por cuenta,Saldos,D,En millones de USD,ME,2003-01-02,2025-12-30,3621.0
1578,Plazo fijo judiciales del sector privado no financiero,Depósitos por cuenta,Saldos,D,En millones de USD,ME,2003-01-02,2026-09-22,383.0
1579,Inversiones a plazo constante del sector privado no financiero,Depósitos por cuenta,Saldos,D,En millones de USD,ME,1999-12-30,2026-09-22,0.0
1580,Inversiones con opción de cancelación anticipada del sector privado no financiero,Depósitos por cuenta,Saldos,D,En millones de USD,ME,1999-12-30,2026-09-22,50.0
1581,Inversiones con opción de renovación por plazo determinado del sector privado no financiero,Depósitos por cuenta,Saldos,D,En millones de USD,ME,1999-12-30,2026-09-22,0.0
1582,Inmovilizados del sector privado no financiero,Depósitos por cuenta,Saldos,D,En millones de USD,ME,1999-12-30,2026-09-22,154.0
1583,Ordenes de pago del sector privado no financiero,Depósitos por cuenta,Saldos,D,En millones de USD,ME,1999-12-30,2026-09-22,0.0
1584,En garantía del sector privado no financiero,Depósitos por cuenta,Saldos,D,En millones de USD,ME,1999-12-30,2026-09-22,3.0
1585,Vinculados con operaciones cambiarias del sector privado no financiero,Depósitos por cuenta,Saldos,D,En millones de USD,ME,1999-12-30,2026-09-22,0.0
1586,Otros depósitos (excluye vista y a plazo) del sector privado no financiero,Depósitos por cuenta,Saldos,D,En millones de USD,ME,1999-12-30,2026-09-22,97.0
1587,Otros depósitos de un millón de dólares y más (excluye vista y a plazo) del sector privado no financiero,Depósitos por cuenta,Saldos,D,En millones de USD,ME,2003-01-02,2025-12-30,88.0
1588,Títulos valores públicos del país del sector privado no financiero,Depósitos por cuenta,Saldos,D,En millones de USD,ME,1999-12-30,2026-09-22,33.0
1589,Títulos privados del sector privado no financiero,Depósitos por cuenta,Saldos,D,En millones de USD,ME,1999-12-30,2026-09-22,0.0
1590,Otros activos financieros del sector privado no financiero,Depósitos por cuenta,Saldos,D,En millones de USD,ME,1999-12-30,2026-09-22,0.0
1591,Aceptaciones del sector privado no financiero,Depósitos por cuenta,Saldos,D,En millones de USD,ME,1999-12-30,2026-09-22,0.0
1592,"Pasivos emergentes de operaciones a término, no originadas en operaciones de pase, por compras a término del sector privado no financiero",Depósitos por cuenta,Saldos,D,En millones de USD,ME,1999-12-30,2026-09-22,0.0
1593,"Pasivos emergentes de operaciones a término, no originadas en operaciones de pase, por compras al contado a liquidar del sector privado no financiero",Depósitos por cuenta,Saldos,D,En millones de USD,ME,1999-12-30,2026-09-22,14.0
1594,"Pasivos emergentes de operaciones a término, originadas en operaciones de pase, por compras a término del sector privado no financiero",Depósitos por cuenta,Saldos,D,En millones de USD,ME,1999-12-30,2026-09-22,0.0
1595,Pasivos pendientes de imputación por operaciones con fondos de terceros del sector privado no financiero,Depósitos por cuenta,Saldos,D,En millones de USD,ME,1999-12-30,2026-09-22,457.0
1596,Plazos fijos de unidades de valor adquisitivo mayores a 1 millón del total de sectores,Depósitos por cuenta,Saldos,D,En millones de ARS,ML,2018-01-02,2025-12-30,89132.0
1597,Inversiones con opción de cancelación anticipada de unidades de valor adquisitivo del total de sectores,Depósitos por cuenta,Saldos,D,En millones de ARS,ML,2018-01-02,2026-09-22,755654.0
1598,Plazos fijos de unidades de valor adquisitivo mayores a 1 millón del sector público no financiero,Depósitos por cuenta,Saldos,D,En millones de ARS,ML,2018-01-02,2025-12-30,5165.0
1599,Inversiones con opción de cancelación anticipada de unidades de valor adquisitivo del sector público no financiero,Depósitos por cuenta,Saldos,D,En millones de ARS,ML,2018-01-02,2026-09-22,0.0
1600,Plazos fijos de unidades de valor adquisitivo mayores a 1 millón del sector privado no financiero,Depósitos por cuenta,Saldos,D,En millones de ARS,ML,2018-01-02,2025-12-30,83962.0
1601,Inversiones con opción de cancelación anticipada de unidades de valor adquisitivo del sector privado no financiero,Depósitos por cuenta,Saldos,D,En millones de ARS,ML,2018-01-02,2026-09-22,755654.0
1602,Tipo de cambio para valuación de activos y pasivos de entidades financieras,Depósitos por cuenta,Tipo de cambio,D,Pesos argentinos por dólar estadounidense,ML,1996-01-02,2002-03-01,2.15
1603,Tipo de cambio para valuación de activos y pasivos de entidades financieras,Préstamos por línea,Tipo de cambio,D,Pesos argentinos por dólar estadounidense,ML,1996-01-02,2002-03-01,2.15
1604,Tipo de cambio para valuación de activos y pasivos del BCRA,Activos y pasivos del BCRA,Tipo de cambio,D,Pesos argentinos por dólar estadounidense,ML,1996-01-02,2004-03-26,2.882
1605,Reservas internacionales,Activos y pasivos del BCRA,Saldos,M,En millones de USD,ME,1940-02-29,2026-08-31,48259.0
1606,Base monetaria,Agregados monetarios y sus componentes,Saldos,M,En miles de ARS,ML,1940-06-30,2026-07-31,46193621743.0
1607,Circulación monetaria,Agregados monetarios y sus componentes,Saldos,M,En miles de ARS,ML,1940-06-30,2026-07-31,28793896044.0
1608,Billetes y monedas en poder del público,Agregados monetarios y sus componentes,Saldos,M,En miles de ARS,ML,1940-06-30,2026-07-31,26525187340.0
1609,Efectivo en entidades financieras,Agregados monetarios y sus componentes,Saldos,M,En miles de ARS,ML,1940-06-30,2026-07-31,2268708704.0
1610,Depósitos de las entidades financieras en cuenta corriente en el BCRA,Agregados monetarios y sus componentes,Saldos,M,En miles de ARS,ML,1940-06-30,2026-07-31,17399725699.0
1611,M1 en moneda local y extranjera,Agregados monetarios y sus componentes,Saldos,M,En miles de ARS,MEyML,1940-06-30,2026-07-31,60070409180.0
1612,M1 en moneda local,Agregados monetarios y sus componentes,Saldos,M,En miles de ARS,ML,1940-06-30,2026-07-31,60027636538.0
1613,Cuentas corrientes del sector privado,Agregados monetarios y sus componentes,Saldos,M,En miles de ARS,ML,1940-06-30,2026-07-31,22446107259.0
1614,Cuentas corrientes del sector público,Agregados monetarios y sus componentes,Saldos,M,En miles de ARS,ML,1940-06-30,2026-07-31,11056341939.0
1615,Cuentas corrientes del sector privado,Agregados monetarios y sus componentes,Saldos,M,En miles de ARS,ME,1981-01-31,2026-07-31,28607352.0
1616,Cuentas corrientes del sector público,Agregados monetarios y sus componentes,Saldos,M,En miles de ARS,ME,1981-01-31,2026-07-31,14165290.0
1617,M2 en moneda local y extranjera,Agregados monetarios y sus componentes,Saldos,M,En miles de ARS,MEyML,1940-06-30,2026-07-31,140275091422.0
1618,M2 en moneda local,Agregados monetarios y sus componentes,Saldos,M,En miles de ARS,ML,1940-06-30,2026-07-31,95244328999.0
1619,Cajas de ahorro del sector privado,Agregados monetarios y sus componentes,Saldos,M,En miles de ARS,ML,1940-06-30,2026-07-31,34152741359.0
1620,Cajas de ahorro del sector público,Agregados monetarios y sus componentes,Saldos,M,En miles de ARS,ML,1990-01-31,2026-07-31,1063951102.0
1621,Cajas de ahorro del sector privado,Agregados monetarios y sus componentes,Saldos,M,En miles de ARS,ME,1991-04-30,2026-07-31,42822887334.0
1622,Cajas de ahorro del sector público,Agregados monetarios y sus componentes,Saldos,M,En miles de ARS,ME,1991-04-30,2026-07-31,2165102447.0
1623,M3 en moneda local y extranjera,Agregados monetarios y sus componentes,Saldos,M,En miles de ARS,MEyML,1940-06-30,2026-07-31,251312757718.0
1624,M3 en moneda local,Agregados monetarios y sus componentes,Saldos,M,En miles de ARS,ML,1940-06-30,2026-07-31,186888848462.0
1625,Depósitos a plazo fijo del sector privado,Agregados monetarios y sus componentes,Saldos,M,En miles de ARS,ML,1940-06-30,2026-07-31,66419663197.0
1626,Depósitos a plazo fijo del sector público,Agregados monetarios y sus componentes,Saldos,M,En miles de ARS,ML,1990-01-31,2026-07-31,22277276812.0
1627,Otros depósitos del sector privado,Agregados monetarios y sus componentes,Saldos,M,En miles de ARS,ML,1940-06-30,2026-07-31,1914468494.0
1628,Otros depósitos del sector público,Agregados monetarios y sus componentes,Saldos,M,En miles de ARS,ML,1990-01-31,2026-07-31,1033110960.0
1629,Aceptaciones,Agregados monetarios y sus componentes,Saldos,M,En miles de ARS,ML,1970-01-31,2026-07-31,0.0
1630,Depósitos a plazo fijo del sector privado,Agregados monetarios y sus componentes,Saldos,M,En miles de ARS,ME,1980-08-31,2026-07-31,16579271884.0
1631,Depósitos a plazo fijo del sector público,Agregados monetarios y sus componentes,Saldos,M,En miles de ARS,ME,1990-01-31,2026-07-31,2016425304.0
1632,Otros depósitos del sector privado,Agregados monetarios y sus componentes,Saldos,M,En miles de ARS,ME,1990-01-31,2026-07-31,608062757.0
1633,Otros depósitos del sector público,Agregados monetarios y sus componentes,Saldos,M,En miles de ARS,ME,1990-01-31,2026-07-31,189386888.0
